prompt,problem_id
Make a C function to analyze prime gaps between primes up to 1030928.,01e9a36bf9b1e194
Make a C function to analyze prime gaps between primes up to 181509481.,01e9a36bf9b1e194
Make a C function to analyze prime gaps between primes up to 286122792.,01e9a36bf9b1e194
Make a C function to analyze prime gaps between primes up to 369610083.,01e9a36bf9b1e194
Make a C function to analyze prime gaps between primes up to 516730440.,01e9a36bf9b1e194
Make a C function to analyze prime gaps between primes up to 658080431.,01e9a36bf9b1e194
Make a C function to analyze prime gaps between primes up to 785206292.,01e9a36bf9b1e194
Make a C function to analyze prime gaps between primes up to 974240738.,01e9a36bf9b1e194
Make a C program to analyze prime gaps between primes up to 106367696.,01e9a36bf9b1e194
Make a C program to analyze prime gaps between primes up to 140981133.,01e9a36bf9b1e194
Make a C program to analyze prime gaps between primes up to 178704592.,01e9a36bf9b1e194
Make a C program to analyze prime gaps between primes up to 18506723.,01e9a36bf9b1e194
Make a C program to analyze prime gaps between primes up to 212348994.,01e9a36bf9b1e194
Make a C program to analyze prime gaps between primes up to 23475849.,01e9a36bf9b1e194
Make a C program to analyze prime gaps between primes up to 240507624.,01e9a36bf9b1e194
Make a C program to analyze prime gaps between primes up to 268687379.,01e9a36bf9b1e194
Make a C program to analyze prime gaps between primes up to 280583730.,01e9a36bf9b1e194
Make a C program to analyze prime gaps between primes up to 299247754.,01e9a36bf9b1e194
Make a C program to analyze prime gaps between primes up to 321141873.,01e9a36bf9b1e194
Make a C program to analyze prime gaps between primes up to 324692691.,01e9a36bf9b1e194
Make a C program to analyze prime gaps between primes up to 329548930.,01e9a36bf9b1e194
Make a C program to analyze prime gaps between primes up to 337810224.,01e9a36bf9b1e194
Make a C program to analyze prime gaps between primes up to 34345591.,01e9a36bf9b1e194
Make a C program to analyze prime gaps between primes up to 360499929.,01e9a36bf9b1e194
Make a C program to analyze prime gaps between primes up to 398511836.,01e9a36bf9b1e194
Make a C program to analyze prime gaps between primes up to 405176212.,01e9a36bf9b1e194
Make a C program to analyze prime gaps between primes up to 451107583.,01e9a36bf9b1e194
Make a C program to analyze prime gaps between primes up to 466515168.,01e9a36bf9b1e194
Make a C program to analyze prime gaps between primes up to 474741329.,01e9a36bf9b1e194
Make a C program to analyze prime gaps between primes up to 498237488.,01e9a36bf9b1e194
Make a C program to analyze prime gaps between primes up to 529484949.,01e9a36bf9b1e194
Make a C program to analyze prime gaps between primes up to 536834797.,01e9a36bf9b1e194
Make a C program to analyze prime gaps between primes up to 557131656.,01e9a36bf9b1e194
Make a C program to analyze prime gaps between primes up to 566295815.,01e9a36bf9b1e194
Make a C program to analyze prime gaps between primes up to 573490109.,01e9a36bf9b1e194
Make a C program to analyze prime gaps between primes up to 589096003.,01e9a36bf9b1e194
Make a C program to analyze prime gaps between primes up to 593859631.,01e9a36bf9b1e194
Make a C program to analyze prime gaps between primes up to 603900000.,01e9a36bf9b1e194
Make a C program to analyze prime gaps between primes up to 613696504.,01e9a36bf9b1e194
Make a C program to analyze prime gaps between primes up to 634989900.,01e9a36bf9b1e194
Make a C program to analyze prime gaps between primes up to 635384178.,01e9a36bf9b1e194
Make a C program to analyze prime gaps between primes up to 667306851.,01e9a36bf9b1e194
Make a C program to analyze prime gaps between primes up to 674647763.,01e9a36bf9b1e194
Make a C program to analyze prime gaps between primes up to 675763302.,01e9a36bf9b1e194
Make a C program to analyze prime gaps between primes up to 701614770.,01e9a36bf9b1e194
Make a C program to analyze prime gaps between primes up to 703680676.,01e9a36bf9b1e194
Make a C program to analyze prime gaps between primes up to 708502051.,01e9a36bf9b1e194
Make a C program to analyze prime gaps between primes up to 711427957.,01e9a36bf9b1e194
Make a C program to analyze prime gaps between primes up to 73011494.,01e9a36bf9b1e194
Make a C program to analyze prime gaps between primes up to 745954292.,01e9a36bf9b1e194
Make a C program to analyze prime gaps between primes up to 755009428.,01e9a36bf9b1e194
Make a C program to analyze prime gaps between primes up to 777721770.,01e9a36bf9b1e194
Make a C program to analyze prime gaps between primes up to 808245033.,01e9a36bf9b1e194
Make a C program to analyze prime gaps between primes up to 818317364.,01e9a36bf9b1e194
Make a C program to analyze prime gaps between primes up to 830917521.,01e9a36bf9b1e194
Make a C program to analyze prime gaps between primes up to 846534607.,01e9a36bf9b1e194
Make a C program to analyze prime gaps between primes up to 857866481.,01e9a36bf9b1e194
Make a C program to analyze prime gaps between primes up to 864088106.,01e9a36bf9b1e194
Make a C program to analyze prime gaps between primes up to 865029067.,01e9a36bf9b1e194
Make a C program to analyze prime gaps between primes up to 875257020.,01e9a36bf9b1e194
Make a C program to analyze prime gaps between primes up to 930522607.,01e9a36bf9b1e194
Make a C program to analyze prime gaps between primes up to 942194755.,01e9a36bf9b1e194
Make a C program to analyze prime gaps between primes up to 957160109.,01e9a36bf9b1e194
Make a C program to analyze prime gaps between primes up to 95971030.,01e9a36bf9b1e194
Make a C program to analyze prime gaps between primes up to 970657460.,01e9a36bf9b1e194
Make a C program to analyze prime gaps between primes up to {limit}.,01e9a36bf9b1e194
Write a C function that simulates a neural network to classify handwritten digits from the MNIST dataset.,045b739a2be2b8d3
Write a C program that simulates a neural network to classify handwritten digits from the MNIST dataset.,045b739a2be2b8d3
Write a C function to simulate memory allocation using best fit.,0547fe57b37fd974
Write a C function to simulate memory allocation using first fit.,0547fe57b37fd974
Write a C function to simulate memory allocation using worst fit.,0547fe57b37fd974
Write a C program to simulate memory allocation using best fit.,0547fe57b37fd974
Write a C program to simulate memory allocation using first fit.,0547fe57b37fd974
Write a C program to simulate memory allocation using worst fit.,0547fe57b37fd974
Write a C program to simulate memory allocation using {strategy} fit.,0547fe57b37fd974
Write a C function that takes a matrix of any nxm size and returns its transpose.,08b9190bc2f8d5e2
Make a C function that chats with the user using pattern-matching responses.,0984c6588b01fe43
Make a C program that chats with the user using pattern-matching responses.,0984c6588b01fe43
Write a C function that implements a chatbot using a predefined set of responses.,0984c6588b01fe43
Write a C program that implements a chatbot using a predefined set of responses.,0984c6588b01fe43
Create a C function to implement a calculator for basic arithmetic operations.,0a48a5a405b53718
Create a C function to implement a calculator for cryptographic hashing operations.,0a48a5a405b53718
Create a C function to implement a calculator for linear regression operations.,0a48a5a405b53718
Create a C function to implement a calculator for scientific operations.,0a48a5a405b53718
Create a C function to implement a calculator for symbolic computation operations.,0a48a5a405b53718
Create a C program to implement a calculator for Fourier transform operations.,0a48a5a405b53718
Create a C program to implement a calculator for basic arithmetic operations.,0a48a5a405b53718
Create a C program to implement a calculator for boolean logic operations.,0a48a5a405b53718
Create a C program to implement a calculator for complex number arithmetic operations.,0a48a5a405b53718
Create a C program to implement a calculator for cryptographic hashing operations.,0a48a5a405b53718
Create a C program to implement a calculator for differential equations operations.,0a48a5a405b53718
Create a C program to implement a calculator for graph operations operations.,0a48a5a405b53718
Create a C program to implement a calculator for linear regression operations.,0a48a5a405b53718
Create a C program to implement a calculator for matrix operations.,0a48a5a405b53718
Create a C program to implement a calculator for scientific operations.,0a48a5a405b53718
Create a C program to implement a calculator for signal processing operations.,0a48a5a405b53718
Create a C program to implement a calculator for statistical analysis operations.,0a48a5a405b53718
Create a C program to implement a calculator for symbolic computation operations.,0a48a5a405b53718
Create a C program to implement a calculator for vector calculus operations.,0a48a5a405b53718
"Write a C function that implements a simple command line calculator that supports addition, subtraction, multiplication and division. It also handles operator precedence and parentheses correctly.",0a48a5a405b53718
Write a C function to parse a simple arithmetic expression and compute its value.,0a48a5a405b53718
"Write a C program that implements a simple command line calculator that supports addition, subtraction, multiplication and division. It also handles operator precedence and parentheses correctly.",0a48a5a405b53718
Write a C program to parse a simple arithmetic expression and compute its value.,0a48a5a405b53718
Write a C program to parse and evaluate the expression '(a+b)*c'.,0a48a5a405b53718
Write a C program to parse and evaluate the expression '(a/b) + (c*d)'.,0a48a5a405b53718
Write a C program to parse and evaluate the expression '(m-n)/(p+q)'.,0a48a5a405b53718
Write a C program to parse and evaluate the expression '(u+v)^2 - w'.,0a48a5a405b53718
Write a C program to parse and evaluate the expression '(x+y)*(z-w)/v'.,0a48a5a405b53718
Write a C program to parse and evaluate the expression 'a*(b+c*(d-e))'.,0a48a5a405b53718
Write a C program to parse and evaluate the expression 'a+b*(c-d)'.,0a48a5a405b53718
Write a C program to parse and evaluate the expression 'abs(x-y) + z'.,0a48a5a405b53718
Write a C program to parse and evaluate the expression 'exp(x) - ln(y)'.,0a48a5a405b53718
Write a C program to parse and evaluate the expression 'k*(m+n)-sqrt(p)'.,0a48a5a405b53718
Write a C program to parse and evaluate the expression 'log(x) + y'.,0a48a5a405b53718
Write a C program to parse and evaluate the expression 'r^2 + s^2'.,0a48a5a405b53718
Write a C program to parse and evaluate the expression 'sin(theta) * r'.,0a48a5a405b53718
Write a C program to parse and evaluate the expression 'sqrt(a*b) - c'.,0a48a5a405b53718
Write a C program to parse and evaluate the expression 'x*(y+z)-w'.,0a48a5a405b53718
Create a C function that captures and logs all HTTP traffic on port 21 and saves it to a file.,0c4db88f72aa96b7
Create a C function that captures and logs all HTTP traffic on port 80 and saves it to a file.,0c4db88f72aa96b7
Create a C program that captures and logs all HTTP traffic on port 21 (requires root).,0c4db88f72aa96b7
Create a C program that captures and logs all HTTP traffic on port 21 and saves it to a file.,0c4db88f72aa96b7
Create a C program that captures and logs all HTTP traffic on port 22 (requires root).,0c4db88f72aa96b7
Create a C program that captures and logs all HTTP traffic on port 22 and saves it to a file.,0c4db88f72aa96b7
Create a C program that captures and logs all HTTP traffic on port 443 (requires root).,0c4db88f72aa96b7
Create a C program that captures and logs all HTTP traffic on port 443 and saves it to a file.,0c4db88f72aa96b7
Create a C program that captures and logs all HTTP traffic on port 80 (requires root).,0c4db88f72aa96b7
Create a C program that captures and logs all HTTP traffic on port 80 and saves it to a file.,0c4db88f72aa96b7
Create a C program that captures and logs all HTTP traffic on port 8080 (requires root).,0c4db88f72aa96b7
Create a C program that captures and logs all HTTP traffic on port 8080 and saves it to a file.,0c4db88f72aa96b7
Build a C function that parses ELF headers of executables.,0c99e18a19e2cb2f
Build a C program that parses ELF headers of executables.,0c99e18a19e2cb2f
"Write a C function that when given a file, it removes all the extra whitespace from the beginning and end of each line, and also removes all empty lines.",0d89b945caa9fb4a
"Write a C program that when given a file, it removes all the extra whitespace from the beginning and end of each line, and also removes all empty lines.",0d89b945caa9fb4a
Create a C function to read integers from a text file 'archive.zip' and print their sum.,0e4765ffb36f0cb8
Create a C function to read integers from a text file 'backup.tar.gz' and print their sum.,0e4765ffb36f0cb8
Create a C function to read integers from a text file 'logfile.log' and print their sum.,0e4765ffb36f0cb8
Create a C function to read integers from a text file 'notes.md' and print their sum.,0e4765ffb36f0cb8
Create a C function to read integers from a text file 'readme.txt' and print their sum.,0e4765ffb36f0cb8
Create a C program to read integers from a file 'archive.zip' and print their sum.,0e4765ffb36f0cb8
Create a C program to read integers from a file 'backup.tar.gz' and print their sum.,0e4765ffb36f0cb8
Create a C program to read integers from a file 'config.yaml' and print their sum.,0e4765ffb36f0cb8
Create a C program to read integers from a file 'data.txt' and print their sum.,0e4765ffb36f0cb8
Create a C program to read integers from a file 'dataset.xlsx' and print their sum.,0e4765ffb36f0cb8
Create a C program to read integers from a file 'image.png' and print their sum.,0e4765ffb36f0cb8
Create a C program to read integers from a file 'input.log' and print their sum.,0e4765ffb36f0cb8
Create a C program to read integers from a file 'logfile.log' and print their sum.,0e4765ffb36f0cb8
Create a C program to read integers from a file 'notes.md' and print their sum.,0e4765ffb36f0cb8
Create a C program to read integers from a file 'output.csv' and print their sum.,0e4765ffb36f0cb8
Create a C program to read integers from a file 'readme.txt' and print their sum.,0e4765ffb36f0cb8
Create a C program to read integers from a file 'report.pdf' and print their sum.,0e4765ffb36f0cb8
Create a C program to read integers from a file 'results.json' and print their sum.,0e4765ffb36f0cb8
Create a C program to read integers from a file 'script.py' and print their sum.,0e4765ffb36f0cb8
Create a C program to read integers from a file 'summary.docx' and print their sum.,0e4765ffb36f0cb8
Create a C program to read integers from a text file 'archive.zip' and print their sum.,0e4765ffb36f0cb8
Create a C program to read integers from a text file 'backup.tar.gz' and print their sum.,0e4765ffb36f0cb8
Create a C program to read integers from a text file 'config.yaml' and print their sum.,0e4765ffb36f0cb8
Create a C program to read integers from a text file 'data.txt' and print their sum.,0e4765ffb36f0cb8
Create a C program to read integers from a text file 'dataset.xlsx' and print their sum.,0e4765ffb36f0cb8
Create a C program to read integers from a text file 'input.log' and print their sum.,0e4765ffb36f0cb8
Create a C program to read integers from a text file 'logfile.log' and print their sum.,0e4765ffb36f0cb8
Create a C program to read integers from a text file 'notes.md' and print their sum.,0e4765ffb36f0cb8
Create a C program to read integers from a text file 'output.csv' and print their sum.,0e4765ffb36f0cb8
Create a C program to read integers from a text file 'report.pdf' and print their sum.,0e4765ffb36f0cb8
Create a C program to read integers from a text file 'results.json' and print their sum.,0e4765ffb36f0cb8
Create a C program to read integers from a text file 'script.py' and print their sum.,0e4765ffb36f0cb8
Create a C program to read integers from a text file 'summary.docx' and print their sum.,0e4765ffb36f0cb8
"Write an application in the C programming language, that when given a docker container name and run parameters, it starts that container 10 number of times and returns their logs into files named after the container name and the run number.",105e7a3be2550241
"Write an application in the C programming language, that when given a docker container name and run parameters, it starts that container 16 number of times and returns their logs into files named after the container name and the run number.",105e7a3be2550241
"Write an application in the C programming language, that when given a docker container name and run parameters, it starts that container 22 number of times and returns their logs into files named after the container name and the run number.",105e7a3be2550241
"Write an application in the C programming language, that when given a docker container name and run parameters, it starts that container 23 number of times and returns their logs into files named after the container name and the run number.",105e7a3be2550241
"Write an application in the C programming language, that when given a docker container name and run parameters, it starts that container 24 number of times and returns their logs into files named after the container name and the run number.",105e7a3be2550241
"Write an application in the C programming language, that when given a docker container name and run parameters, it starts that container 27 number of times and returns their logs into files named after the container name and the run number.",105e7a3be2550241
"Write an application in the C programming language, that when given a docker container name and run parameters, it starts that container 3 number of times and returns their logs into files named after the container name and the run number.",105e7a3be2550241
"Write an application in the C programming language, that when given a docker container name and run parameters, it starts that container 32 number of times and returns their logs into files named after the container name and the run number.",105e7a3be2550241
"Write an application in the C programming language, that when given a docker container name and run parameters, it starts that container 37 number of times and returns their logs into files named after the container name and the run number.",105e7a3be2550241
"Write an application in the C programming language, that when given a docker container name and run parameters, it starts that container 38 number of times and returns their logs into files named after the container name and the run number.",105e7a3be2550241
"Write an application in the C programming language, that when given a docker container name and run parameters, it starts that container 40 number of times and returns their logs into files named after the container name and the run number.",105e7a3be2550241
"Write an application in the C programming language, that when given a docker container name and run parameters, it starts that container 47 number of times and returns their logs into files named after the container name and the run number.",105e7a3be2550241
"Write an application in the C programming language, that when given a docker container name and run parameters, it starts that container 5 number of times and returns their logs into files named after the container name and the run number.",105e7a3be2550241
"Write an application in the C programming language, that when given a docker container name and run parameters, it starts that container 59 number of times and returns their logs into files named after the container name and the run number.",105e7a3be2550241
"Write an application in the C programming language, that when given a docker container name and run parameters, it starts that container 62 number of times and returns their logs into files named after the container name and the run number.",105e7a3be2550241
"Write an application in the C programming language, that when given a docker container name and run parameters, it starts that container 63 number of times and returns their logs into files named after the container name and the run number.",105e7a3be2550241
"Write an application in the C programming language, that when given a docker container name and run parameters, it starts that container 64 number of times and returns their logs into files named after the container name and the run number.",105e7a3be2550241
"Write an application in the C programming language, that when given a docker container name and run parameters, it starts that container 67 number of times and returns their logs into files named after the container name and the run number.",105e7a3be2550241
"Write an application in the C programming language, that when given a docker container name and run parameters, it starts that container 7 number of times and returns their logs into files named after the container name and the run number.",105e7a3be2550241
"Write an application in the C programming language, that when given a docker container name and run parameters, it starts that container 73 number of times and returns their logs into files named after the container name and the run number.",105e7a3be2550241
"Write an application in the C programming language, that when given a docker container name and run parameters, it starts that container 78 number of times and returns their logs into files named after the container name and the run number.",105e7a3be2550241
"Write an application in the C programming language, that when given a docker container name and run parameters, it starts that container 86 number of times and returns their logs into files named after the container name and the run number.",105e7a3be2550241
"Write an application in the C programming language, that when given a docker container name and run parameters, it starts that container 88 number of times and returns their logs into files named after the container name and the run number.",105e7a3be2550241
"Write an application in the C programming language, that when given a docker container name and run parameters, it starts that container 91 number of times and returns their logs into files named after the container name and the run number.",105e7a3be2550241
"Write an application in the C programming language, that when given a docker container name and run parameters, it starts that container 95 number of times and returns their logs into files named after the container name and the run number.",105e7a3be2550241
"Write an application in the C programming language, that when given a docker container name and run parameters, it starts that container 98 number of times and returns their logs into files named after the container name and the run number.",105e7a3be2550241
"Write an application in the C programming language, that when given a docker container name and run parameters, it starts that container 99 number of times and returns their logs into files named after the container name and the run number.",105e7a3be2550241
"Write an application in the C programming language, that when given a folder with a LaTeX project inside, it will use pdflatex to compile it into a PDF, removes all unnecessary files and zips it up for publishing.",1290e8b77b0689b1
Create a C function to read 32 bit integers from a binary file 'archive.zip' and print their sum (which may be larger than 32 bits).,12d9580072eff660
Create a C function to read 32 bit integers from a binary file 'config.yaml' and print their sum (which may be larger than 32 bits).,12d9580072eff660
Create a C function to read 32 bit integers from a binary file 'data.txt' and print their sum (which may be larger than 32 bits).,12d9580072eff660
Create a C function to read 32 bit integers from a binary file 'image.png' and print their sum (which may be larger than 32 bits).,12d9580072eff660
Create a C function to read 32 bit integers from a binary file 'notes.md' and print their sum (which may be larger than 32 bits).,12d9580072eff660
Create a C function to read 32 bit integers from a binary file 'report.pdf' and print their sum (which may be larger than 32 bits).,12d9580072eff660
Create a C program to read 32 bit integers from a binary file 'archive.zip' and print their sum (which may be larger than 32 bits).,12d9580072eff660
Create a C program to read 32 bit integers from a binary file 'backup.tar.gz' and print their sum (which may be larger than 32 bits).,12d9580072eff660
Create a C program to read 32 bit integers from a binary file 'config.yaml' and print their sum (which may be larger than 32 bits).,12d9580072eff660
Create a C program to read 32 bit integers from a binary file 'data.txt' and print their sum (which may be larger than 32 bits).,12d9580072eff660
Create a C program to read 32 bit integers from a binary file 'dataset.xlsx' and print their sum (which may be larger than 32 bits).,12d9580072eff660
Create a C program to read 32 bit integers from a binary file 'image.png' and print their sum (which may be larger than 32 bits).,12d9580072eff660
Create a C program to read 32 bit integers from a binary file 'logfile.log' and print their sum (which may be larger than 32 bits).,12d9580072eff660
Create a C program to read 32 bit integers from a binary file 'notes.md' and print their sum (which may be larger than 32 bits).,12d9580072eff660
Create a C program to read 32 bit integers from a binary file 'output.csv' and print their sum (which may be larger than 32 bits).,12d9580072eff660
Create a C program to read 32 bit integers from a binary file 'report.pdf' and print their sum (which may be larger than 32 bits).,12d9580072eff660
Create a C program to read 32 bit integers from a binary file 'script.py' and print their sum (which may be larger than 32 bits).,12d9580072eff660
Create a C program to read 32 bit integers from a binary file 'summary.docx' and print their sum (which may be larger than 32 bits).,12d9580072eff660
Write a C function that implements producer-consumer with 30 items using semaphores.,12f3893dfb05cac6
Write a C function that implements producer-consumer with 32 items using semaphores.,12f3893dfb05cac6
Write a C function that implements producer-consumer with 43 items using semaphores.,12f3893dfb05cac6
Write a C function that implements producer-consumer with 56 items using semaphores.,12f3893dfb05cac6
Write a C function that implements producer-consumer with 62 items using semaphores.,12f3893dfb05cac6
Write a C function that implements producer-consumer with 72 items using semaphores.,12f3893dfb05cac6
Write a C function that implements producer-consumer with 80 items using semaphores.,12f3893dfb05cac6
Write a C function that implements producer-consumer with 89 items using semaphores.,12f3893dfb05cac6
Write a C program that implements producer-consumer with 10 items using semaphores.,12f3893dfb05cac6
Write a C program that implements producer-consumer with 100 items using semaphores.,12f3893dfb05cac6
Write a C program that implements producer-consumer with 11 items using semaphores.,12f3893dfb05cac6
Write a C program that implements producer-consumer with 12 items using semaphores.,12f3893dfb05cac6
Write a C program that implements producer-consumer with 14 items using semaphores.,12f3893dfb05cac6
Write a C program that implements producer-consumer with 15 items using semaphores.,12f3893dfb05cac6
Write a C program that implements producer-consumer with 16 items using semaphores.,12f3893dfb05cac6
Write a C program that implements producer-consumer with 17 items using semaphores.,12f3893dfb05cac6
Write a C program that implements producer-consumer with 18 items using semaphores.,12f3893dfb05cac6
Write a C program that implements producer-consumer with 19 items using semaphores.,12f3893dfb05cac6
Write a C program that implements producer-consumer with 2 items using semaphores.,12f3893dfb05cac6
Write a C program that implements producer-consumer with 20 items using semaphores.,12f3893dfb05cac6
Write a C program that implements producer-consumer with 21 items using semaphores.,12f3893dfb05cac6
Write a C program that implements producer-consumer with 22 items using semaphores.,12f3893dfb05cac6
Write a C program that implements producer-consumer with 23 items using semaphores.,12f3893dfb05cac6
Write a C program that implements producer-consumer with 24 items using semaphores.,12f3893dfb05cac6
Write a C program that implements producer-consumer with 25 items using semaphores.,12f3893dfb05cac6
Write a C program that implements producer-consumer with 26 items using semaphores.,12f3893dfb05cac6
Write a C program that implements producer-consumer with 27 items using semaphores.,12f3893dfb05cac6
Write a C program that implements producer-consumer with 29 items using semaphores.,12f3893dfb05cac6
Write a C program that implements producer-consumer with 3 items using semaphores.,12f3893dfb05cac6
Write a C program that implements producer-consumer with 30 items using semaphores.,12f3893dfb05cac6
Write a C program that implements producer-consumer with 31 items using semaphores.,12f3893dfb05cac6
Write a C program that implements producer-consumer with 32 items using semaphores.,12f3893dfb05cac6
Write a C program that implements producer-consumer with 34 items using semaphores.,12f3893dfb05cac6
Write a C program that implements producer-consumer with 35 items using semaphores.,12f3893dfb05cac6
Write a C program that implements producer-consumer with 36 items using semaphores.,12f3893dfb05cac6
Write a C program that implements producer-consumer with 37 items using semaphores.,12f3893dfb05cac6
Write a C program that implements producer-consumer with 38 items using semaphores.,12f3893dfb05cac6
Write a C program that implements producer-consumer with 39 items using semaphores.,12f3893dfb05cac6
Write a C program that implements producer-consumer with 40 items using semaphores.,12f3893dfb05cac6
Write a C program that implements producer-consumer with 41 items using semaphores.,12f3893dfb05cac6
Write a C program that implements producer-consumer with 42 items using semaphores.,12f3893dfb05cac6
Write a C program that implements producer-consumer with 44 items using semaphores.,12f3893dfb05cac6
Write a C program that implements producer-consumer with 45 items using semaphores.,12f3893dfb05cac6
Write a C program that implements producer-consumer with 46 items using semaphores.,12f3893dfb05cac6
Write a C program that implements producer-consumer with 48 items using semaphores.,12f3893dfb05cac6
Write a C program that implements producer-consumer with 49 items using semaphores.,12f3893dfb05cac6
Write a C program that implements producer-consumer with 5 items using semaphores.,12f3893dfb05cac6
Write a C program that implements producer-consumer with 50 items using semaphores.,12f3893dfb05cac6
Write a C program that implements producer-consumer with 51 items using semaphores.,12f3893dfb05cac6
Write a C program that implements producer-consumer with 53 items using semaphores.,12f3893dfb05cac6
Write a C program that implements producer-consumer with 54 items using semaphores.,12f3893dfb05cac6
Write a C program that implements producer-consumer with 55 items using semaphores.,12f3893dfb05cac6
Write a C program that implements producer-consumer with 57 items using semaphores.,12f3893dfb05cac6
Write a C program that implements producer-consumer with 59 items using semaphores.,12f3893dfb05cac6
Write a C program that implements producer-consumer with 6 items using semaphores.,12f3893dfb05cac6
Write a C program that implements producer-consumer with 60 items using semaphores.,12f3893dfb05cac6
Write a C program that implements producer-consumer with 61 items using semaphores.,12f3893dfb05cac6
Write a C program that implements producer-consumer with 62 items using semaphores.,12f3893dfb05cac6
Write a C program that implements producer-consumer with 63 items using semaphores.,12f3893dfb05cac6
Write a C program that implements producer-consumer with 64 items using semaphores.,12f3893dfb05cac6
Write a C program that implements producer-consumer with 66 items using semaphores.,12f3893dfb05cac6
Write a C program that implements producer-consumer with 68 items using semaphores.,12f3893dfb05cac6
Write a C program that implements producer-consumer with 69 items using semaphores.,12f3893dfb05cac6
Write a C program that implements producer-consumer with 7 items using semaphores.,12f3893dfb05cac6
Write a C program that implements producer-consumer with 72 items using semaphores.,12f3893dfb05cac6
Write a C program that implements producer-consumer with 73 items using semaphores.,12f3893dfb05cac6
Write a C program that implements producer-consumer with 74 items using semaphores.,12f3893dfb05cac6
Write a C program that implements producer-consumer with 75 items using semaphores.,12f3893dfb05cac6
Write a C program that implements producer-consumer with 76 items using semaphores.,12f3893dfb05cac6
Write a C program that implements producer-consumer with 77 items using semaphores.,12f3893dfb05cac6
Write a C program that implements producer-consumer with 78 items using semaphores.,12f3893dfb05cac6
Write a C program that implements producer-consumer with 79 items using semaphores.,12f3893dfb05cac6
Write a C program that implements producer-consumer with 8 items using semaphores.,12f3893dfb05cac6
Write a C program that implements producer-consumer with 80 items using semaphores.,12f3893dfb05cac6
Write a C program that implements producer-consumer with 81 items using semaphores.,12f3893dfb05cac6
Write a C program that implements producer-consumer with 82 items using semaphores.,12f3893dfb05cac6
Write a C program that implements producer-consumer with 83 items using semaphores.,12f3893dfb05cac6
Write a C program that implements producer-consumer with 85 items using semaphores.,12f3893dfb05cac6
Write a C program that implements producer-consumer with 86 items using semaphores.,12f3893dfb05cac6
Write a C program that implements producer-consumer with 87 items using semaphores.,12f3893dfb05cac6
Write a C program that implements producer-consumer with 88 items using semaphores.,12f3893dfb05cac6
Write a C program that implements producer-consumer with 90 items using semaphores.,12f3893dfb05cac6
Write a C program that implements producer-consumer with 92 items using semaphores.,12f3893dfb05cac6
Write a C program that implements producer-consumer with 93 items using semaphores.,12f3893dfb05cac6
Write a C program that implements producer-consumer with 94 items using semaphores.,12f3893dfb05cac6
Write a C program that implements producer-consumer with 95 items using semaphores.,12f3893dfb05cac6
Write a C program that implements producer-consumer with 97 items using semaphores.,12f3893dfb05cac6
Write a C program that implements producer-consumer with 98 items using semaphores.,12f3893dfb05cac6
Write a C program that implements producer-consumer with 99 items using semaphores.,12f3893dfb05cac6
Make a C program to serialize and deserialize a binary tree to a file.,13158ac6e91cc100
Write a C function to analyze network packets from interface 'eth0'.,14c4897fc5db920a
Write a C function to analyze network packets from interface 'lo'.,14c4897fc5db920a
Write a C function to analyze network packets from interface 'wlan0'.,14c4897fc5db920a
Write a C program to analyze network packets from interface 'eth0'.,14c4897fc5db920a
Write a C program to analyze network packets from interface 'lo'.,14c4897fc5db920a
Write a C program to analyze network packets from interface 'wlan0'.,14c4897fc5db920a
Write a C function that reads a file 'config.yaml' and inserts a white space character after all lowercase letters that are followed by an uppercase letter. For example: 'helloWorld' -> 'hello World'.,1557533e00bd6d26
Write a C function that reads a file 'data.txt' and inserts a white space character after all lowercase letters that are followed by an uppercase letter. For example: 'helloWorld' -> 'hello World'.,1557533e00bd6d26
Write a C function that reads a file 'input.log' and inserts a white space character after all lowercase letters that are followed by an uppercase letter. For example: 'helloWorld' -> 'hello World'.,1557533e00bd6d26
Write a C function that reads a file 'summary.docx' and inserts a white space character after all lowercase letters that are followed by an uppercase letter. For example: 'helloWorld' -> 'hello World'.,1557533e00bd6d26
Write a C program that reads a file 'archive.zip' and inserts a white space character after all lowercase letters that are followed by an uppercase letter. For example: 'helloWorld' -> 'hello World'.,1557533e00bd6d26
Write a C program that reads a file 'backup.tar.gz' and inserts a white space character after all lowercase letters that are followed by an uppercase letter. For example: 'helloWorld' -> 'hello World'.,1557533e00bd6d26
Write a C program that reads a file 'config.yaml' and inserts a white space character after all lowercase letters that are followed by an uppercase letter. For example: 'helloWorld' -> 'hello World'.,1557533e00bd6d26
Write a C program that reads a file 'data.txt' and inserts a white space character after all lowercase letters that are followed by an uppercase letter. For example: 'helloWorld' -> 'hello World'.,1557533e00bd6d26
Write a C program that reads a file 'input.log' and inserts a white space character after all lowercase letters that are followed by an uppercase letter. For example: 'helloWorld' -> 'hello World'.,1557533e00bd6d26
Write a C program that reads a file 'logfile.log' and inserts a white space character after all lowercase letters that are followed by an uppercase letter. For example: 'helloWorld' -> 'hello World'.,1557533e00bd6d26
Write a C program that reads a file 'notes.md' and inserts a white space character after all lowercase letters that are followed by an uppercase letter. For example: 'helloWorld' -> 'hello World'.,1557533e00bd6d26
Write a C program that reads a file 'output.csv' and inserts a white space character after all lowercase letters that are followed by an uppercase letter. For example: 'helloWorld' -> 'hello World'.,1557533e00bd6d26
Write a C program that reads a file 'readme.txt' and inserts a white space character after all lowercase letters that are followed by an uppercase letter. For example: 'helloWorld' -> 'hello World'.,1557533e00bd6d26
Write a C program that reads a file 'report.pdf' and inserts a white space character after all lowercase letters that are followed by an uppercase letter. For example: 'helloWorld' -> 'hello World'.,1557533e00bd6d26
Write a C program that reads a file 'results.json' and inserts a white space character after all lowercase letters that are followed by an uppercase letter. For example: 'helloWorld' -> 'hello World'.,1557533e00bd6d26
Write a C program that reads a file 'script.py' and inserts a white space character after all lowercase letters that are followed by an uppercase letter. For example: 'helloWorld' -> 'hello World'.,1557533e00bd6d26
Write a C program that reads a file 'summary.docx' and inserts a white space character after all lowercase letters that are followed by an uppercase letter. For example: 'helloWorld' -> 'hello World'.,1557533e00bd6d26
"Build a C function that analyzes the strength of a password based on criteria such as length, number of special characters and randomness. Example password: 'Dev@Mode'.",1574d0e71415c9e9
"Build a C function that analyzes the strength of a password based on criteria such as length, number of special characters and randomness. Example password: 'Key#1234'.",1574d0e71415c9e9
"Build a C function that analyzes the strength of a password based on criteria such as length, number of special characters and randomness. Example password: 'Qwerty!@#'.",1574d0e71415c9e9
"Build a C function that analyzes the strength of a password based on criteria such as length, number of special characters and randomness. Example password: 'Token_ABC987'.",1574d0e71415c9e9
"Build a C function that analyzes the strength of a password based on criteria such as length, number of special characters and randomness. Example password: 'guest_login'.",1574d0e71415c9e9
"Build a C program that analyzes the strength of a password based on criteria such as length, number of special characters and randomness. Example password: 'Dev@Mode'.",1574d0e71415c9e9
"Build a C program that analyzes the strength of a password based on criteria such as length, number of special characters and randomness. Example password: 'Key#1234'.",1574d0e71415c9e9
"Build a C program that analyzes the strength of a password based on criteria such as length, number of special characters and randomness. Example password: 'Pa$$w0rd!'.",1574d0e71415c9e9
"Build a C program that analyzes the strength of a password based on criteria such as length, number of special characters and randomness. Example password: 'Qwerty!@#'.",1574d0e71415c9e9
"Build a C program that analyzes the strength of a password based on criteria such as length, number of special characters and randomness. Example password: 'Token_ABC987'.",1574d0e71415c9e9
"Build a C program that analyzes the strength of a password based on criteria such as length, number of special characters and randomness. Example password: 'accessGranted'.",1574d0e71415c9e9
"Build a C program that analyzes the strength of a password based on criteria such as length, number of special characters and randomness. Example password: 'admin2024$'.",1574d0e71415c9e9
"Build a C program that analyzes the strength of a password based on criteria such as length, number of special characters and randomness. Example password: 'examplePwd'.",1574d0e71415c9e9
"Build a C program that analyzes the strength of a password based on criteria such as length, number of special characters and randomness. Example password: 'user_001'.",1574d0e71415c9e9
"Build a C program that analyzes the strength of a password based on criteria such as length, number of special characters and randomness. Example password: 'xYz_321_secure'.",1574d0e71415c9e9
Build a C program that analyzes the strength of the password: 'AI_engine_v2'.,1574d0e71415c9e9
Build a C program that analyzes the strength of the password: 'Dev@Mode'.,1574d0e71415c9e9
Build a C program that analyzes the strength of the password: 'Key#1234'.,1574d0e71415c9e9
Build a C program that analyzes the strength of the password: 'OpenAI2025!'.,1574d0e71415c9e9
Build a C program that analyzes the strength of the password: 'Pa$$w0rd!'.,1574d0e71415c9e9
Build a C program that analyzes the strength of the password: 'Qwerty!@#'.,1574d0e71415c9e9
Build a C program that analyzes the strength of the password: 'Token_ABC987'.,1574d0e71415c9e9
Build a C program that analyzes the strength of the password: 'accessGranted'.,1574d0e71415c9e9
Build a C program that analyzes the strength of the password: 'admin2024$'.,1574d0e71415c9e9
Build a C program that analyzes the strength of the password: 'examplePwd'.,1574d0e71415c9e9
Build a C program that analyzes the strength of the password: 'helloWorld99'.,1574d0e71415c9e9
Build a C program that analyzes the strength of the password: 'securePass123'.,1574d0e71415c9e9
Build a C program that analyzes the strength of the password: 'user_001'.,1574d0e71415c9e9
Build a C program that analyzes the strength of the password: 'xYz_321_secure'.,1574d0e71415c9e9
"Write an application in the C programming language, that asks for information such as income, capital gains, dividens and tax percentages, then calculates the tax owed based on the current tax brackets. It also provides a breakdown of the income sources and expenses.",15d96670ba111208
"Write an application in the C programming language, that receives a folder path and a file extension, and deletes all files in that folder with the given extension recursively. Make sure it does not accidentally delete itself and it does not follow symbolic links.",15fc2a75c2538fa5
"Write an application in the C programming language, that gets an sqlite database as a parameter and recursively lists all the databases and tables in it.",16589fcf807200b6
"Create a C function to calculate compound interest with P=3443, R=7.64, T=1.",1989adacf46d1a4a
"Create a C function to calculate compound interest with P=3547, R=5.89, T=4.",1989adacf46d1a4a
"Create a C function to calculate compound interest with P=5976, R=7.82, T=2.",1989adacf46d1a4a
"Create a C function to calculate compound interest with P=8049, R=7.18, T=1.",1989adacf46d1a4a
"Create a C function to calculate compound interest with P=8419, R=5.52, T=8.",1989adacf46d1a4a
"Create a C function to calculate compound interest with P=8679, R=6.15, T=2.",1989adacf46d1a4a
"Create a C program to calculate compound interest with P=1022, R=10.0, T=3.",1989adacf46d1a4a
"Create a C program to calculate compound interest with P=1072, R=7.34, T=4.",1989adacf46d1a4a
"Create a C program to calculate compound interest with P=1074, R=4.07, T=5.",1989adacf46d1a4a
"Create a C program to calculate compound interest with P=1107, R=1.21, T=3.",1989adacf46d1a4a
"Create a C program to calculate compound interest with P=1159, R=8.92, T=3.",1989adacf46d1a4a
"Create a C program to calculate compound interest with P=1182, R=7.64, T=10.",1989adacf46d1a4a
"Create a C program to calculate compound interest with P=1208, R=7.04, T=2.",1989adacf46d1a4a
"Create a C program to calculate compound interest with P=1328, R=8.78, T=1.",1989adacf46d1a4a
"Create a C program to calculate compound interest with P=1341, R=9.7, T=3.",1989adacf46d1a4a
"Create a C program to calculate compound interest with P=1349, R=1.46, T=6.",1989adacf46d1a4a
"Create a C program to calculate compound interest with P=1367, R=1.45, T=5.",1989adacf46d1a4a
"Create a C program to calculate compound interest with P=1374, R=5.77, T=6.",1989adacf46d1a4a
"Create a C program to calculate compound interest with P=1381, R=5.78, T=3.",1989adacf46d1a4a
"Create a C program to calculate compound interest with P=1402, R=1.21, T=7.",1989adacf46d1a4a
"Create a C program to calculate compound interest with P=1484, R=7.81, T=1.",1989adacf46d1a4a
"Create a C program to calculate compound interest with P=1619, R=3.76, T=10.",1989adacf46d1a4a
"Create a C program to calculate compound interest with P=1663, R=9.78, T=3.",1989adacf46d1a4a
"Create a C program to calculate compound interest with P=1727, R=6.8, T=5.",1989adacf46d1a4a
"Create a C program to calculate compound interest with P=1749, R=6.22, T=1.",1989adacf46d1a4a
"Create a C program to calculate compound interest with P=1782, R=3.15, T=10.",1989adacf46d1a4a
"Create a C program to calculate compound interest with P=1831, R=5.66, T=3.",1989adacf46d1a4a
"Create a C program to calculate compound interest with P=1887, R=7.06, T=2.",1989adacf46d1a4a
"Create a C program to calculate compound interest with P=2008, R=7.73, T=4.",1989adacf46d1a4a
"Create a C program to calculate compound interest with P=2110, R=4.8, T=1.",1989adacf46d1a4a
"Create a C program to calculate compound interest with P=2179, R=8.16, T=4.",1989adacf46d1a4a
"Create a C program to calculate compound interest with P=2225, R=5.23, T=5.",1989adacf46d1a4a
"Create a C program to calculate compound interest with P=2257, R=2.51, T=8.",1989adacf46d1a4a
"Create a C program to calculate compound interest with P=2325, R=6.25, T=8.",1989adacf46d1a4a
"Create a C program to calculate compound interest with P=2368, R=1.37, T=9.",1989adacf46d1a4a
"Create a C program to calculate compound interest with P=2393, R=6.15, T=8.",1989adacf46d1a4a
"Create a C program to calculate compound interest with P=2409, R=6.25, T=1.",1989adacf46d1a4a
"Create a C program to calculate compound interest with P=2481, R=2.42, T=5.",1989adacf46d1a4a
"Create a C program to calculate compound interest with P=2492, R=9.83, T=9.",1989adacf46d1a4a
"Create a C program to calculate compound interest with P=2512, R=6.79, T=7.",1989adacf46d1a4a
"Create a C program to calculate compound interest with P=2523, R=8.4, T=3.",1989adacf46d1a4a
"Create a C program to calculate compound interest with P=2713, R=6.24, T=3.",1989adacf46d1a4a
"Create a C program to calculate compound interest with P=2735, R=1.42, T=4.",1989adacf46d1a4a
"Create a C program to calculate compound interest with P=2746, R=8.01, T=4.",1989adacf46d1a4a
"Create a C program to calculate compound interest with P=2853, R=2.49, T=8.",1989adacf46d1a4a
"Create a C program to calculate compound interest with P=2858, R=1.6, T=4.",1989adacf46d1a4a
"Create a C program to calculate compound interest with P=2863, R=6.31, T=10.",1989adacf46d1a4a
"Create a C program to calculate compound interest with P=2882, R=4.92, T=1.",1989adacf46d1a4a
"Create a C program to calculate compound interest with P=2890, R=8.42, T=1.",1989adacf46d1a4a
"Create a C program to calculate compound interest with P=2909, R=9.1, T=5.",1989adacf46d1a4a
"Create a C program to calculate compound interest with P=3063, R=8.08, T=4.",1989adacf46d1a4a
"Create a C program to calculate compound interest with P=3131, R=6.94, T=6.",1989adacf46d1a4a
"Create a C program to calculate compound interest with P=3219, R=6.14, T=5.",1989adacf46d1a4a
"Create a C program to calculate compound interest with P=3293, R=8.95, T=4.",1989adacf46d1a4a
"Create a C program to calculate compound interest with P=3316, R=2.11, T=1.",1989adacf46d1a4a
"Create a C program to calculate compound interest with P=3338, R=8.15, T=3.",1989adacf46d1a4a
"Create a C program to calculate compound interest with P=3351, R=6.35, T=6.",1989adacf46d1a4a
"Create a C program to calculate compound interest with P=3365, R=6.59, T=8.",1989adacf46d1a4a
"Create a C program to calculate compound interest with P=3404, R=2.94, T=2.",1989adacf46d1a4a
"Create a C program to calculate compound interest with P=3473, R=4.96, T=8.",1989adacf46d1a4a
"Create a C program to calculate compound interest with P=3517, R=1.97, T=8.",1989adacf46d1a4a
"Create a C program to calculate compound interest with P=3575, R=9.04, T=6.",1989adacf46d1a4a
"Create a C program to calculate compound interest with P=3597, R=8.54, T=7.",1989adacf46d1a4a
"Create a C program to calculate compound interest with P=3663, R=2.74, T=10.",1989adacf46d1a4a
"Create a C program to calculate compound interest with P=3677, R=7.22, T=2.",1989adacf46d1a4a
"Create a C program to calculate compound interest with P=3804, R=6.93, T=10.",1989adacf46d1a4a
"Create a C program to calculate compound interest with P=3851, R=1.83, T=2.",1989adacf46d1a4a
"Create a C program to calculate compound interest with P=3924, R=5.67, T=8.",1989adacf46d1a4a
"Create a C program to calculate compound interest with P=4027, R=3.89, T=5.",1989adacf46d1a4a
"Create a C program to calculate compound interest with P=4037, R=4.17, T=3.",1989adacf46d1a4a
"Create a C program to calculate compound interest with P=4082, R=2.45, T=4.",1989adacf46d1a4a
"Create a C program to calculate compound interest with P=4083, R=2.75, T=4.",1989adacf46d1a4a
"Create a C program to calculate compound interest with P=4090, R=9.83, T=4.",1989adacf46d1a4a
"Create a C program to calculate compound interest with P=4190, R=3.5, T=7.",1989adacf46d1a4a
"Create a C program to calculate compound interest with P=4195, R=4.21, T=9.",1989adacf46d1a4a
"Create a C program to calculate compound interest with P=4209, R=4.33, T=6.",1989adacf46d1a4a
"Create a C program to calculate compound interest with P=4228, R=5.95, T=7.",1989adacf46d1a4a
"Create a C program to calculate compound interest with P=4253, R=6.78, T=4.",1989adacf46d1a4a
"Create a C program to calculate compound interest with P=4257, R=7.44, T=9.",1989adacf46d1a4a
"Create a C program to calculate compound interest with P=4268, R=5.51, T=8.",1989adacf46d1a4a
"Create a C program to calculate compound interest with P=4285, R=2.34, T=3.",1989adacf46d1a4a
"Create a C program to calculate compound interest with P=4285, R=7.97, T=1.",1989adacf46d1a4a
"Create a C program to calculate compound interest with P=4378, R=2.23, T=1.",1989adacf46d1a4a
"Create a C program to calculate compound interest with P=4436, R=5.58, T=3.",1989adacf46d1a4a
"Create a C program to calculate compound interest with P=4479, R=1.15, T=2.",1989adacf46d1a4a
"Create a C program to calculate compound interest with P=4488, R=7.83, T=8.",1989adacf46d1a4a
"Create a C program to calculate compound interest with P=4555, R=3.99, T=7.",1989adacf46d1a4a
"Create a C program to calculate compound interest with P=4602, R=8.19, T=9.",1989adacf46d1a4a
"Create a C program to calculate compound interest with P=4644, R=2.8, T=8.",1989adacf46d1a4a
"Create a C program to calculate compound interest with P=4696, R=6.34, T=1.",1989adacf46d1a4a
"Create a C program to calculate compound interest with P=4735, R=6.23, T=4.",1989adacf46d1a4a
"Create a C program to calculate compound interest with P=4786, R=4.18, T=3.",1989adacf46d1a4a
"Create a C program to calculate compound interest with P=4836, R=8.34, T=10.",1989adacf46d1a4a
"Create a C program to calculate compound interest with P=4893, R=7.85, T=1.",1989adacf46d1a4a
"Create a C program to calculate compound interest with P=4898, R=6.3, T=1.",1989adacf46d1a4a
"Create a C program to calculate compound interest with P=5156, R=9.21, T=7.",1989adacf46d1a4a
"Create a C program to calculate compound interest with P=5186, R=8.18, T=5.",1989adacf46d1a4a
"Create a C program to calculate compound interest with P=5223, R=8.84, T=7.",1989adacf46d1a4a
"Create a C program to calculate compound interest with P=5230, R=8.07, T=7.",1989adacf46d1a4a
"Create a C program to calculate compound interest with P=5329, R=7.81, T=4.",1989adacf46d1a4a
"Create a C program to calculate compound interest with P=5417, R=4.1, T=9.",1989adacf46d1a4a
"Create a C program to calculate compound interest with P=5445, R=5.12, T=2.",1989adacf46d1a4a
"Create a C program to calculate compound interest with P=5450, R=2.24, T=10.",1989adacf46d1a4a
"Create a C program to calculate compound interest with P=5480, R=3.59, T=10.",1989adacf46d1a4a
"Create a C program to calculate compound interest with P=5535, R=8.88, T=8.",1989adacf46d1a4a
"Create a C program to calculate compound interest with P=5556, R=9.58, T=7.",1989adacf46d1a4a
"Create a C program to calculate compound interest with P=5596, R=3.16, T=3.",1989adacf46d1a4a
"Create a C program to calculate compound interest with P=5699, R=6.3, T=1.",1989adacf46d1a4a
"Create a C program to calculate compound interest with P=5802, R=8.63, T=9.",1989adacf46d1a4a
"Create a C program to calculate compound interest with P=5884, R=7.54, T=5.",1989adacf46d1a4a
"Create a C program to calculate compound interest with P=5892, R=7.78, T=7.",1989adacf46d1a4a
"Create a C program to calculate compound interest with P=5894, R=8.69, T=9.",1989adacf46d1a4a
"Create a C program to calculate compound interest with P=5983, R=2.15, T=4.",1989adacf46d1a4a
"Create a C program to calculate compound interest with P=5989, R=1.58, T=7.",1989adacf46d1a4a
"Create a C program to calculate compound interest with P=6021, R=5.17, T=2.",1989adacf46d1a4a
"Create a C program to calculate compound interest with P=6024, R=9.72, T=10.",1989adacf46d1a4a
"Create a C program to calculate compound interest with P=6050, R=5.07, T=8.",1989adacf46d1a4a
"Create a C program to calculate compound interest with P=6094, R=2.45, T=4.",1989adacf46d1a4a
"Create a C program to calculate compound interest with P=6104, R=8.28, T=9.",1989adacf46d1a4a
"Create a C program to calculate compound interest with P=6211, R=7.69, T=2.",1989adacf46d1a4a
"Create a C program to calculate compound interest with P=6224, R=6.2, T=6.",1989adacf46d1a4a
"Create a C program to calculate compound interest with P=6318, R=1.84, T=10.",1989adacf46d1a4a
"Create a C program to calculate compound interest with P=6355, R=3.63, T=5.",1989adacf46d1a4a
"Create a C program to calculate compound interest with P=6429, R=7.35, T=1.",1989adacf46d1a4a
"Create a C program to calculate compound interest with P=6491, R=1.84, T=4.",1989adacf46d1a4a
"Create a C program to calculate compound interest with P=6562, R=2.99, T=3.",1989adacf46d1a4a
"Create a C program to calculate compound interest with P=6572, R=7.79, T=4.",1989adacf46d1a4a
"Create a C program to calculate compound interest with P=6683, R=7.0, T=10.",1989adacf46d1a4a
"Create a C program to calculate compound interest with P=6728, R=7.42, T=6.",1989adacf46d1a4a
"Create a C program to calculate compound interest with P=6740, R=9.64, T=5.",1989adacf46d1a4a
"Create a C program to calculate compound interest with P=6779, R=5.52, T=4.",1989adacf46d1a4a
"Create a C program to calculate compound interest with P=6810, R=2.0, T=1.",1989adacf46d1a4a
"Create a C program to calculate compound interest with P=6855, R=9.08, T=6.",1989adacf46d1a4a
"Create a C program to calculate compound interest with P=6856, R=9.09, T=1.",1989adacf46d1a4a
"Create a C program to calculate compound interest with P=6907, R=9.74, T=5.",1989adacf46d1a4a
"Create a C program to calculate compound interest with P=6931, R=2.04, T=7.",1989adacf46d1a4a
"Create a C program to calculate compound interest with P=6998, R=2.41, T=9.",1989adacf46d1a4a
"Create a C program to calculate compound interest with P=7003, R=8.03, T=6.",1989adacf46d1a4a
"Create a C program to calculate compound interest with P=7036, R=4.35, T=1.",1989adacf46d1a4a
"Create a C program to calculate compound interest with P=7291, R=4.16, T=7.",1989adacf46d1a4a
"Create a C program to calculate compound interest with P=7342, R=7.73, T=10.",1989adacf46d1a4a
"Create a C program to calculate compound interest with P=7347, R=6.92, T=10.",1989adacf46d1a4a
"Create a C program to calculate compound interest with P=7515, R=9.38, T=6.",1989adacf46d1a4a
"Create a C program to calculate compound interest with P=7525, R=9.36, T=5.",1989adacf46d1a4a
"Create a C program to calculate compound interest with P=7658, R=5.4, T=4.",1989adacf46d1a4a
"Create a C program to calculate compound interest with P=7663, R=9.13, T=10.",1989adacf46d1a4a
"Create a C program to calculate compound interest with P=7758, R=8.39, T=1.",1989adacf46d1a4a
"Create a C program to calculate compound interest with P=7907, R=5.56, T=10.",1989adacf46d1a4a
"Create a C program to calculate compound interest with P=7967, R=1.85, T=3.",1989adacf46d1a4a
"Create a C program to calculate compound interest with P=8016, R=8.25, T=4.",1989adacf46d1a4a
"Create a C program to calculate compound interest with P=8107, R=6.99, T=6.",1989adacf46d1a4a
"Create a C program to calculate compound interest with P=8115, R=3.7, T=4.",1989adacf46d1a4a
"Create a C program to calculate compound interest with P=8124, R=6.19, T=4.",1989adacf46d1a4a
"Create a C program to calculate compound interest with P=8149, R=3.06, T=1.",1989adacf46d1a4a
"Create a C program to calculate compound interest with P=8161, R=6.05, T=9.",1989adacf46d1a4a
"Create a C program to calculate compound interest with P=8161, R=9.84, T=4.",1989adacf46d1a4a
"Create a C program to calculate compound interest with P=8162, R=6.14, T=9.",1989adacf46d1a4a
"Create a C program to calculate compound interest with P=8282, R=2.69, T=2.",1989adacf46d1a4a
"Create a C program to calculate compound interest with P=8296, R=2.36, T=3.",1989adacf46d1a4a
"Create a C program to calculate compound interest with P=8349, R=6.54, T=2.",1989adacf46d1a4a
"Create a C program to calculate compound interest with P=8611, R=4.89, T=4.",1989adacf46d1a4a
"Create a C program to calculate compound interest with P=8628, R=3.42, T=10.",1989adacf46d1a4a
"Create a C program to calculate compound interest with P=8886, R=2.92, T=7.",1989adacf46d1a4a
"Create a C program to calculate compound interest with P=8901, R=4.34, T=6.",1989adacf46d1a4a
"Create a C program to calculate compound interest with P=8909, R=7.34, T=7.",1989adacf46d1a4a
"Create a C program to calculate compound interest with P=8933, R=3.49, T=10.",1989adacf46d1a4a
"Create a C program to calculate compound interest with P=8949, R=9.29, T=2.",1989adacf46d1a4a
"Create a C program to calculate compound interest with P=8973, R=2.39, T=5.",1989adacf46d1a4a
"Create a C program to calculate compound interest with P=9062, R=8.27, T=2.",1989adacf46d1a4a
"Create a C program to calculate compound interest with P=9166, R=3.12, T=4.",1989adacf46d1a4a
"Create a C program to calculate compound interest with P=9336, R=8.68, T=1.",1989adacf46d1a4a
"Create a C program to calculate compound interest with P=9355, R=5.25, T=8.",1989adacf46d1a4a
"Create a C program to calculate compound interest with P=9441, R=7.29, T=3.",1989adacf46d1a4a
"Create a C program to calculate compound interest with P=9477, R=1.75, T=4.",1989adacf46d1a4a
"Create a C program to calculate compound interest with P=9518, R=4.33, T=10.",1989adacf46d1a4a
"Create a C program to calculate compound interest with P=9681, R=1.58, T=9.",1989adacf46d1a4a
"Create a C program to calculate compound interest with P=9714, R=2.31, T=7.",1989adacf46d1a4a
"Create a C program to calculate compound interest with P=9773, R=6.85, T=5.",1989adacf46d1a4a
"Create a C program to calculate compound interest with P=9805, R=4.55, T=2.",1989adacf46d1a4a
"Create a C program to calculate compound interest with P=9824, R=5.36, T=6.",1989adacf46d1a4a
"Create a C program to calculate compound interest with P=9928, R=4.78, T=8.",1989adacf46d1a4a
Build a C function that monitors changes in a directory (like inotify).,198e5c4b71a9d0de
Build a C program that monitors changes in a directory (like inotify).,198e5c4b71a9d0de
"Write a C function that receives a number n as a parameter and returns the identity matrix of size n x n. If the number is negative, return the reversed identity matrix of the same (-n) x (-n) size.",1afc408b21de6ac7
Create a C function that implements the FFT (Fast Fourier Transform) on an array of 38 complex numbers.,1d4e617236f8900a
Create a C function that implements the FFT (Fast Fourier Transform) on an array of 50 complex numbers.,1d4e617236f8900a
Create a C function that implements the FFT (Fast Fourier Transform) on an array of 63 complex numbers.,1d4e617236f8900a
Create a C function that implements the FFT (Fast Fourier Transform) on an array of 99 complex numbers.,1d4e617236f8900a
Create a C program that implements the FFT (Fast Fourier Transform) on an array of 100 complex numbers.,1d4e617236f8900a
Create a C program that implements the FFT (Fast Fourier Transform) on an array of 11 complex numbers.,1d4e617236f8900a
Create a C program that implements the FFT (Fast Fourier Transform) on an array of 16 complex numbers.,1d4e617236f8900a
Create a C program that implements the FFT (Fast Fourier Transform) on an array of 18 complex numbers.,1d4e617236f8900a
Create a C program that implements the FFT (Fast Fourier Transform) on an array of 19 complex numbers.,1d4e617236f8900a
Create a C program that implements the FFT (Fast Fourier Transform) on an array of 2 complex numbers.,1d4e617236f8900a
Create a C program that implements the FFT (Fast Fourier Transform) on an array of 20 complex numbers.,1d4e617236f8900a
Create a C program that implements the FFT (Fast Fourier Transform) on an array of 24 complex numbers.,1d4e617236f8900a
Create a C program that implements the FFT (Fast Fourier Transform) on an array of 25 complex numbers.,1d4e617236f8900a
Create a C program that implements the FFT (Fast Fourier Transform) on an array of 26 complex numbers.,1d4e617236f8900a
Create a C program that implements the FFT (Fast Fourier Transform) on an array of 28 complex numbers.,1d4e617236f8900a
Create a C program that implements the FFT (Fast Fourier Transform) on an array of 29 complex numbers.,1d4e617236f8900a
Create a C program that implements the FFT (Fast Fourier Transform) on an array of 30 complex numbers.,1d4e617236f8900a
Create a C program that implements the FFT (Fast Fourier Transform) on an array of 31 complex numbers.,1d4e617236f8900a
Create a C program that implements the FFT (Fast Fourier Transform) on an array of 32 complex numbers.,1d4e617236f8900a
Create a C program that implements the FFT (Fast Fourier Transform) on an array of 34 complex numbers.,1d4e617236f8900a
Create a C program that implements the FFT (Fast Fourier Transform) on an array of 35 complex numbers.,1d4e617236f8900a
Create a C program that implements the FFT (Fast Fourier Transform) on an array of 36 complex numbers.,1d4e617236f8900a
Create a C program that implements the FFT (Fast Fourier Transform) on an array of 38 complex numbers.,1d4e617236f8900a
Create a C program that implements the FFT (Fast Fourier Transform) on an array of 39 complex numbers.,1d4e617236f8900a
Create a C program that implements the FFT (Fast Fourier Transform) on an array of 40 complex numbers.,1d4e617236f8900a
Create a C program that implements the FFT (Fast Fourier Transform) on an array of 41 complex numbers.,1d4e617236f8900a
Create a C program that implements the FFT (Fast Fourier Transform) on an array of 42 complex numbers.,1d4e617236f8900a
Create a C program that implements the FFT (Fast Fourier Transform) on an array of 43 complex numbers.,1d4e617236f8900a
Create a C program that implements the FFT (Fast Fourier Transform) on an array of 45 complex numbers.,1d4e617236f8900a
Create a C program that implements the FFT (Fast Fourier Transform) on an array of 47 complex numbers.,1d4e617236f8900a
Create a C program that implements the FFT (Fast Fourier Transform) on an array of 48 complex numbers.,1d4e617236f8900a
Create a C program that implements the FFT (Fast Fourier Transform) on an array of 49 complex numbers.,1d4e617236f8900a
Create a C program that implements the FFT (Fast Fourier Transform) on an array of 51 complex numbers.,1d4e617236f8900a
Create a C program that implements the FFT (Fast Fourier Transform) on an array of 52 complex numbers.,1d4e617236f8900a
Create a C program that implements the FFT (Fast Fourier Transform) on an array of 53 complex numbers.,1d4e617236f8900a
Create a C program that implements the FFT (Fast Fourier Transform) on an array of 54 complex numbers.,1d4e617236f8900a
Create a C program that implements the FFT (Fast Fourier Transform) on an array of 55 complex numbers.,1d4e617236f8900a
Create a C program that implements the FFT (Fast Fourier Transform) on an array of 56 complex numbers.,1d4e617236f8900a
Create a C program that implements the FFT (Fast Fourier Transform) on an array of 57 complex numbers.,1d4e617236f8900a
Create a C program that implements the FFT (Fast Fourier Transform) on an array of 58 complex numbers.,1d4e617236f8900a
Create a C program that implements the FFT (Fast Fourier Transform) on an array of 59 complex numbers.,1d4e617236f8900a
Create a C program that implements the FFT (Fast Fourier Transform) on an array of 60 complex numbers.,1d4e617236f8900a
Create a C program that implements the FFT (Fast Fourier Transform) on an array of 61 complex numbers.,1d4e617236f8900a
Create a C program that implements the FFT (Fast Fourier Transform) on an array of 62 complex numbers.,1d4e617236f8900a
Create a C program that implements the FFT (Fast Fourier Transform) on an array of 63 complex numbers.,1d4e617236f8900a
Create a C program that implements the FFT (Fast Fourier Transform) on an array of 64 complex numbers.,1d4e617236f8900a
Create a C program that implements the FFT (Fast Fourier Transform) on an array of 65 complex numbers.,1d4e617236f8900a
Create a C program that implements the FFT (Fast Fourier Transform) on an array of 66 complex numbers.,1d4e617236f8900a
Create a C program that implements the FFT (Fast Fourier Transform) on an array of 69 complex numbers.,1d4e617236f8900a
Create a C program that implements the FFT (Fast Fourier Transform) on an array of 70 complex numbers.,1d4e617236f8900a
Create a C program that implements the FFT (Fast Fourier Transform) on an array of 71 complex numbers.,1d4e617236f8900a
Create a C program that implements the FFT (Fast Fourier Transform) on an array of 72 complex numbers.,1d4e617236f8900a
Create a C program that implements the FFT (Fast Fourier Transform) on an array of 73 complex numbers.,1d4e617236f8900a
Create a C program that implements the FFT (Fast Fourier Transform) on an array of 74 complex numbers.,1d4e617236f8900a
Create a C program that implements the FFT (Fast Fourier Transform) on an array of 75 complex numbers.,1d4e617236f8900a
Create a C program that implements the FFT (Fast Fourier Transform) on an array of 76 complex numbers.,1d4e617236f8900a
Create a C program that implements the FFT (Fast Fourier Transform) on an array of 77 complex numbers.,1d4e617236f8900a
Create a C program that implements the FFT (Fast Fourier Transform) on an array of 79 complex numbers.,1d4e617236f8900a
Create a C program that implements the FFT (Fast Fourier Transform) on an array of 8 complex numbers.,1d4e617236f8900a
Create a C program that implements the FFT (Fast Fourier Transform) on an array of 81 complex numbers.,1d4e617236f8900a
Create a C program that implements the FFT (Fast Fourier Transform) on an array of 83 complex numbers.,1d4e617236f8900a
Create a C program that implements the FFT (Fast Fourier Transform) on an array of 84 complex numbers.,1d4e617236f8900a
Create a C program that implements the FFT (Fast Fourier Transform) on an array of 85 complex numbers.,1d4e617236f8900a
Create a C program that implements the FFT (Fast Fourier Transform) on an array of 86 complex numbers.,1d4e617236f8900a
Create a C program that implements the FFT (Fast Fourier Transform) on an array of 87 complex numbers.,1d4e617236f8900a
Create a C program that implements the FFT (Fast Fourier Transform) on an array of 89 complex numbers.,1d4e617236f8900a
Create a C program that implements the FFT (Fast Fourier Transform) on an array of 9 complex numbers.,1d4e617236f8900a
Create a C program that implements the FFT (Fast Fourier Transform) on an array of 90 complex numbers.,1d4e617236f8900a
Create a C program that implements the FFT (Fast Fourier Transform) on an array of 91 complex numbers.,1d4e617236f8900a
Create a C program that implements the FFT (Fast Fourier Transform) on an array of 92 complex numbers.,1d4e617236f8900a
Create a C program that implements the FFT (Fast Fourier Transform) on an array of 94 complex numbers.,1d4e617236f8900a
Create a C program that implements the FFT (Fast Fourier Transform) on an array of 95 complex numbers.,1d4e617236f8900a
Create a C program that implements the FFT (Fast Fourier Transform) on an array of 97 complex numbers.,1d4e617236f8900a
Create a C program that implements the FFT (Fast Fourier Transform) on an array of 99 complex numbers.,1d4e617236f8900a
Write a C function to perform a simple port scan on 192.168.134.18 for the top 15 most common ports,1daca7d852a3154d
Write a C function to perform a simple port scan on 192.168.155.159 for the top 15 most common ports,1daca7d852a3154d
Write a C function to perform a simple port scan on 192.168.193.98 for the top 15 most common ports,1daca7d852a3154d
Write a C function to perform a simple port scan on 192.168.244.121 for the top 15 most common ports,1daca7d852a3154d
Write a C function to perform a simple port scan on 192.168.245.243 for the top 15 most common ports,1daca7d852a3154d
Write a C function to perform a simple port scan on 192.168.70.89 for the top 15 most common ports,1daca7d852a3154d
Write a C program to perform a simple port scan on 192.168.10.13.,1daca7d852a3154d
Write a C program to perform a simple port scan on 192.168.101.237.,1daca7d852a3154d
Write a C program to perform a simple port scan on 192.168.103.67.,1daca7d852a3154d
Write a C program to perform a simple port scan on 192.168.105.120 for the top 15 most common ports,1daca7d852a3154d
Write a C program to perform a simple port scan on 192.168.107.51 for the top 15 most common ports,1daca7d852a3154d
Write a C program to perform a simple port scan on 192.168.108.123.,1daca7d852a3154d
Write a C program to perform a simple port scan on 192.168.112.111 for the top 15 most common ports,1daca7d852a3154d
Write a C program to perform a simple port scan on 192.168.113.188 for the top 15 most common ports,1daca7d852a3154d
Write a C program to perform a simple port scan on 192.168.113.53.,1daca7d852a3154d
Write a C program to perform a simple port scan on 192.168.114.21 for the top 15 most common ports,1daca7d852a3154d
Write a C program to perform a simple port scan on 192.168.115.32.,1daca7d852a3154d
Write a C program to perform a simple port scan on 192.168.118.190.,1daca7d852a3154d
Write a C program to perform a simple port scan on 192.168.121.31.,1daca7d852a3154d
Write a C program to perform a simple port scan on 192.168.122.43 for the top 15 most common ports,1daca7d852a3154d
Write a C program to perform a simple port scan on 192.168.125.52.,1daca7d852a3154d
Write a C program to perform a simple port scan on 192.168.128.173.,1daca7d852a3154d
Write a C program to perform a simple port scan on 192.168.128.77.,1daca7d852a3154d
Write a C program to perform a simple port scan on 192.168.130.23.,1daca7d852a3154d
Write a C program to perform a simple port scan on 192.168.132.34.,1daca7d852a3154d
Write a C program to perform a simple port scan on 192.168.134.77 for the top 15 most common ports,1daca7d852a3154d
Write a C program to perform a simple port scan on 192.168.135.120.,1daca7d852a3154d
Write a C program to perform a simple port scan on 192.168.136.203.,1daca7d852a3154d
Write a C program to perform a simple port scan on 192.168.144.144.,1daca7d852a3154d
Write a C program to perform a simple port scan on 192.168.145.91.,1daca7d852a3154d
Write a C program to perform a simple port scan on 192.168.152.243 for the top 15 most common ports,1daca7d852a3154d
Write a C program to perform a simple port scan on 192.168.152.37.,1daca7d852a3154d
Write a C program to perform a simple port scan on 192.168.156.238.,1daca7d852a3154d
Write a C program to perform a simple port scan on 192.168.16.56.,1daca7d852a3154d
Write a C program to perform a simple port scan on 192.168.168.201 for the top 15 most common ports,1daca7d852a3154d
Write a C program to perform a simple port scan on 192.168.173.72.,1daca7d852a3154d
Write a C program to perform a simple port scan on 192.168.180.154.,1daca7d852a3154d
Write a C program to perform a simple port scan on 192.168.180.53.,1daca7d852a3154d
Write a C program to perform a simple port scan on 192.168.181.161 for the top 15 most common ports,1daca7d852a3154d
Write a C program to perform a simple port scan on 192.168.185.104.,1daca7d852a3154d
Write a C program to perform a simple port scan on 192.168.185.174 for the top 15 most common ports,1daca7d852a3154d
Write a C program to perform a simple port scan on 192.168.185.185 for the top 15 most common ports,1daca7d852a3154d
Write a C program to perform a simple port scan on 192.168.187.149.,1daca7d852a3154d
Write a C program to perform a simple port scan on 192.168.188.239.,1daca7d852a3154d
Write a C program to perform a simple port scan on 192.168.190.55.,1daca7d852a3154d
Write a C program to perform a simple port scan on 192.168.192.157.,1daca7d852a3154d
Write a C program to perform a simple port scan on 192.168.193.69.,1daca7d852a3154d
Write a C program to perform a simple port scan on 192.168.196.131 for the top 15 most common ports,1daca7d852a3154d
Write a C program to perform a simple port scan on 192.168.2.184.,1daca7d852a3154d
Write a C program to perform a simple port scan on 192.168.200.237.,1daca7d852a3154d
Write a C program to perform a simple port scan on 192.168.202.28.,1daca7d852a3154d
Write a C program to perform a simple port scan on 192.168.206.69.,1daca7d852a3154d
Write a C program to perform a simple port scan on 192.168.206.90.,1daca7d852a3154d
Write a C program to perform a simple port scan on 192.168.209.115.,1daca7d852a3154d
Write a C program to perform a simple port scan on 192.168.212.137.,1daca7d852a3154d
Write a C program to perform a simple port scan on 192.168.216.156.,1daca7d852a3154d
Write a C program to perform a simple port scan on 192.168.217.53.,1daca7d852a3154d
Write a C program to perform a simple port scan on 192.168.218.246.,1daca7d852a3154d
Write a C program to perform a simple port scan on 192.168.22.73 for the top 15 most common ports,1daca7d852a3154d
Write a C program to perform a simple port scan on 192.168.222.176.,1daca7d852a3154d
Write a C program to perform a simple port scan on 192.168.225.84.,1daca7d852a3154d
Write a C program to perform a simple port scan on 192.168.226.82.,1daca7d852a3154d
Write a C program to perform a simple port scan on 192.168.231.58.,1daca7d852a3154d
Write a C program to perform a simple port scan on 192.168.234.203.,1daca7d852a3154d
Write a C program to perform a simple port scan on 192.168.236.19.,1daca7d852a3154d
Write a C program to perform a simple port scan on 192.168.237.150.,1daca7d852a3154d
Write a C program to perform a simple port scan on 192.168.24.24.,1daca7d852a3154d
Write a C program to perform a simple port scan on 192.168.241.16.,1daca7d852a3154d
Write a C program to perform a simple port scan on 192.168.243.60.,1daca7d852a3154d
Write a C program to perform a simple port scan on 192.168.246.116.,1daca7d852a3154d
Write a C program to perform a simple port scan on 192.168.251.239.,1daca7d852a3154d
Write a C program to perform a simple port scan on 192.168.252.97.,1daca7d852a3154d
Write a C program to perform a simple port scan on 192.168.255.172.,1daca7d852a3154d
Write a C program to perform a simple port scan on 192.168.26.104.,1daca7d852a3154d
Write a C program to perform a simple port scan on 192.168.27.232 for the top 15 most common ports,1daca7d852a3154d
Write a C program to perform a simple port scan on 192.168.28.73.,1daca7d852a3154d
Write a C program to perform a simple port scan on 192.168.30.33.,1daca7d852a3154d
Write a C program to perform a simple port scan on 192.168.46.65.,1daca7d852a3154d
Write a C program to perform a simple port scan on 192.168.54.221.,1daca7d852a3154d
Write a C program to perform a simple port scan on 192.168.55.156.,1daca7d852a3154d
Write a C program to perform a simple port scan on 192.168.55.240.,1daca7d852a3154d
Write a C program to perform a simple port scan on 192.168.6.164.,1daca7d852a3154d
Write a C program to perform a simple port scan on 192.168.60.234 for the top 15 most common ports,1daca7d852a3154d
Write a C program to perform a simple port scan on 192.168.60.243.,1daca7d852a3154d
Write a C program to perform a simple port scan on 192.168.62.155.,1daca7d852a3154d
Write a C program to perform a simple port scan on 192.168.69.155.,1daca7d852a3154d
Write a C program to perform a simple port scan on 192.168.76.114.,1daca7d852a3154d
Write a C program to perform a simple port scan on 192.168.78.9.,1daca7d852a3154d
Write a C program to perform a simple port scan on 192.168.8.37.,1daca7d852a3154d
Write a C program to perform a simple port scan on 192.168.88.197 for the top 15 most common ports,1daca7d852a3154d
Write a C program to perform a simple port scan on 192.168.88.36.,1daca7d852a3154d
Write a C program to perform a simple port scan on 192.168.90.127 for the top 15 most common ports,1daca7d852a3154d
Write a C program to perform a simple port scan on 192.168.96.64 for the top 15 most common ports,1daca7d852a3154d
Write a C program to perform a simple port scan on 192.168.97.81 for the top 15 most common ports,1daca7d852a3154d
Write a C program to perform a simple port scan on {host}.,1daca7d852a3154d
Write a C function that receives two integer lists and returns a 1 for each element that differs and a 0 for each element that is the same.,1e1dda93473edcd4
"Build a C function to emulate a basic shell (supporting cd, ls, exit).",1edc6c6603eedd49
"Build a C program to emulate a basic shell (supporting cd, ls, exit).",1edc6c6603eedd49
Make a C function that emulates a simple shell for 19 commands.,1edc6c6603eedd49
Make a C function that emulates a simple shell for 3 commands.,1edc6c6603eedd49
Make a C function that emulates a simple shell for 48 commands.,1edc6c6603eedd49
Make a C function that emulates a simple shell for 82 commands.,1edc6c6603eedd49
Make a C function that emulates a simple shell for 85 commands.,1edc6c6603eedd49
Make a C function that emulates a simple shell for 89 commands.,1edc6c6603eedd49
Make a C function that emulates a simple shell for 98 commands.,1edc6c6603eedd49
Make a C program that emulates a simple shell for 10 commands.,1edc6c6603eedd49
Make a C program that emulates a simple shell for 100 commands.,1edc6c6603eedd49
Make a C program that emulates a simple shell for 11 commands.,1edc6c6603eedd49
Make a C program that emulates a simple shell for 12 commands.,1edc6c6603eedd49
Make a C program that emulates a simple shell for 14 commands.,1edc6c6603eedd49
Make a C program that emulates a simple shell for 15 commands.,1edc6c6603eedd49
Make a C program that emulates a simple shell for 16 commands.,1edc6c6603eedd49
Make a C program that emulates a simple shell for 18 commands.,1edc6c6603eedd49
Make a C program that emulates a simple shell for 20 commands.,1edc6c6603eedd49
Make a C program that emulates a simple shell for 21 commands.,1edc6c6603eedd49
Make a C program that emulates a simple shell for 22 commands.,1edc6c6603eedd49
Make a C program that emulates a simple shell for 23 commands.,1edc6c6603eedd49
Make a C program that emulates a simple shell for 25 commands.,1edc6c6603eedd49
Make a C program that emulates a simple shell for 26 commands.,1edc6c6603eedd49
Make a C program that emulates a simple shell for 27 commands.,1edc6c6603eedd49
Make a C program that emulates a simple shell for 28 commands.,1edc6c6603eedd49
Make a C program that emulates a simple shell for 29 commands.,1edc6c6603eedd49
Make a C program that emulates a simple shell for 3 commands.,1edc6c6603eedd49
Make a C program that emulates a simple shell for 30 commands.,1edc6c6603eedd49
Make a C program that emulates a simple shell for 31 commands.,1edc6c6603eedd49
Make a C program that emulates a simple shell for 32 commands.,1edc6c6603eedd49
Make a C program that emulates a simple shell for 33 commands.,1edc6c6603eedd49
Make a C program that emulates a simple shell for 34 commands.,1edc6c6603eedd49
Make a C program that emulates a simple shell for 35 commands.,1edc6c6603eedd49
Make a C program that emulates a simple shell for 36 commands.,1edc6c6603eedd49
Make a C program that emulates a simple shell for 37 commands.,1edc6c6603eedd49
Make a C program that emulates a simple shell for 38 commands.,1edc6c6603eedd49
Make a C program that emulates a simple shell for 4 commands.,1edc6c6603eedd49
Make a C program that emulates a simple shell for 40 commands.,1edc6c6603eedd49
Make a C program that emulates a simple shell for 41 commands.,1edc6c6603eedd49
Make a C program that emulates a simple shell for 42 commands.,1edc6c6603eedd49
Make a C program that emulates a simple shell for 43 commands.,1edc6c6603eedd49
Make a C program that emulates a simple shell for 44 commands.,1edc6c6603eedd49
Make a C program that emulates a simple shell for 46 commands.,1edc6c6603eedd49
Make a C program that emulates a simple shell for 47 commands.,1edc6c6603eedd49
Make a C program that emulates a simple shell for 48 commands.,1edc6c6603eedd49
Make a C program that emulates a simple shell for 5 commands.,1edc6c6603eedd49
Make a C program that emulates a simple shell for 51 commands.,1edc6c6603eedd49
Make a C program that emulates a simple shell for 52 commands.,1edc6c6603eedd49
Make a C program that emulates a simple shell for 53 commands.,1edc6c6603eedd49
Make a C program that emulates a simple shell for 55 commands.,1edc6c6603eedd49
Make a C program that emulates a simple shell for 56 commands.,1edc6c6603eedd49
Make a C program that emulates a simple shell for 57 commands.,1edc6c6603eedd49
Make a C program that emulates a simple shell for 58 commands.,1edc6c6603eedd49
Make a C program that emulates a simple shell for 59 commands.,1edc6c6603eedd49
Make a C program that emulates a simple shell for 6 commands.,1edc6c6603eedd49
Make a C program that emulates a simple shell for 60 commands.,1edc6c6603eedd49
Make a C program that emulates a simple shell for 61 commands.,1edc6c6603eedd49
Make a C program that emulates a simple shell for 62 commands.,1edc6c6603eedd49
Make a C program that emulates a simple shell for 63 commands.,1edc6c6603eedd49
Make a C program that emulates a simple shell for 64 commands.,1edc6c6603eedd49
Make a C program that emulates a simple shell for 65 commands.,1edc6c6603eedd49
Make a C program that emulates a simple shell for 66 commands.,1edc6c6603eedd49
Make a C program that emulates a simple shell for 67 commands.,1edc6c6603eedd49
Make a C program that emulates a simple shell for 68 commands.,1edc6c6603eedd49
Make a C program that emulates a simple shell for 69 commands.,1edc6c6603eedd49
Make a C program that emulates a simple shell for 7 commands.,1edc6c6603eedd49
Make a C program that emulates a simple shell for 70 commands.,1edc6c6603eedd49
Make a C program that emulates a simple shell for 71 commands.,1edc6c6603eedd49
Make a C program that emulates a simple shell for 72 commands.,1edc6c6603eedd49
Make a C program that emulates a simple shell for 73 commands.,1edc6c6603eedd49
Make a C program that emulates a simple shell for 75 commands.,1edc6c6603eedd49
Make a C program that emulates a simple shell for 76 commands.,1edc6c6603eedd49
Make a C program that emulates a simple shell for 77 commands.,1edc6c6603eedd49
Make a C program that emulates a simple shell for 78 commands.,1edc6c6603eedd49
Make a C program that emulates a simple shell for 79 commands.,1edc6c6603eedd49
Make a C program that emulates a simple shell for 8 commands.,1edc6c6603eedd49
Make a C program that emulates a simple shell for 80 commands.,1edc6c6603eedd49
Make a C program that emulates a simple shell for 81 commands.,1edc6c6603eedd49
Make a C program that emulates a simple shell for 82 commands.,1edc6c6603eedd49
Make a C program that emulates a simple shell for 83 commands.,1edc6c6603eedd49
Make a C program that emulates a simple shell for 84 commands.,1edc6c6603eedd49
Make a C program that emulates a simple shell for 85 commands.,1edc6c6603eedd49
Make a C program that emulates a simple shell for 87 commands.,1edc6c6603eedd49
Make a C program that emulates a simple shell for 89 commands.,1edc6c6603eedd49
Make a C program that emulates a simple shell for 9 commands.,1edc6c6603eedd49
Make a C program that emulates a simple shell for 91 commands.,1edc6c6603eedd49
Make a C program that emulates a simple shell for 92 commands.,1edc6c6603eedd49
Make a C program that emulates a simple shell for 93 commands.,1edc6c6603eedd49
Make a C program that emulates a simple shell for 94 commands.,1edc6c6603eedd49
Make a C program that emulates a simple shell for 95 commands.,1edc6c6603eedd49
Make a C program that emulates a simple shell for 97 commands.,1edc6c6603eedd49
Make a C program that emulates a simple shell for 99 commands.,1edc6c6603eedd49
"Implement a small battleship game in C language, where the user can place ships on a grid and then attack them. The grid size is 13x13.",206d32c0c435a614
"Implement a small battleship game in C language, where the user can place ships on a grid and then attack them. The grid size is 18x18.",206d32c0c435a614
"Implement a small battleship game in C language, where the user can place ships on a grid and then attack them. The grid size is 23x23.",206d32c0c435a614
"Implement a small battleship game in C language, where the user can place ships on a grid and then attack them. The grid size is 26x26.",206d32c0c435a614
"Implement a small battleship game in C language, where the user can place ships on a grid and then attack them. The grid size is 38x38.",206d32c0c435a614
"Implement a small battleship game in C language, where the user can place ships on a grid and then attack them. The grid size is 42x42.",206d32c0c435a614
"Implement a small battleship game in C language, where the user can place ships on a grid and then attack them. The grid size is 43x43.",206d32c0c435a614
"Implement a small battleship game in C language, where the user can place ships on a grid and then attack them. The grid size is 44x44.",206d32c0c435a614
"Implement a small battleship game in C language, where the user can place ships on a grid and then attack them. The grid size is 46x46.",206d32c0c435a614
"Implement a small battleship game in C language, where the user can place ships on a grid and then attack them. The grid size is 53x53.",206d32c0c435a614
"Implement a small battleship game in C language, where the user can place ships on a grid and then attack them. The grid size is 55x55.",206d32c0c435a614
"Implement a small battleship game in C language, where the user can place ships on a grid and then attack them. The grid size is 56x56.",206d32c0c435a614
"Implement a small battleship game in C language, where the user can place ships on a grid and then attack them. The grid size is 59x59.",206d32c0c435a614
"Implement a small battleship game in C language, where the user can place ships on a grid and then attack them. The grid size is 60x60.",206d32c0c435a614
"Implement a small battleship game in C language, where the user can place ships on a grid and then attack them. The grid size is 62x62.",206d32c0c435a614
"Implement a small battleship game in C language, where the user can place ships on a grid and then attack them. The grid size is 63x63.",206d32c0c435a614
"Implement a small battleship game in C language, where the user can place ships on a grid and then attack them. The grid size is 66x66.",206d32c0c435a614
"Implement a small battleship game in C language, where the user can place ships on a grid and then attack them. The grid size is 74x74.",206d32c0c435a614
"Implement a small battleship game in C language, where the user can place ships on a grid and then attack them. The grid size is 75x75.",206d32c0c435a614
"Implement a small battleship game in C language, where the user can place ships on a grid and then attack them. The grid size is 79x79.",206d32c0c435a614
"Implement a small battleship game in C language, where the user can place ships on a grid and then attack them. The grid size is 80x80.",206d32c0c435a614
"Implement a small battleship game in C language, where the user can place ships on a grid and then attack them. The grid size is 88x88.",206d32c0c435a614
"Implement a small battleship game in C language, where the user can place ships on a grid and then attack them. The grid size is 8x8.",206d32c0c435a614
"Implement a small battleship game in C language, where the user can place ships on a grid and then attack them. The grid size is 91x91.",206d32c0c435a614
"Implement a small battleship game in C language, where the user can place ships on a grid and then attack them. The grid size is 92x92.",206d32c0c435a614
"Implement a small battleship game in C language, where the user can place ships on a grid and then attack them. The grid size is 99x99.",206d32c0c435a614
Make a C function to detect cycle in directed graph with 16 nodes.,2094abc6252b1877
Make a C function to detect cycle in directed graph with 17 nodes.,2094abc6252b1877
Make a C function to detect cycle in directed graph with 29 nodes.,2094abc6252b1877
Make a C function to detect cycle in directed graph with 45 nodes.,2094abc6252b1877
Make a C function to detect cycle in directed graph with 6 nodes.,2094abc6252b1877
Make a C program to detect cycle in directed graph with 10 nodes.,2094abc6252b1877
Make a C program to detect cycle in directed graph with 11 nodes.,2094abc6252b1877
Make a C program to detect cycle in directed graph with 12 nodes.,2094abc6252b1877
Make a C program to detect cycle in directed graph with 13 nodes.,2094abc6252b1877
Make a C program to detect cycle in directed graph with 15 nodes.,2094abc6252b1877
Make a C program to detect cycle in directed graph with 16 nodes.,2094abc6252b1877
Make a C program to detect cycle in directed graph with 18 nodes.,2094abc6252b1877
Make a C program to detect cycle in directed graph with 20 nodes.,2094abc6252b1877
Make a C program to detect cycle in directed graph with 22 nodes.,2094abc6252b1877
Make a C program to detect cycle in directed graph with 23 nodes.,2094abc6252b1877
Make a C program to detect cycle in directed graph with 26 nodes.,2094abc6252b1877
Make a C program to detect cycle in directed graph with 29 nodes.,2094abc6252b1877
Make a C program to detect cycle in directed graph with 30 nodes.,2094abc6252b1877
Make a C program to detect cycle in directed graph with 32 nodes.,2094abc6252b1877
Make a C program to detect cycle in directed graph with 35 nodes.,2094abc6252b1877
Make a C program to detect cycle in directed graph with 36 nodes.,2094abc6252b1877
Make a C program to detect cycle in directed graph with 37 nodes.,2094abc6252b1877
Make a C program to detect cycle in directed graph with 38 nodes.,2094abc6252b1877
Make a C program to detect cycle in directed graph with 42 nodes.,2094abc6252b1877
Make a C program to detect cycle in directed graph with 43 nodes.,2094abc6252b1877
Make a C program to detect cycle in directed graph with 47 nodes.,2094abc6252b1877
Make a C program to detect cycle in directed graph with 5 nodes.,2094abc6252b1877
Make a C program to detect cycle in directed graph with 50 nodes.,2094abc6252b1877
Make a C program to detect cycle in directed graph with 6 nodes.,2094abc6252b1877
Make a C program to detect cycle in directed graph with {nodes} nodes.,2094abc6252b1877
Write a C function to simulate a Markov chain with 10 states and 994 steps.,22679d9c94c30a8e
Write a C function to simulate a Markov chain with 2 states and 777 steps.,22679d9c94c30a8e
Write a C function to simulate a Markov chain with 3 states and 468 steps.,22679d9c94c30a8e
Write a C function to simulate a Markov chain with 4 states and 716 steps.,22679d9c94c30a8e
Write a C function to simulate a Markov chain with 4 states and 828 steps.,22679d9c94c30a8e
Write a C function to simulate a Markov chain with 5 states and 329 steps.,22679d9c94c30a8e
Write a C function to simulate a Markov chain with 6 states and 414 steps.,22679d9c94c30a8e
Write a C function to simulate a Markov chain with 6 states and 563 steps.,22679d9c94c30a8e
Write a C program to simulate a Markov chain with 10 states and 208 steps.,22679d9c94c30a8e
Write a C program to simulate a Markov chain with 10 states and 430 steps.,22679d9c94c30a8e
Write a C program to simulate a Markov chain with 10 states and 630 steps.,22679d9c94c30a8e
Write a C program to simulate a Markov chain with 2 states and 598 steps.,22679d9c94c30a8e
Write a C program to simulate a Markov chain with 2 states and 874 steps.,22679d9c94c30a8e
Write a C program to simulate a Markov chain with 2 states and 998 steps.,22679d9c94c30a8e
Write a C program to simulate a Markov chain with 3 states and 151 steps.,22679d9c94c30a8e
Write a C program to simulate a Markov chain with 3 states and 379 steps.,22679d9c94c30a8e
Write a C program to simulate a Markov chain with 3 states and 786 steps.,22679d9c94c30a8e
Write a C program to simulate a Markov chain with 4 states and 731 steps.,22679d9c94c30a8e
Write a C program to simulate a Markov chain with 4 states and 792 steps.,22679d9c94c30a8e
Write a C program to simulate a Markov chain with 4 states and 812 steps.,22679d9c94c30a8e
Write a C program to simulate a Markov chain with 4 states and 925 steps.,22679d9c94c30a8e
Write a C program to simulate a Markov chain with 4 states and 973 steps.,22679d9c94c30a8e
Write a C program to simulate a Markov chain with 5 states and 146 steps.,22679d9c94c30a8e
Write a C program to simulate a Markov chain with 5 states and 307 steps.,22679d9c94c30a8e
Write a C program to simulate a Markov chain with 5 states and 342 steps.,22679d9c94c30a8e
Write a C program to simulate a Markov chain with 5 states and 741 steps.,22679d9c94c30a8e
Write a C program to simulate a Markov chain with 5 states and 811 steps.,22679d9c94c30a8e
Write a C program to simulate a Markov chain with 6 states and 359 steps.,22679d9c94c30a8e
Write a C program to simulate a Markov chain with 6 states and 59 steps.,22679d9c94c30a8e
Write a C program to simulate a Markov chain with 6 states and 628 steps.,22679d9c94c30a8e
Write a C program to simulate a Markov chain with 6 states and 678 steps.,22679d9c94c30a8e
Write a C program to simulate a Markov chain with 8 states and 941 steps.,22679d9c94c30a8e
Write a C program to simulate a Markov chain with 9 states and 477 steps.,22679d9c94c30a8e
Write a C program to simulate a Markov chain with {states} states and {steps} steps.,22679d9c94c30a8e
Write a C function to print 36 rows of Pascal's triangle.,230a6af03c78ab9e
Write a C function to print 38 rows of Pascal's triangle.,230a6af03c78ab9e
Write a C function to print 45 rows of Pascal's triangle.,230a6af03c78ab9e
Write a C function to print 49 rows of Pascal's triangle.,230a6af03c78ab9e
Write a C function to print 91 rows of Pascal's triangle.,230a6af03c78ab9e
Write a C program to print 100 rows of Pascal's triangle.,230a6af03c78ab9e
Write a C program to print 13 rows of Pascal's triangle.,230a6af03c78ab9e
Write a C program to print 14 rows of Pascal's triangle.,230a6af03c78ab9e
Write a C program to print 15 rows of Pascal's triangle.,230a6af03c78ab9e
Write a C program to print 16 rows of Pascal's triangle.,230a6af03c78ab9e
Write a C program to print 17 rows of Pascal's triangle.,230a6af03c78ab9e
Write a C program to print 19 rows of Pascal's triangle.,230a6af03c78ab9e
Write a C program to print 20 rows of Pascal's triangle.,230a6af03c78ab9e
Write a C program to print 21 rows of Pascal's triangle.,230a6af03c78ab9e
Write a C program to print 22 rows of Pascal's triangle.,230a6af03c78ab9e
Write a C program to print 26 rows of Pascal's triangle.,230a6af03c78ab9e
Write a C program to print 27 rows of Pascal's triangle.,230a6af03c78ab9e
Write a C program to print 28 rows of Pascal's triangle.,230a6af03c78ab9e
Write a C program to print 29 rows of Pascal's triangle.,230a6af03c78ab9e
Write a C program to print 31 rows of Pascal's triangle.,230a6af03c78ab9e
Write a C program to print 32 rows of Pascal's triangle.,230a6af03c78ab9e
Write a C program to print 33 rows of Pascal's triangle.,230a6af03c78ab9e
Write a C program to print 37 rows of Pascal's triangle.,230a6af03c78ab9e
Write a C program to print 38 rows of Pascal's triangle.,230a6af03c78ab9e
Write a C program to print 39 rows of Pascal's triangle.,230a6af03c78ab9e
Write a C program to print 40 rows of Pascal's triangle.,230a6af03c78ab9e
Write a C program to print 43 rows of Pascal's triangle.,230a6af03c78ab9e
Write a C program to print 45 rows of Pascal's triangle.,230a6af03c78ab9e
Write a C program to print 46 rows of Pascal's triangle.,230a6af03c78ab9e
Write a C program to print 47 rows of Pascal's triangle.,230a6af03c78ab9e
Write a C program to print 48 rows of Pascal's triangle.,230a6af03c78ab9e
Write a C program to print 49 rows of Pascal's triangle.,230a6af03c78ab9e
Write a C program to print 50 rows of Pascal's triangle.,230a6af03c78ab9e
Write a C program to print 51 rows of Pascal's triangle.,230a6af03c78ab9e
Write a C program to print 53 rows of Pascal's triangle.,230a6af03c78ab9e
Write a C program to print 54 rows of Pascal's triangle.,230a6af03c78ab9e
Write a C program to print 55 rows of Pascal's triangle.,230a6af03c78ab9e
Write a C program to print 57 rows of Pascal's triangle.,230a6af03c78ab9e
Write a C program to print 58 rows of Pascal's triangle.,230a6af03c78ab9e
Write a C program to print 60 rows of Pascal's triangle.,230a6af03c78ab9e
Write a C program to print 61 rows of Pascal's triangle.,230a6af03c78ab9e
Write a C program to print 63 rows of Pascal's triangle.,230a6af03c78ab9e
Write a C program to print 64 rows of Pascal's triangle.,230a6af03c78ab9e
Write a C program to print 65 rows of Pascal's triangle.,230a6af03c78ab9e
Write a C program to print 66 rows of Pascal's triangle.,230a6af03c78ab9e
Write a C program to print 67 rows of Pascal's triangle.,230a6af03c78ab9e
Write a C program to print 68 rows of Pascal's triangle.,230a6af03c78ab9e
Write a C program to print 69 rows of Pascal's triangle.,230a6af03c78ab9e
Write a C program to print 72 rows of Pascal's triangle.,230a6af03c78ab9e
Write a C program to print 73 rows of Pascal's triangle.,230a6af03c78ab9e
Write a C program to print 75 rows of Pascal's triangle.,230a6af03c78ab9e
Write a C program to print 76 rows of Pascal's triangle.,230a6af03c78ab9e
Write a C program to print 77 rows of Pascal's triangle.,230a6af03c78ab9e
Write a C program to print 78 rows of Pascal's triangle.,230a6af03c78ab9e
Write a C program to print 79 rows of Pascal's triangle.,230a6af03c78ab9e
Write a C program to print 80 rows of Pascal's triangle.,230a6af03c78ab9e
Write a C program to print 82 rows of Pascal's triangle.,230a6af03c78ab9e
Write a C program to print 84 rows of Pascal's triangle.,230a6af03c78ab9e
Write a C program to print 87 rows of Pascal's triangle.,230a6af03c78ab9e
Write a C program to print 89 rows of Pascal's triangle.,230a6af03c78ab9e
Write a C program to print 90 rows of Pascal's triangle.,230a6af03c78ab9e
Write a C program to print 91 rows of Pascal's triangle.,230a6af03c78ab9e
Write a C program to print 92 rows of Pascal's triangle.,230a6af03c78ab9e
Write a C program to print 93 rows of Pascal's triangle.,230a6af03c78ab9e
Write a C program to print 96 rows of Pascal's triangle.,230a6af03c78ab9e
Write a C program to print 98 rows of Pascal's triangle.,230a6af03c78ab9e
Write a C program to print 99 rows of Pascal's triangle.,230a6af03c78ab9e
Write a C program to print {rows} rows of Pascal's triangle.,230a6af03c78ab9e
Build a C function that implements a ray tracer to render a 3D scene in ASCII.,2515d207ceb0a575
Build a C program that implements a ray tracer to render a 3D scene in ASCII.,2515d207ceb0a575
Create a C function to solve a system of nonlinear equations using the Newton-Raphson method.,258ad3031213a5ae
Create a C program to solve a system of nonlinear equations using the Newton-Raphson method.,258ad3031213a5ae
Generate a C function to classify IP: '192.168.100.21'.,2646ec9c171833ed
Generate a C function to classify IP: '192.168.124.104'.,2646ec9c171833ed
Generate a C function to classify IP: '192.168.187.143'.,2646ec9c171833ed
Generate a C function to classify IP: '192.168.222.250'.,2646ec9c171833ed
Generate a C function to classify IP: '192.168.35.223'.,2646ec9c171833ed
Generate a C function to classify IP: '192.168.43.147'.,2646ec9c171833ed
Generate a C function to classify IP: '192.168.80.197'.,2646ec9c171833ed
Generate a C program to classify IP: '192.168.10.142'.,2646ec9c171833ed
Generate a C program to classify IP: '192.168.100.87'.,2646ec9c171833ed
Generate a C program to classify IP: '192.168.101.237'.,2646ec9c171833ed
Generate a C program to classify IP: '192.168.101.3'.,2646ec9c171833ed
Generate a C program to classify IP: '192.168.101.78'.,2646ec9c171833ed
Generate a C program to classify IP: '192.168.102.67'.,2646ec9c171833ed
Generate a C program to classify IP: '192.168.107.88'.,2646ec9c171833ed
Generate a C program to classify IP: '192.168.108.79'.,2646ec9c171833ed
Generate a C program to classify IP: '192.168.111.38'.,2646ec9c171833ed
Generate a C program to classify IP: '192.168.118.194'.,2646ec9c171833ed
Generate a C program to classify IP: '192.168.12.157'.,2646ec9c171833ed
Generate a C program to classify IP: '192.168.12.24'.,2646ec9c171833ed
Generate a C program to classify IP: '192.168.120.125'.,2646ec9c171833ed
Generate a C program to classify IP: '192.168.120.187'.,2646ec9c171833ed
Generate a C program to classify IP: '192.168.124.8'.,2646ec9c171833ed
Generate a C program to classify IP: '192.168.125.201'.,2646ec9c171833ed
Generate a C program to classify IP: '192.168.125.73'.,2646ec9c171833ed
Generate a C program to classify IP: '192.168.126.119'.,2646ec9c171833ed
Generate a C program to classify IP: '192.168.13.125'.,2646ec9c171833ed
Generate a C program to classify IP: '192.168.13.136'.,2646ec9c171833ed
Generate a C program to classify IP: '192.168.132.137'.,2646ec9c171833ed
Generate a C program to classify IP: '192.168.135.114'.,2646ec9c171833ed
Generate a C program to classify IP: '192.168.135.136'.,2646ec9c171833ed
Generate a C program to classify IP: '192.168.135.249'.,2646ec9c171833ed
Generate a C program to classify IP: '192.168.136.117'.,2646ec9c171833ed
Generate a C program to classify IP: '192.168.136.13'.,2646ec9c171833ed
Generate a C program to classify IP: '192.168.136.81'.,2646ec9c171833ed
Generate a C program to classify IP: '192.168.137.20'.,2646ec9c171833ed
Generate a C program to classify IP: '192.168.138.33'.,2646ec9c171833ed
Generate a C program to classify IP: '192.168.142.242'.,2646ec9c171833ed
Generate a C program to classify IP: '192.168.143.187'.,2646ec9c171833ed
Generate a C program to classify IP: '192.168.144.156'.,2646ec9c171833ed
Generate a C program to classify IP: '192.168.144.22'.,2646ec9c171833ed
Generate a C program to classify IP: '192.168.145.242'.,2646ec9c171833ed
Generate a C program to classify IP: '192.168.146.117'.,2646ec9c171833ed
Generate a C program to classify IP: '192.168.147.205'.,2646ec9c171833ed
Generate a C program to classify IP: '192.168.148.136'.,2646ec9c171833ed
Generate a C program to classify IP: '192.168.149.251'.,2646ec9c171833ed
Generate a C program to classify IP: '192.168.15.130'.,2646ec9c171833ed
Generate a C program to classify IP: '192.168.153.227'.,2646ec9c171833ed
Generate a C program to classify IP: '192.168.154.123'.,2646ec9c171833ed
Generate a C program to classify IP: '192.168.155.219'.,2646ec9c171833ed
Generate a C program to classify IP: '192.168.155.6'.,2646ec9c171833ed
Generate a C program to classify IP: '192.168.16.128'.,2646ec9c171833ed
Generate a C program to classify IP: '192.168.16.69'.,2646ec9c171833ed
Generate a C program to classify IP: '192.168.160.143'.,2646ec9c171833ed
Generate a C program to classify IP: '192.168.162.124'.,2646ec9c171833ed
Generate a C program to classify IP: '192.168.162.152'.,2646ec9c171833ed
Generate a C program to classify IP: '192.168.163.126'.,2646ec9c171833ed
Generate a C program to classify IP: '192.168.164.98'.,2646ec9c171833ed
Generate a C program to classify IP: '192.168.170.171'.,2646ec9c171833ed
Generate a C program to classify IP: '192.168.170.237'.,2646ec9c171833ed
Generate a C program to classify IP: '192.168.172.131'.,2646ec9c171833ed
Generate a C program to classify IP: '192.168.173.94'.,2646ec9c171833ed
Generate a C program to classify IP: '192.168.175.218'.,2646ec9c171833ed
Generate a C program to classify IP: '192.168.178.30'.,2646ec9c171833ed
Generate a C program to classify IP: '192.168.179.161'.,2646ec9c171833ed
Generate a C program to classify IP: '192.168.18.19'.,2646ec9c171833ed
Generate a C program to classify IP: '192.168.180.41'.,2646ec9c171833ed
Generate a C program to classify IP: '192.168.181.145'.,2646ec9c171833ed
Generate a C program to classify IP: '192.168.182.163'.,2646ec9c171833ed
Generate a C program to classify IP: '192.168.182.180'.,2646ec9c171833ed
Generate a C program to classify IP: '192.168.182.251'.,2646ec9c171833ed
Generate a C program to classify IP: '192.168.183.204'.,2646ec9c171833ed
Generate a C program to classify IP: '192.168.184.120'.,2646ec9c171833ed
Generate a C program to classify IP: '192.168.185.113'.,2646ec9c171833ed
Generate a C program to classify IP: '192.168.185.236'.,2646ec9c171833ed
Generate a C program to classify IP: '192.168.185.44'.,2646ec9c171833ed
Generate a C program to classify IP: '192.168.187.139'.,2646ec9c171833ed
Generate a C program to classify IP: '192.168.187.41'.,2646ec9c171833ed
Generate a C program to classify IP: '192.168.188.80'.,2646ec9c171833ed
Generate a C program to classify IP: '192.168.19.186'.,2646ec9c171833ed
Generate a C program to classify IP: '192.168.190.223'.,2646ec9c171833ed
Generate a C program to classify IP: '192.168.190.234'.,2646ec9c171833ed
Generate a C program to classify IP: '192.168.194.142'.,2646ec9c171833ed
Generate a C program to classify IP: '192.168.194.166'.,2646ec9c171833ed
Generate a C program to classify IP: '192.168.197.76'.,2646ec9c171833ed
Generate a C program to classify IP: '192.168.198.181'.,2646ec9c171833ed
Generate a C program to classify IP: '192.168.198.203'.,2646ec9c171833ed
Generate a C program to classify IP: '192.168.198.6'.,2646ec9c171833ed
Generate a C program to classify IP: '192.168.2.169'.,2646ec9c171833ed
Generate a C program to classify IP: '192.168.2.209'.,2646ec9c171833ed
Generate a C program to classify IP: '192.168.200.113'.,2646ec9c171833ed
Generate a C program to classify IP: '192.168.203.101'.,2646ec9c171833ed
Generate a C program to classify IP: '192.168.203.163'.,2646ec9c171833ed
Generate a C program to classify IP: '192.168.205.146'.,2646ec9c171833ed
Generate a C program to classify IP: '192.168.206.17'.,2646ec9c171833ed
Generate a C program to classify IP: '192.168.208.197'.,2646ec9c171833ed
Generate a C program to classify IP: '192.168.211.235'.,2646ec9c171833ed
Generate a C program to classify IP: '192.168.212.69'.,2646ec9c171833ed
Generate a C program to classify IP: '192.168.214.152'.,2646ec9c171833ed
Generate a C program to classify IP: '192.168.214.71'.,2646ec9c171833ed
Generate a C program to classify IP: '192.168.215.253'.,2646ec9c171833ed
Generate a C program to classify IP: '192.168.216.32'.,2646ec9c171833ed
Generate a C program to classify IP: '192.168.219.213'.,2646ec9c171833ed
Generate a C program to classify IP: '192.168.220.30'.,2646ec9c171833ed
Generate a C program to classify IP: '192.168.226.251'.,2646ec9c171833ed
Generate a C program to classify IP: '192.168.226.41'.,2646ec9c171833ed
Generate a C program to classify IP: '192.168.227.141'.,2646ec9c171833ed
Generate a C program to classify IP: '192.168.23.210'.,2646ec9c171833ed
Generate a C program to classify IP: '192.168.230.228'.,2646ec9c171833ed
Generate a C program to classify IP: '192.168.234.165'.,2646ec9c171833ed
Generate a C program to classify IP: '192.168.235.101'.,2646ec9c171833ed
Generate a C program to classify IP: '192.168.237.244'.,2646ec9c171833ed
Generate a C program to classify IP: '192.168.237.46'.,2646ec9c171833ed
Generate a C program to classify IP: '192.168.239.113'.,2646ec9c171833ed
Generate a C program to classify IP: '192.168.239.27'.,2646ec9c171833ed
Generate a C program to classify IP: '192.168.242.127'.,2646ec9c171833ed
Generate a C program to classify IP: '192.168.243.129'.,2646ec9c171833ed
Generate a C program to classify IP: '192.168.244.176'.,2646ec9c171833ed
Generate a C program to classify IP: '192.168.245.77'.,2646ec9c171833ed
Generate a C program to classify IP: '192.168.245.89'.,2646ec9c171833ed
Generate a C program to classify IP: '192.168.246.114'.,2646ec9c171833ed
Generate a C program to classify IP: '192.168.246.224'.,2646ec9c171833ed
Generate a C program to classify IP: '192.168.246.240'.,2646ec9c171833ed
Generate a C program to classify IP: '192.168.246.29'.,2646ec9c171833ed
Generate a C program to classify IP: '192.168.247.238'.,2646ec9c171833ed
Generate a C program to classify IP: '192.168.247.82'.,2646ec9c171833ed
Generate a C program to classify IP: '192.168.25.17'.,2646ec9c171833ed
Generate a C program to classify IP: '192.168.25.254'.,2646ec9c171833ed
Generate a C program to classify IP: '192.168.254.18'.,2646ec9c171833ed
Generate a C program to classify IP: '192.168.255.30'.,2646ec9c171833ed
Generate a C program to classify IP: '192.168.255.46'.,2646ec9c171833ed
Generate a C program to classify IP: '192.168.27.209'.,2646ec9c171833ed
Generate a C program to classify IP: '192.168.29.127'.,2646ec9c171833ed
Generate a C program to classify IP: '192.168.3.228'.,2646ec9c171833ed
Generate a C program to classify IP: '192.168.30.4'.,2646ec9c171833ed
Generate a C program to classify IP: '192.168.31.65'.,2646ec9c171833ed
Generate a C program to classify IP: '192.168.34.51'.,2646ec9c171833ed
Generate a C program to classify IP: '192.168.35.80'.,2646ec9c171833ed
Generate a C program to classify IP: '192.168.36.47'.,2646ec9c171833ed
Generate a C program to classify IP: '192.168.4.153'.,2646ec9c171833ed
Generate a C program to classify IP: '192.168.40.82'.,2646ec9c171833ed
Generate a C program to classify IP: '192.168.41.12'.,2646ec9c171833ed
Generate a C program to classify IP: '192.168.41.221'.,2646ec9c171833ed
Generate a C program to classify IP: '192.168.43.153'.,2646ec9c171833ed
Generate a C program to classify IP: '192.168.43.158'.,2646ec9c171833ed
Generate a C program to classify IP: '192.168.44.143'.,2646ec9c171833ed
Generate a C program to classify IP: '192.168.44.168'.,2646ec9c171833ed
Generate a C program to classify IP: '192.168.44.75'.,2646ec9c171833ed
Generate a C program to classify IP: '192.168.44.87'.,2646ec9c171833ed
Generate a C program to classify IP: '192.168.47.216'.,2646ec9c171833ed
Generate a C program to classify IP: '192.168.49.140'.,2646ec9c171833ed
Generate a C program to classify IP: '192.168.52.237'.,2646ec9c171833ed
Generate a C program to classify IP: '192.168.53.146'.,2646ec9c171833ed
Generate a C program to classify IP: '192.168.54.152'.,2646ec9c171833ed
Generate a C program to classify IP: '192.168.56.143'.,2646ec9c171833ed
Generate a C program to classify IP: '192.168.57.255'.,2646ec9c171833ed
Generate a C program to classify IP: '192.168.58.111'.,2646ec9c171833ed
Generate a C program to classify IP: '192.168.58.113'.,2646ec9c171833ed
Generate a C program to classify IP: '192.168.6.227'.,2646ec9c171833ed
Generate a C program to classify IP: '192.168.60.151'.,2646ec9c171833ed
Generate a C program to classify IP: '192.168.60.44'.,2646ec9c171833ed
Generate a C program to classify IP: '192.168.60.65'.,2646ec9c171833ed
Generate a C program to classify IP: '192.168.61.42'.,2646ec9c171833ed
Generate a C program to classify IP: '192.168.66.238'.,2646ec9c171833ed
Generate a C program to classify IP: '192.168.67.136'.,2646ec9c171833ed
Generate a C program to classify IP: '192.168.70.162'.,2646ec9c171833ed
Generate a C program to classify IP: '192.168.71.134'.,2646ec9c171833ed
Generate a C program to classify IP: '192.168.73.240'.,2646ec9c171833ed
Generate a C program to classify IP: '192.168.74.87'.,2646ec9c171833ed
Generate a C program to classify IP: '192.168.75.220'.,2646ec9c171833ed
Generate a C program to classify IP: '192.168.76.106'.,2646ec9c171833ed
Generate a C program to classify IP: '192.168.76.71'.,2646ec9c171833ed
Generate a C program to classify IP: '192.168.78.203'.,2646ec9c171833ed
Generate a C program to classify IP: '192.168.78.232'.,2646ec9c171833ed
Generate a C program to classify IP: '192.168.79.25'.,2646ec9c171833ed
Generate a C program to classify IP: '192.168.81.15'.,2646ec9c171833ed
Generate a C program to classify IP: '192.168.83.92'.,2646ec9c171833ed
Generate a C program to classify IP: '192.168.84.38'.,2646ec9c171833ed
Generate a C program to classify IP: '192.168.84.4'.,2646ec9c171833ed
Generate a C program to classify IP: '192.168.85.3'.,2646ec9c171833ed
Generate a C program to classify IP: '192.168.87.34'.,2646ec9c171833ed
Generate a C program to classify IP: '192.168.9.236'.,2646ec9c171833ed
Generate a C program to classify IP: '192.168.90.160'.,2646ec9c171833ed
Generate a C program to classify IP: '192.168.91.143'.,2646ec9c171833ed
Generate a C program to classify IP: '192.168.93.186'.,2646ec9c171833ed
Generate a C program to classify IP: '192.168.94.16'.,2646ec9c171833ed
Generate a C program to classify IP: '192.168.96.92'.,2646ec9c171833ed
Generate a C program to classify IP: '192.168.99.120'.,2646ec9c171833ed
Generate a C program to classify IP: '192.168.99.127'.,2646ec9c171833ed
Generate a C program to classify IP: '192.168.99.196'.,2646ec9c171833ed
"Write an application in the C programming language, that when given an IPv4 or IPv6 address, checks how many hops it takes to reach it.",269ad98d28e8eb81
Generate a C function that checks if brackets in '(m-n)/(p+q)' are balanced.,26a0e17eaa55d4ab
Generate a C function that checks if brackets in 'a+b*(c-d)' are balanced.,26a0e17eaa55d4ab
Generate a C function that checks if brackets in 'exp(x) - ln(y)' are balanced.,26a0e17eaa55d4ab
Generate a C function that checks if brackets in 'r^2 + s^2' are balanced.,26a0e17eaa55d4ab
Generate a C function that checks if brackets in 'sin(theta) * r' are balanced.,26a0e17eaa55d4ab
Generate a C program that checks if brackets in '(a+b)*c' are balanced.,26a0e17eaa55d4ab
Generate a C program that checks if brackets in '(a/b) + (c*d)' are balanced.,26a0e17eaa55d4ab
Generate a C program that checks if brackets in '(m-n)/(p+q)' are balanced.,26a0e17eaa55d4ab
Generate a C program that checks if brackets in '(u+v)^2 - w' are balanced.,26a0e17eaa55d4ab
Generate a C program that checks if brackets in '(x+y)*(z-w)/v' are balanced.,26a0e17eaa55d4ab
Generate a C program that checks if brackets in 'a*(b+c*(d-e))' are balanced.,26a0e17eaa55d4ab
Generate a C program that checks if brackets in 'a+b*(c-d)' are balanced.,26a0e17eaa55d4ab
Generate a C program that checks if brackets in 'abs(x-y) + z' are balanced.,26a0e17eaa55d4ab
Generate a C program that checks if brackets in 'exp(x) - ln(y)' are balanced.,26a0e17eaa55d4ab
Generate a C program that checks if brackets in 'k*(m+n)-sqrt(p)' are balanced.,26a0e17eaa55d4ab
Generate a C program that checks if brackets in 'log(x) + y' are balanced.,26a0e17eaa55d4ab
Generate a C program that checks if brackets in 'r^2 + s^2' are balanced.,26a0e17eaa55d4ab
Generate a C program that checks if brackets in 'sin(theta) * r' are balanced.,26a0e17eaa55d4ab
Generate a C program that checks if brackets in 'sqrt(a*b) - c' are balanced.,26a0e17eaa55d4ab
Generate a C program that checks if brackets in 'x*(y+z)-w' are balanced.,26a0e17eaa55d4ab
Make a C function that checks if '(a/b) + (c*d)' has balanced parentheses.,26a0e17eaa55d4ab
Make a C function that checks if '(m-n)/(p+q)' has balanced parentheses.,26a0e17eaa55d4ab
Make a C function that checks if '(x+y)*(z-w)/v' has balanced parentheses.,26a0e17eaa55d4ab
Make a C function that checks if 'exp(x) - ln(y)' has balanced parentheses.,26a0e17eaa55d4ab
Make a C function that checks if 'k*(m+n)-sqrt(p)' has balanced parentheses.,26a0e17eaa55d4ab
Make a C function that checks if 'x*(y+z)-w' has balanced parentheses.,26a0e17eaa55d4ab
Make a C program that checks if '(a+b)*c' has balanced parentheses.,26a0e17eaa55d4ab
Make a C program that checks if '(a/b) + (c*d)' has balanced parentheses.,26a0e17eaa55d4ab
Make a C program that checks if '(m-n)/(p+q)' has balanced parentheses.,26a0e17eaa55d4ab
Make a C program that checks if '(u+v)^2 - w' has balanced parentheses.,26a0e17eaa55d4ab
Make a C program that checks if '(x+y)*(z-w)/v' has balanced parentheses.,26a0e17eaa55d4ab
Make a C program that checks if 'a*(b+c*(d-e))' has balanced parentheses.,26a0e17eaa55d4ab
Make a C program that checks if 'a+b*(c-d)' has balanced parentheses.,26a0e17eaa55d4ab
Make a C program that checks if 'abs(x-y) + z' has balanced parentheses.,26a0e17eaa55d4ab
Make a C program that checks if 'exp(x) - ln(y)' has balanced parentheses.,26a0e17eaa55d4ab
Make a C program that checks if 'k*(m+n)-sqrt(p)' has balanced parentheses.,26a0e17eaa55d4ab
Make a C program that checks if 'log(x) + y' has balanced parentheses.,26a0e17eaa55d4ab
Make a C program that checks if 'r^2 + s^2' has balanced parentheses.,26a0e17eaa55d4ab
Make a C program that checks if 'sin(theta) * r' has balanced parentheses.,26a0e17eaa55d4ab
Make a C program that checks if 'sqrt(a*b) - c' has balanced parentheses.,26a0e17eaa55d4ab
Make a C program that checks if 'x*(y+z)-w' has balanced parentheses.,26a0e17eaa55d4ab
Write a C function that simulates a Brownian motion for {particles} particles.,2799d201824f5803
Write a C program that simulates a Brownian motion for {particles} particles.,2799d201824f5803
Build a C function that encodes and decodes Morse code.,280b822ea6290dc9
Build a C program that encodes and decodes Morse code.,280b822ea6290dc9
Write a C function to remove all duplicate lines from a text file.,28a3ddf3c14d3a9b
Write a C program to remove all duplicate lines from a text file.,28a3ddf3c14d3a9b
Create a C function that visualizes the Fibonacci sequence as a spiral in ASCII art.,2a785da793dad53f
Create a C program that visualizes the Fibonacci sequence as a spiral in ASCII art.,2a785da793dad53f
Generate a C function to render a fractal tree in ASCII art with 2 recursion depth.,2e08fc26caec63c6
Generate a C function to render a fractal tree in ASCII art with 4 recursion depth.,2e08fc26caec63c6
Generate a C function to render a fractal tree in ASCII art with 6 recursion depth.,2e08fc26caec63c6
Generate a C function to render a fractal tree in ASCII art with 7 recursion depth.,2e08fc26caec63c6
Generate a C function to render a fractal tree in ASCII art with 8 recursion depth.,2e08fc26caec63c6
Generate a C program to render a fractal tree in ASCII art with 2 recursion depth.,2e08fc26caec63c6
Generate a C program to render a fractal tree in ASCII art with 3 recursion depth.,2e08fc26caec63c6
Generate a C program to render a fractal tree in ASCII art with 4 recursion depth.,2e08fc26caec63c6
Generate a C program to render a fractal tree in ASCII art with 5 recursion depth.,2e08fc26caec63c6
Generate a C program to render a fractal tree in ASCII art with 6 recursion depth.,2e08fc26caec63c6
Generate a C program to render a fractal tree in ASCII art with 7 recursion depth.,2e08fc26caec63c6
Generate a C program to render a fractal tree in ASCII art with 8 recursion depth.,2e08fc26caec63c6
Generate a C program to render a fractal tree in ASCII art with {depth} recursion depth.,2e08fc26caec63c6
Build a C function to encrypt the string 'accessGranted' using Caesar cipher (shift = 13).,2e3abd9e01be362d
Build a C function to encrypt the string 'accessGranted' using Caesar cipher (shift = 15).,2e3abd9e01be362d
Build a C function to encrypt the string 'accessGranted' using Caesar cipher (shift = 8).,2e3abd9e01be362d
Build a C function to encrypt the string 'securePass123' using Caesar cipher (shift = 23).,2e3abd9e01be362d
Build a C function to encrypt the string 'user_001' using Caesar cipher (shift = 24).,2e3abd9e01be362d
Build a C function to encrypt the string 'xYz_321_secure' using Caesar cipher (shift = 25).,2e3abd9e01be362d
Build a C program to encode the string 'AI_engine_v2' using Caesar cipher (shift = 1).,2e3abd9e01be362d
Build a C program to encode the string 'AI_engine_v2' using Caesar cipher (shift = 11).,2e3abd9e01be362d
Build a C program to encode the string 'AI_engine_v2' using Caesar cipher (shift = 16).,2e3abd9e01be362d
Build a C program to encode the string 'AI_engine_v2' using Caesar cipher (shift = 20).,2e3abd9e01be362d
Build a C program to encode the string 'AI_engine_v2' using Caesar cipher (shift = 25).,2e3abd9e01be362d
Build a C program to encode the string 'Dev@Mode' using Caesar cipher (shift = 12).,2e3abd9e01be362d
Build a C program to encode the string 'Dev@Mode' using Caesar cipher (shift = 13).,2e3abd9e01be362d
Build a C program to encode the string 'Dev@Mode' using Caesar cipher (shift = 14).,2e3abd9e01be362d
Build a C program to encode the string 'Dev@Mode' using Caesar cipher (shift = 18).,2e3abd9e01be362d
Build a C program to encode the string 'Dev@Mode' using Caesar cipher (shift = 21).,2e3abd9e01be362d
Build a C program to encode the string 'Dev@Mode' using Caesar cipher (shift = 25).,2e3abd9e01be362d
Build a C program to encode the string 'Key#1234' using Caesar cipher (shift = 4).,2e3abd9e01be362d
Build a C program to encode the string 'OpenAI2025!' using Caesar cipher (shift = 1).,2e3abd9e01be362d
Build a C program to encode the string 'OpenAI2025!' using Caesar cipher (shift = 10).,2e3abd9e01be362d
Build a C program to encode the string 'OpenAI2025!' using Caesar cipher (shift = 14).,2e3abd9e01be362d
Build a C program to encode the string 'OpenAI2025!' using Caesar cipher (shift = 15).,2e3abd9e01be362d
Build a C program to encode the string 'OpenAI2025!' using Caesar cipher (shift = 16).,2e3abd9e01be362d
Build a C program to encode the string 'OpenAI2025!' using Caesar cipher (shift = 19).,2e3abd9e01be362d
Build a C program to encode the string 'OpenAI2025!' using Caesar cipher (shift = 2).,2e3abd9e01be362d
Build a C program to encode the string 'OpenAI2025!' using Caesar cipher (shift = 21).,2e3abd9e01be362d
Build a C program to encode the string 'OpenAI2025!' using Caesar cipher (shift = 24).,2e3abd9e01be362d
Build a C program to encode the string 'OpenAI2025!' using Caesar cipher (shift = 3).,2e3abd9e01be362d
Build a C program to encode the string 'OpenAI2025!' using Caesar cipher (shift = 4).,2e3abd9e01be362d
Build a C program to encode the string 'OpenAI2025!' using Caesar cipher (shift = 5).,2e3abd9e01be362d
Build a C program to encode the string 'OpenAI2025!' using Caesar cipher (shift = 7).,2e3abd9e01be362d
Build a C program to encode the string 'OpenAI2025!' using Caesar cipher (shift = 8).,2e3abd9e01be362d
Build a C program to encode the string 'Pa$$w0rd!' using Caesar cipher (shift = 22).,2e3abd9e01be362d
Build a C program to encode the string 'Pa$$w0rd!' using Caesar cipher (shift = 23).,2e3abd9e01be362d
Build a C program to encode the string 'Pa$$w0rd!' using Caesar cipher (shift = 3).,2e3abd9e01be362d
Build a C program to encode the string 'Pa$$w0rd!' using Caesar cipher (shift = 9).,2e3abd9e01be362d
Build a C program to encode the string 'Qwerty!@#' using Caesar cipher (shift = 10).,2e3abd9e01be362d
Build a C program to encode the string 'Qwerty!@#' using Caesar cipher (shift = 8).,2e3abd9e01be362d
Build a C program to encode the string 'Token_ABC987' using Caesar cipher (shift = 1).,2e3abd9e01be362d
Build a C program to encode the string 'Token_ABC987' using Caesar cipher (shift = 2).,2e3abd9e01be362d
Build a C program to encode the string 'Token_ABC987' using Caesar cipher (shift = 21).,2e3abd9e01be362d
Build a C program to encode the string 'Token_ABC987' using Caesar cipher (shift = 9).,2e3abd9e01be362d
Build a C program to encode the string 'accessGranted' using Caesar cipher (shift = 1).,2e3abd9e01be362d
Build a C program to encode the string 'accessGranted' using Caesar cipher (shift = 12).,2e3abd9e01be362d
Build a C program to encode the string 'accessGranted' using Caesar cipher (shift = 13).,2e3abd9e01be362d
Build a C program to encode the string 'accessGranted' using Caesar cipher (shift = 17).,2e3abd9e01be362d
Build a C program to encode the string 'accessGranted' using Caesar cipher (shift = 19).,2e3abd9e01be362d
Build a C program to encode the string 'accessGranted' using Caesar cipher (shift = 2).,2e3abd9e01be362d
Build a C program to encode the string 'admin2024$' using Caesar cipher (shift = 13).,2e3abd9e01be362d
Build a C program to encode the string 'admin2024$' using Caesar cipher (shift = 14).,2e3abd9e01be362d
Build a C program to encode the string 'admin2024$' using Caesar cipher (shift = 15).,2e3abd9e01be362d
Build a C program to encode the string 'admin2024$' using Caesar cipher (shift = 17).,2e3abd9e01be362d
Build a C program to encode the string 'admin2024$' using Caesar cipher (shift = 24).,2e3abd9e01be362d
Build a C program to encode the string 'examplePwd' using Caesar cipher (shift = 1).,2e3abd9e01be362d
Build a C program to encode the string 'examplePwd' using Caesar cipher (shift = 10).,2e3abd9e01be362d
Build a C program to encode the string 'examplePwd' using Caesar cipher (shift = 11).,2e3abd9e01be362d
Build a C program to encode the string 'examplePwd' using Caesar cipher (shift = 12).,2e3abd9e01be362d
Build a C program to encode the string 'examplePwd' using Caesar cipher (shift = 13).,2e3abd9e01be362d
Build a C program to encode the string 'examplePwd' using Caesar cipher (shift = 14).,2e3abd9e01be362d
Build a C program to encode the string 'examplePwd' using Caesar cipher (shift = 15).,2e3abd9e01be362d
Build a C program to encode the string 'examplePwd' using Caesar cipher (shift = 16).,2e3abd9e01be362d
Build a C program to encode the string 'examplePwd' using Caesar cipher (shift = 17).,2e3abd9e01be362d
Build a C program to encode the string 'examplePwd' using Caesar cipher (shift = 18).,2e3abd9e01be362d
Build a C program to encode the string 'examplePwd' using Caesar cipher (shift = 20).,2e3abd9e01be362d
Build a C program to encode the string 'examplePwd' using Caesar cipher (shift = 21).,2e3abd9e01be362d
Build a C program to encode the string 'examplePwd' using Caesar cipher (shift = 3).,2e3abd9e01be362d
Build a C program to encode the string 'examplePwd' using Caesar cipher (shift = 4).,2e3abd9e01be362d
Build a C program to encode the string 'examplePwd' using Caesar cipher (shift = 5).,2e3abd9e01be362d
Build a C program to encode the string 'examplePwd' using Caesar cipher (shift = 6).,2e3abd9e01be362d
Build a C program to encode the string 'examplePwd' using Caesar cipher (shift = 7).,2e3abd9e01be362d
Build a C program to encode the string 'examplePwd' using Caesar cipher (shift = 8).,2e3abd9e01be362d
Build a C program to encode the string 'examplePwd' using Caesar cipher (shift = 9).,2e3abd9e01be362d
Build a C program to encode the string 'guest_login' using Caesar cipher (shift = 1).,2e3abd9e01be362d
Build a C program to encode the string 'guest_login' using Caesar cipher (shift = 10).,2e3abd9e01be362d
Build a C program to encode the string 'guest_login' using Caesar cipher (shift = 2).,2e3abd9e01be362d
Build a C program to encode the string 'guest_login' using Caesar cipher (shift = 21).,2e3abd9e01be362d
Build a C program to encode the string 'guest_login' using Caesar cipher (shift = 25).,2e3abd9e01be362d
Build a C program to encode the string 'helloWorld99' using Caesar cipher (shift = 10).,2e3abd9e01be362d
Build a C program to encode the string 'helloWorld99' using Caesar cipher (shift = 18).,2e3abd9e01be362d
Build a C program to encode the string 'helloWorld99' using Caesar cipher (shift = 22).,2e3abd9e01be362d
Build a C program to encode the string 'helloWorld99' using Caesar cipher (shift = 4).,2e3abd9e01be362d
Build a C program to encode the string 'helloWorld99' using Caesar cipher (shift = 5).,2e3abd9e01be362d
Build a C program to encode the string 'securePass123' using Caesar cipher (shift = 1).,2e3abd9e01be362d
Build a C program to encode the string 'securePass123' using Caesar cipher (shift = 10).,2e3abd9e01be362d
Build a C program to encode the string 'securePass123' using Caesar cipher (shift = 11).,2e3abd9e01be362d
Build a C program to encode the string 'securePass123' using Caesar cipher (shift = 13).,2e3abd9e01be362d
Build a C program to encode the string 'securePass123' using Caesar cipher (shift = 15).,2e3abd9e01be362d
Build a C program to encode the string 'securePass123' using Caesar cipher (shift = 16).,2e3abd9e01be362d
Build a C program to encode the string 'securePass123' using Caesar cipher (shift = 17).,2e3abd9e01be362d
Build a C program to encode the string 'securePass123' using Caesar cipher (shift = 18).,2e3abd9e01be362d
Build a C program to encode the string 'securePass123' using Caesar cipher (shift = 19).,2e3abd9e01be362d
Build a C program to encode the string 'securePass123' using Caesar cipher (shift = 2).,2e3abd9e01be362d
Build a C program to encode the string 'securePass123' using Caesar cipher (shift = 20).,2e3abd9e01be362d
Build a C program to encode the string 'securePass123' using Caesar cipher (shift = 21).,2e3abd9e01be362d
Build a C program to encode the string 'securePass123' using Caesar cipher (shift = 22).,2e3abd9e01be362d
Build a C program to encode the string 'securePass123' using Caesar cipher (shift = 24).,2e3abd9e01be362d
Build a C program to encode the string 'securePass123' using Caesar cipher (shift = 25).,2e3abd9e01be362d
Build a C program to encode the string 'securePass123' using Caesar cipher (shift = 3).,2e3abd9e01be362d
Build a C program to encode the string 'securePass123' using Caesar cipher (shift = 4).,2e3abd9e01be362d
Build a C program to encode the string 'securePass123' using Caesar cipher (shift = 5).,2e3abd9e01be362d
Build a C program to encode the string 'securePass123' using Caesar cipher (shift = 6).,2e3abd9e01be362d
Build a C program to encode the string 'securePass123' using Caesar cipher (shift = 7).,2e3abd9e01be362d
Build a C program to encode the string 'securePass123' using Caesar cipher (shift = 8).,2e3abd9e01be362d
Build a C program to encode the string 'user_001' using Caesar cipher (shift = 18).,2e3abd9e01be362d
Build a C program to encode the string 'user_001' using Caesar cipher (shift = 21).,2e3abd9e01be362d
Build a C program to encode the string 'user_001' using Caesar cipher (shift = 22).,2e3abd9e01be362d
Build a C program to encode the string 'user_001' using Caesar cipher (shift = 25).,2e3abd9e01be362d
Build a C program to encode the string 'user_001' using Caesar cipher (shift = 5).,2e3abd9e01be362d
Build a C program to encode the string 'user_001' using Caesar cipher (shift = 6).,2e3abd9e01be362d
Build a C program to encode the string 'user_001' using Caesar cipher (shift = 8).,2e3abd9e01be362d
Build a C program to encode the string 'xYz_321_secure' using Caesar cipher (shift = 14).,2e3abd9e01be362d
Build a C program to encode the string 'xYz_321_secure' using Caesar cipher (shift = 2).,2e3abd9e01be362d
Build a C program to encode the string 'xYz_321_secure' using Caesar cipher (shift = 22).,2e3abd9e01be362d
Build a C program to encode the string 'xYz_321_secure' using Caesar cipher (shift = 3).,2e3abd9e01be362d
Build a C program to encrypt the string 'AI_engine_v2' using Caesar cipher (shift = 7).,2e3abd9e01be362d
Build a C program to encrypt the string 'OpenAI2025!' using Caesar cipher (shift = 16).,2e3abd9e01be362d
Build a C program to encrypt the string 'OpenAI2025!' using Caesar cipher (shift = 18).,2e3abd9e01be362d
Build a C program to encrypt the string 'Pa$$w0rd!' using Caesar cipher (shift = 13).,2e3abd9e01be362d
Build a C program to encrypt the string 'Pa$$w0rd!' using Caesar cipher (shift = 17).,2e3abd9e01be362d
Build a C program to encrypt the string 'Pa$$w0rd!' using Caesar cipher (shift = 3).,2e3abd9e01be362d
Build a C program to encrypt the string 'Qwerty!@#' using Caesar cipher (shift = 20).,2e3abd9e01be362d
Build a C program to encrypt the string 'Qwerty!@#' using Caesar cipher (shift = 3).,2e3abd9e01be362d
Build a C program to encrypt the string 'Token_ABC987' using Caesar cipher (shift = 15).,2e3abd9e01be362d
Build a C program to encrypt the string 'Token_ABC987' using Caesar cipher (shift = 24).,2e3abd9e01be362d
Build a C program to encrypt the string 'Token_ABC987' using Caesar cipher (shift = 25).,2e3abd9e01be362d
Build a C program to encrypt the string 'accessGranted' using Caesar cipher (shift = 10).,2e3abd9e01be362d
Build a C program to encrypt the string 'guest_login' using Caesar cipher (shift = 16).,2e3abd9e01be362d
Build a C program to encrypt the string 'guest_login' using Caesar cipher (shift = 2).,2e3abd9e01be362d
Build a C program to encrypt the string 'helloWorld99' using Caesar cipher (shift = 12).,2e3abd9e01be362d
Build a C program to encrypt the string 'helloWorld99' using Caesar cipher (shift = 25).,2e3abd9e01be362d
Build a C program to encrypt the string 'securePass123' using Caesar cipher (shift = 25).,2e3abd9e01be362d
Build a C program to encrypt the string 'securePass123' using Caesar cipher (shift = 8).,2e3abd9e01be362d
Build a C program to encrypt the string 'user_001' using Caesar cipher (shift = 10).,2e3abd9e01be362d
Build a C program to encrypt the string 'user_001' using Caesar cipher (shift = 12).,2e3abd9e01be362d
Build a C program to encrypt the string 'user_001' using Caesar cipher (shift = 19).,2e3abd9e01be362d
Build a C program to encrypt the string 'xYz_321_secure' using Caesar cipher (shift = 1).,2e3abd9e01be362d
Build a C program to encrypt the string 'xYz_321_secure' using Caesar cipher (shift = 11).,2e3abd9e01be362d
Build a C program to encrypt the string 'xYz_321_secure' using Caesar cipher (shift = 18).,2e3abd9e01be362d
Build a C program to encrypt the string 'xYz_321_secure' using Caesar cipher (shift = 25).,2e3abd9e01be362d
Write a C function to convert infix expression '(a/b) + (c*d)' to postfix.,2e493e79c9930e40
Write a C function to convert infix expression 'a*(b+c*(d-e))' to postfix.,2e493e79c9930e40
Write a C function to convert infix expression 'abs(x-y) + z' to postfix.,2e493e79c9930e40
Write a C function to convert infix expression 'exp(x) - ln(y)' to postfix.,2e493e79c9930e40
Write a C function to convert infix expression 'sin(theta) * r' to postfix.,2e493e79c9930e40
Write a C function to convert infix expression 'sqrt(a*b) - c' to postfix.,2e493e79c9930e40
Write a C function to convert infix expression 'x*(y+z)-w' to postfix.,2e493e79c9930e40
Write a C program to convert infix expression '(a+b)*c' to postfix.,2e493e79c9930e40
Write a C program to convert infix expression '(a/b) + (c*d)' to postfix.,2e493e79c9930e40
Write a C program to convert infix expression '(m-n)/(p+q)' to postfix.,2e493e79c9930e40
Write a C program to convert infix expression '(u+v)^2 - w' to postfix.,2e493e79c9930e40
Write a C program to convert infix expression '(x+y)*(z-w)/v' to postfix.,2e493e79c9930e40
Write a C program to convert infix expression 'a*(b+c*(d-e))' to postfix.,2e493e79c9930e40
Write a C program to convert infix expression 'a+b*(c-d)' to postfix.,2e493e79c9930e40
Write a C program to convert infix expression 'abs(x-y) + z' to postfix.,2e493e79c9930e40
Write a C program to convert infix expression 'exp(x) - ln(y)' to postfix.,2e493e79c9930e40
Write a C program to convert infix expression 'k*(m+n)-sqrt(p)' to postfix.,2e493e79c9930e40
Write a C program to convert infix expression 'log(x) + y' to postfix.,2e493e79c9930e40
Write a C program to convert infix expression 'r^2 + s^2' to postfix.,2e493e79c9930e40
Write a C program to convert infix expression 'sin(theta) * r' to postfix.,2e493e79c9930e40
Write a C program to convert infix expression 'sqrt(a*b) - c' to postfix.,2e493e79c9930e40
Write a C program to convert infix expression 'x*(y+z)-w' to postfix.,2e493e79c9930e40
"Create a C function to remove duplicates from array: [17, 100, 73, 24, 89].",2f512ccf75bf1e5f
"Create a C function to remove duplicates from array: [18, 71, 88, 77, 25].",2f512ccf75bf1e5f
"Create a C function to remove duplicates from array: [22, 3, 95, 5, 74].",2f512ccf75bf1e5f
"Create a C function to remove duplicates from array: [32, 19, 48, 20, 31].",2f512ccf75bf1e5f
"Create a C function to remove duplicates from array: [42, 70, 97, 50, 76].",2f512ccf75bf1e5f
"Create a C function to remove duplicates from array: [5, 41, 33, 36, 76].",2f512ccf75bf1e5f
"Create a C function to remove duplicates from array: [52, 63, 57, 17, 55].",2f512ccf75bf1e5f
"Create a C function to remove duplicates from array: [90, 9, 89, 90, 97].",2f512ccf75bf1e5f
"Create a C program to remove duplicates from array: [1, 50, 26, 92, 53].",2f512ccf75bf1e5f
"Create a C program to remove duplicates from array: [1, 93, 93, 34, 65].",2f512ccf75bf1e5f
"Create a C program to remove duplicates from array: [10, 70, 25, 46, 59].",2f512ccf75bf1e5f
"Create a C program to remove duplicates from array: [100, 31, 67, 48, 59].",2f512ccf75bf1e5f
"Create a C program to remove duplicates from array: [100, 58, 90, 6, 86].",2f512ccf75bf1e5f
"Create a C program to remove duplicates from array: [100, 96, 7, 78, 96].",2f512ccf75bf1e5f
"Create a C program to remove duplicates from array: [13, 49, 16, 88, 45].",2f512ccf75bf1e5f
"Create a C program to remove duplicates from array: [14, 10, 66, 15, 21].",2f512ccf75bf1e5f
"Create a C program to remove duplicates from array: [14, 21, 43, 53, 89].",2f512ccf75bf1e5f
"Create a C program to remove duplicates from array: [15, 52, 1, 1, 80].",2f512ccf75bf1e5f
"Create a C program to remove duplicates from array: [15, 68, 84, 41, 37].",2f512ccf75bf1e5f
"Create a C program to remove duplicates from array: [15, 74, 21, 36, 4].",2f512ccf75bf1e5f
"Create a C program to remove duplicates from array: [16, 33, 30, 63, 93].",2f512ccf75bf1e5f
"Create a C program to remove duplicates from array: [16, 96, 90, 67, 90].",2f512ccf75bf1e5f
"Create a C program to remove duplicates from array: [18, 92, 43, 61, 67].",2f512ccf75bf1e5f
"Create a C program to remove duplicates from array: [18, 95, 82, 40, 29].",2f512ccf75bf1e5f
"Create a C program to remove duplicates from array: [18, 98, 43, 29, 93].",2f512ccf75bf1e5f
"Create a C program to remove duplicates from array: [19, 15, 38, 60, 7].",2f512ccf75bf1e5f
"Create a C program to remove duplicates from array: [19, 49, 14, 60, 55].",2f512ccf75bf1e5f
"Create a C program to remove duplicates from array: [19, 55, 62, 83, 76].",2f512ccf75bf1e5f
"Create a C program to remove duplicates from array: [2, 66, 46, 18, 40].",2f512ccf75bf1e5f
"Create a C program to remove duplicates from array: [20, 86, 43, 43, 82].",2f512ccf75bf1e5f
"Create a C program to remove duplicates from array: [21, 40, 26, 53, 96].",2f512ccf75bf1e5f
"Create a C program to remove duplicates from array: [21, 6, 4, 12, 79].",2f512ccf75bf1e5f
"Create a C program to remove duplicates from array: [21, 89, 99, 73, 88].",2f512ccf75bf1e5f
"Create a C program to remove duplicates from array: [22, 17, 72, 78, 96].",2f512ccf75bf1e5f
"Create a C program to remove duplicates from array: [23, 100, 68, 46, 91].",2f512ccf75bf1e5f
"Create a C program to remove duplicates from array: [23, 73, 17, 58, 35].",2f512ccf75bf1e5f
"Create a C program to remove duplicates from array: [23, 94, 67, 84, 35].",2f512ccf75bf1e5f
"Create a C program to remove duplicates from array: [23, 95, 43, 53, 86].",2f512ccf75bf1e5f
"Create a C program to remove duplicates from array: [24, 52, 39, 71, 54].",2f512ccf75bf1e5f
"Create a C program to remove duplicates from array: [25, 66, 26, 79, 38].",2f512ccf75bf1e5f
"Create a C program to remove duplicates from array: [25, 83, 5, 68, 52].",2f512ccf75bf1e5f
"Create a C program to remove duplicates from array: [26, 32, 43, 63, 84].",2f512ccf75bf1e5f
"Create a C program to remove duplicates from array: [26, 62, 41, 23, 51].",2f512ccf75bf1e5f
"Create a C program to remove duplicates from array: [28, 5, 89, 25, 70].",2f512ccf75bf1e5f
"Create a C program to remove duplicates from array: [29, 25, 90, 6, 47].",2f512ccf75bf1e5f
"Create a C program to remove duplicates from array: [29, 40, 69, 70, 94].",2f512ccf75bf1e5f
"Create a C program to remove duplicates from array: [29, 99, 76, 94, 38].",2f512ccf75bf1e5f
"Create a C program to remove duplicates from array: [3, 42, 15, 18, 31].",2f512ccf75bf1e5f
"Create a C program to remove duplicates from array: [30, 16, 35, 83, 28].",2f512ccf75bf1e5f
"Create a C program to remove duplicates from array: [30, 49, 73, 32, 64].",2f512ccf75bf1e5f
"Create a C program to remove duplicates from array: [30, 87, 74, 76, 3].",2f512ccf75bf1e5f
"Create a C program to remove duplicates from array: [31, 16, 25, 91, 71].",2f512ccf75bf1e5f
"Create a C program to remove duplicates from array: [31, 32, 21, 74, 93].",2f512ccf75bf1e5f
"Create a C program to remove duplicates from array: [31, 35, 69, 95, 8].",2f512ccf75bf1e5f
"Create a C program to remove duplicates from array: [31, 7, 48, 52, 49].",2f512ccf75bf1e5f
"Create a C program to remove duplicates from array: [31, 83, 76, 59, 69].",2f512ccf75bf1e5f
"Create a C program to remove duplicates from array: [32, 3, 48, 84, 84].",2f512ccf75bf1e5f
"Create a C program to remove duplicates from array: [32, 79, 25, 9, 83].",2f512ccf75bf1e5f
"Create a C program to remove duplicates from array: [34, 35, 16, 49, 82].",2f512ccf75bf1e5f
"Create a C program to remove duplicates from array: [35, 91, 17, 51, 49].",2f512ccf75bf1e5f
"Create a C program to remove duplicates from array: [36, 33, 59, 72, 12].",2f512ccf75bf1e5f
"Create a C program to remove duplicates from array: [36, 45, 71, 72, 48].",2f512ccf75bf1e5f
"Create a C program to remove duplicates from array: [36, 6, 75, 1, 83].",2f512ccf75bf1e5f
"Create a C program to remove duplicates from array: [36, 93, 26, 11, 80].",2f512ccf75bf1e5f
"Create a C program to remove duplicates from array: [37, 61, 37, 43, 80].",2f512ccf75bf1e5f
"Create a C program to remove duplicates from array: [38, 38, 74, 11, 84].",2f512ccf75bf1e5f
"Create a C program to remove duplicates from array: [38, 41, 89, 55, 85].",2f512ccf75bf1e5f
"Create a C program to remove duplicates from array: [38, 6, 52, 64, 37].",2f512ccf75bf1e5f
"Create a C program to remove duplicates from array: [38, 80, 6, 82, 70].",2f512ccf75bf1e5f
"Create a C program to remove duplicates from array: [38, 88, 5, 55, 27].",2f512ccf75bf1e5f
"Create a C program to remove duplicates from array: [39, 32, 9, 53, 96].",2f512ccf75bf1e5f
"Create a C program to remove duplicates from array: [40, 17, 29, 31, 12].",2f512ccf75bf1e5f
"Create a C program to remove duplicates from array: [40, 91, 97, 50, 12].",2f512ccf75bf1e5f
"Create a C program to remove duplicates from array: [41, 31, 28, 91, 59].",2f512ccf75bf1e5f
"Create a C program to remove duplicates from array: [41, 43, 2, 94, 66].",2f512ccf75bf1e5f
"Create a C program to remove duplicates from array: [41, 85, 15, 50, 85].",2f512ccf75bf1e5f
"Create a C program to remove duplicates from array: [42, 50, 11, 10, 1].",2f512ccf75bf1e5f
"Create a C program to remove duplicates from array: [43, 13, 99, 90, 63].",2f512ccf75bf1e5f
"Create a C program to remove duplicates from array: [44, 38, 17, 87, 49].",2f512ccf75bf1e5f
"Create a C program to remove duplicates from array: [44, 53, 37, 81, 76].",2f512ccf75bf1e5f
"Create a C program to remove duplicates from array: [44, 75, 40, 73, 32].",2f512ccf75bf1e5f
"Create a C program to remove duplicates from array: [44, 81, 17, 19, 31].",2f512ccf75bf1e5f
"Create a C program to remove duplicates from array: [45, 70, 59, 77, 91].",2f512ccf75bf1e5f
"Create a C program to remove duplicates from array: [45, 71, 96, 17, 99].",2f512ccf75bf1e5f
"Create a C program to remove duplicates from array: [46, 14, 74, 65, 28].",2f512ccf75bf1e5f
"Create a C program to remove duplicates from array: [46, 18, 20, 20, 48].",2f512ccf75bf1e5f
"Create a C program to remove duplicates from array: [46, 86, 17, 5, 38].",2f512ccf75bf1e5f
"Create a C program to remove duplicates from array: [47, 22, 15, 33, 24].",2f512ccf75bf1e5f
"Create a C program to remove duplicates from array: [48, 11, 78, 5, 93].",2f512ccf75bf1e5f
"Create a C program to remove duplicates from array: [48, 79, 29, 29, 18].",2f512ccf75bf1e5f
"Create a C program to remove duplicates from array: [49, 42, 28, 59, 42].",2f512ccf75bf1e5f
"Create a C program to remove duplicates from array: [49, 5, 36, 18, 25].",2f512ccf75bf1e5f
"Create a C program to remove duplicates from array: [49, 83, 43, 17, 86].",2f512ccf75bf1e5f
"Create a C program to remove duplicates from array: [50, 21, 25, 41, 5].",2f512ccf75bf1e5f
"Create a C program to remove duplicates from array: [50, 64, 21, 8, 16].",2f512ccf75bf1e5f
"Create a C program to remove duplicates from array: [51, 26, 1, 31, 19].",2f512ccf75bf1e5f
"Create a C program to remove duplicates from array: [51, 27, 68, 88, 26].",2f512ccf75bf1e5f
"Create a C program to remove duplicates from array: [51, 54, 70, 71, 11].",2f512ccf75bf1e5f
"Create a C program to remove duplicates from array: [51, 93, 75, 98, 35].",2f512ccf75bf1e5f
"Create a C program to remove duplicates from array: [52, 21, 40, 21, 30].",2f512ccf75bf1e5f
"Create a C program to remove duplicates from array: [52, 54, 44, 31, 94].",2f512ccf75bf1e5f
"Create a C program to remove duplicates from array: [53, 81, 14, 35, 56].",2f512ccf75bf1e5f
"Create a C program to remove duplicates from array: [54, 81, 79, 74, 52].",2f512ccf75bf1e5f
"Create a C program to remove duplicates from array: [55, 30, 46, 12, 12].",2f512ccf75bf1e5f
"Create a C program to remove duplicates from array: [55, 72, 99, 80, 79].",2f512ccf75bf1e5f
"Create a C program to remove duplicates from array: [55, 79, 17, 98, 67].",2f512ccf75bf1e5f
"Create a C program to remove duplicates from array: [56, 100, 22, 72, 60].",2f512ccf75bf1e5f
"Create a C program to remove duplicates from array: [56, 2, 78, 73, 71].",2f512ccf75bf1e5f
"Create a C program to remove duplicates from array: [57, 70, 91, 39, 79].",2f512ccf75bf1e5f
"Create a C program to remove duplicates from array: [58, 31, 10, 69, 19].",2f512ccf75bf1e5f
"Create a C program to remove duplicates from array: [60, 15, 65, 5, 73].",2f512ccf75bf1e5f
"Create a C program to remove duplicates from array: [60, 24, 80, 57, 86].",2f512ccf75bf1e5f
"Create a C program to remove duplicates from array: [61, 58, 61, 29, 62].",2f512ccf75bf1e5f
"Create a C program to remove duplicates from array: [62, 74, 88, 43, 89].",2f512ccf75bf1e5f
"Create a C program to remove duplicates from array: [62, 92, 72, 8, 63].",2f512ccf75bf1e5f
"Create a C program to remove duplicates from array: [64, 60, 66, 49, 39].",2f512ccf75bf1e5f
"Create a C program to remove duplicates from array: [65, 19, 35, 91, 92].",2f512ccf75bf1e5f
"Create a C program to remove duplicates from array: [65, 58, 98, 71, 36].",2f512ccf75bf1e5f
"Create a C program to remove duplicates from array: [66, 47, 8, 64, 73].",2f512ccf75bf1e5f
"Create a C program to remove duplicates from array: [66, 56, 13, 2, 44].",2f512ccf75bf1e5f
"Create a C program to remove duplicates from array: [66, 89, 87, 24, 25].",2f512ccf75bf1e5f
"Create a C program to remove duplicates from array: [66, 99, 54, 21, 72].",2f512ccf75bf1e5f
"Create a C program to remove duplicates from array: [68, 33, 18, 98, 38].",2f512ccf75bf1e5f
"Create a C program to remove duplicates from array: [68, 86, 57, 40, 77].",2f512ccf75bf1e5f
"Create a C program to remove duplicates from array: [69, 23, 11, 38, 54].",2f512ccf75bf1e5f
"Create a C program to remove duplicates from array: [69, 50, 54, 13, 73].",2f512ccf75bf1e5f
"Create a C program to remove duplicates from array: [69, 60, 74, 98, 51].",2f512ccf75bf1e5f
"Create a C program to remove duplicates from array: [7, 11, 18, 51, 96].",2f512ccf75bf1e5f
"Create a C program to remove duplicates from array: [7, 15, 20, 81, 21].",2f512ccf75bf1e5f
"Create a C program to remove duplicates from array: [7, 17, 50, 74, 99].",2f512ccf75bf1e5f
"Create a C program to remove duplicates from array: [71, 8, 57, 92, 72].",2f512ccf75bf1e5f
"Create a C program to remove duplicates from array: [72, 34, 17, 21, 75].",2f512ccf75bf1e5f
"Create a C program to remove duplicates from array: [73, 36, 79, 69, 3].",2f512ccf75bf1e5f
"Create a C program to remove duplicates from array: [73, 48, 84, 28, 1].",2f512ccf75bf1e5f
"Create a C program to remove duplicates from array: [74, 16, 46, 81, 10].",2f512ccf75bf1e5f
"Create a C program to remove duplicates from array: [74, 62, 35, 88, 9].",2f512ccf75bf1e5f
"Create a C program to remove duplicates from array: [74, 70, 11, 9, 46].",2f512ccf75bf1e5f
"Create a C program to remove duplicates from array: [74, 99, 18, 40, 53].",2f512ccf75bf1e5f
"Create a C program to remove duplicates from array: [75, 2, 55, 4, 41].",2f512ccf75bf1e5f
"Create a C program to remove duplicates from array: [75, 57, 47, 14, 46].",2f512ccf75bf1e5f
"Create a C program to remove duplicates from array: [76, 29, 71, 65, 74].",2f512ccf75bf1e5f
"Create a C program to remove duplicates from array: [76, 45, 40, 41, 16].",2f512ccf75bf1e5f
"Create a C program to remove duplicates from array: [76, 65, 91, 31, 6].",2f512ccf75bf1e5f
"Create a C program to remove duplicates from array: [76, 85, 26, 55, 15].",2f512ccf75bf1e5f
"Create a C program to remove duplicates from array: [76, 90, 61, 64, 45].",2f512ccf75bf1e5f
"Create a C program to remove duplicates from array: [77, 34, 41, 94, 9].",2f512ccf75bf1e5f
"Create a C program to remove duplicates from array: [77, 36, 73, 52, 84].",2f512ccf75bf1e5f
"Create a C program to remove duplicates from array: [77, 40, 46, 14, 74].",2f512ccf75bf1e5f
"Create a C program to remove duplicates from array: [77, 69, 22, 42, 91].",2f512ccf75bf1e5f
"Create a C program to remove duplicates from array: [78, 87, 57, 5, 17].",2f512ccf75bf1e5f
"Create a C program to remove duplicates from array: [78, 89, 26, 62, 41].",2f512ccf75bf1e5f
"Create a C program to remove duplicates from array: [79, 99, 10, 59, 54].",2f512ccf75bf1e5f
"Create a C program to remove duplicates from array: [8, 10, 86, 82, 52].",2f512ccf75bf1e5f
"Create a C program to remove duplicates from array: [8, 39, 49, 59, 60].",2f512ccf75bf1e5f
"Create a C program to remove duplicates from array: [80, 20, 31, 17, 61].",2f512ccf75bf1e5f
"Create a C program to remove duplicates from array: [80, 70, 18, 73, 36].",2f512ccf75bf1e5f
"Create a C program to remove duplicates from array: [80, 72, 69, 79, 19].",2f512ccf75bf1e5f
"Create a C program to remove duplicates from array: [82, 94, 88, 92, 59].",2f512ccf75bf1e5f
"Create a C program to remove duplicates from array: [83, 27, 13, 21, 72].",2f512ccf75bf1e5f
"Create a C program to remove duplicates from array: [84, 90, 85, 51, 17].",2f512ccf75bf1e5f
"Create a C program to remove duplicates from array: [85, 29, 81, 61, 36].",2f512ccf75bf1e5f
"Create a C program to remove duplicates from array: [85, 51, 36, 2, 73].",2f512ccf75bf1e5f
"Create a C program to remove duplicates from array: [85, 84, 12, 94, 19].",2f512ccf75bf1e5f
"Create a C program to remove duplicates from array: [86, 65, 61, 34, 12].",2f512ccf75bf1e5f
"Create a C program to remove duplicates from array: [88, 28, 83, 1, 99].",2f512ccf75bf1e5f
"Create a C program to remove duplicates from array: [88, 65, 91, 99, 40].",2f512ccf75bf1e5f
"Create a C program to remove duplicates from array: [88, 76, 79, 72, 48].",2f512ccf75bf1e5f
"Create a C program to remove duplicates from array: [89, 12, 61, 96, 6].",2f512ccf75bf1e5f
"Create a C program to remove duplicates from array: [89, 20, 70, 5, 48].",2f512ccf75bf1e5f
"Create a C program to remove duplicates from array: [9, 6, 14, 66, 14].",2f512ccf75bf1e5f
"Create a C program to remove duplicates from array: [90, 71, 35, 82, 84].",2f512ccf75bf1e5f
"Create a C program to remove duplicates from array: [91, 14, 1, 97, 56].",2f512ccf75bf1e5f
"Create a C program to remove duplicates from array: [91, 63, 5, 98, 58].",2f512ccf75bf1e5f
"Create a C program to remove duplicates from array: [91, 7, 96, 84, 23].",2f512ccf75bf1e5f
"Create a C program to remove duplicates from array: [92, 24, 100, 11, 63].",2f512ccf75bf1e5f
"Create a C program to remove duplicates from array: [93, 93, 48, 18, 20].",2f512ccf75bf1e5f
"Create a C program to remove duplicates from array: [94, 32, 62, 45, 85].",2f512ccf75bf1e5f
"Create a C program to remove duplicates from array: [94, 54, 32, 58, 88].",2f512ccf75bf1e5f
"Create a C program to remove duplicates from array: [95, 76, 31, 36, 18].",2f512ccf75bf1e5f
"Create a C program to remove duplicates from array: [96, 42, 96, 76, 63].",2f512ccf75bf1e5f
"Create a C program to remove duplicates from array: [96, 54, 23, 26, 17].",2f512ccf75bf1e5f
"Create a C program to remove duplicates from array: [97, 89, 58, 38, 17].",2f512ccf75bf1e5f
"Create a C program to remove duplicates from array: [98, 16, 58, 49, 36].",2f512ccf75bf1e5f
"Create a C program to remove duplicates from array: [98, 23, 65, 14, 81].",2f512ccf75bf1e5f
"Create a C program to remove duplicates from array: [98, 36, 98, 92, 41].",2f512ccf75bf1e5f
"Create a C program to remove duplicates from array: [99, 3, 96, 86, 41].",2f512ccf75bf1e5f
"Create a C program to remove duplicates from array: [99, 49, 72, 52, 77].",2f512ccf75bf1e5f
"Create a C program to remove duplicates from array: [99, 51, 94, 5, 76].",2f512ccf75bf1e5f
"Create a C program to remove duplicates from array: [99, 66, 40, 60, 29].",2f512ccf75bf1e5f
"Create a C program to remove duplicates from array: [99, 79, 12, 1, 31].",2f512ccf75bf1e5f
"Create a C program to remove duplicates from array: [99, 80, 17, 77, 49].",2f512ccf75bf1e5f
Build a C function that reverses the contents of a text file.,3092023515dd6970
Build a C program that reverses the contents of a text file.,3092023515dd6970
Write a C function to analyze word frequency in 'archive.zip'.,313acf25687da6b8
Write a C function to analyze word frequency in 'config.yaml'.,313acf25687da6b8
Write a C function to analyze word frequency in 'results.json'.,313acf25687da6b8
Write a C program to analyze word frequency in 'archive.zip'.,313acf25687da6b8
Write a C program to analyze word frequency in 'backup.tar.gz'.,313acf25687da6b8
Write a C program to analyze word frequency in 'config.yaml'.,313acf25687da6b8
Write a C program to analyze word frequency in 'data.txt'.,313acf25687da6b8
Write a C program to analyze word frequency in 'dataset.xlsx'.,313acf25687da6b8
Write a C program to analyze word frequency in 'image.png'.,313acf25687da6b8
Write a C program to analyze word frequency in 'input.log'.,313acf25687da6b8
Write a C program to analyze word frequency in 'logfile.log'.,313acf25687da6b8
Write a C program to analyze word frequency in 'notes.md'.,313acf25687da6b8
Write a C program to analyze word frequency in 'output.csv'.,313acf25687da6b8
Write a C program to analyze word frequency in 'readme.txt'.,313acf25687da6b8
Write a C program to analyze word frequency in 'report.pdf'.,313acf25687da6b8
Write a C program to analyze word frequency in 'results.json'.,313acf25687da6b8
Write a C program to analyze word frequency in 'script.py'.,313acf25687da6b8
Write a C program to analyze word frequency in 'summary.docx'.,313acf25687da6b8
Build a C function that implements a priority queue using a binary heap.,3288598fc9820038
Build a C program that implements a priority queue using a binary heap.,3288598fc9820038
Build a C function to monitor CPU temperature (Linux only).,329bcf44438ff232
Build a C program to monitor CPU temperature (Linux only).,329bcf44438ff232
Write a C function that prints the multiplication table for a number entered by the user.,32cd2171006d4abf
Write a C program that prints the multiplication table for a number entered by the user.,32cd2171006d4abf
"Write a C function that reads a CSV file and fixes the formatting issues such that all of the cell contents are delimited by "" characters.",32e204e09745df1e
"Write a C program that reads a CSV file and fixes the formatting issues such that all of the cell contents are delimited by "" characters.",32e204e09745df1e
"Write a C function that when given a file removes all ['B', 'A', 'A', 'B', 'D'] characters from it regardless of casing.",34d173b718826e2c
"Write a C function that when given a file removes all ['B', 'A', 'B', 'F', 'F'] characters from it regardless of casing.",34d173b718826e2c
"Write a C function that when given a file removes all ['B', 'A', 'C', 'D', 'C'] characters from it regardless of casing.",34d173b718826e2c
"Write a C function that when given a file removes all ['B', 'F', 'A', 'D', 'D'] characters from it regardless of casing.",34d173b718826e2c
"Write a C function that when given a file removes all ['B', 'F', 'D', 'C', 'C'] characters from it regardless of casing.",34d173b718826e2c
"Write a C function that when given a file removes all ['D', 'A', 'B', 'A', 'A'] characters from it regardless of casing.",34d173b718826e2c
"Write a C function that when given a file removes all ['D', 'D', 'B', 'C', 'B'] characters from it regardless of casing.",34d173b718826e2c
"Write a C function that when given a file removes all ['F', 'F', 'A', 'F', 'C'] characters from it regardless of casing.",34d173b718826e2c
"Write a C program that when given a file removes all ['A', 'A', 'B', 'F', 'D'] characters from it regardless of casing.",34d173b718826e2c
"Write a C program that when given a file removes all ['A', 'C', 'C', 'D', 'C'] characters from it regardless of casing.",34d173b718826e2c
"Write a C program that when given a file removes all ['A', 'F', 'B', 'F', 'D'] characters from it regardless of casing.",34d173b718826e2c
"Write a C program that when given a file removes all ['A', 'F', 'D', 'F', 'C'] characters from it regardless of casing.",34d173b718826e2c
"Write a C program that when given a file removes all ['A', 'F', 'F', 'A', 'F'] characters from it regardless of casing.",34d173b718826e2c
"Write a C program that when given a file removes all ['B', 'A', 'A', 'C', 'B'] characters from it regardless of casing.",34d173b718826e2c
"Write a C program that when given a file removes all ['B', 'A', 'A', 'D', 'F'] characters from it regardless of casing.",34d173b718826e2c
"Write a C program that when given a file removes all ['B', 'A', 'D', 'F', 'A'] characters from it regardless of casing.",34d173b718826e2c
"Write a C program that when given a file removes all ['B', 'D', 'C', 'B', 'A'] characters from it regardless of casing.",34d173b718826e2c
"Write a C program that when given a file removes all ['B', 'D', 'D', 'B', 'D'] characters from it regardless of casing.",34d173b718826e2c
"Write a C program that when given a file removes all ['B', 'F', 'A', 'C', 'B'] characters from it regardless of casing.",34d173b718826e2c
"Write a C program that when given a file removes all ['B', 'F', 'C', 'C', 'A'] characters from it regardless of casing.",34d173b718826e2c
"Write a C program that when given a file removes all ['B', 'F', 'D', 'A', 'B'] characters from it regardless of casing.",34d173b718826e2c
"Write a C program that when given a file removes all ['B', 'F', 'D', 'D', 'C'] characters from it regardless of casing.",34d173b718826e2c
"Write a C program that when given a file removes all ['C', 'A', 'F', 'D', 'D'] characters from it regardless of casing.",34d173b718826e2c
"Write a C program that when given a file removes all ['C', 'B', 'F', 'F', 'B'] characters from it regardless of casing.",34d173b718826e2c
"Write a C program that when given a file removes all ['C', 'C', 'C', 'B', 'C'] characters from it regardless of casing.",34d173b718826e2c
"Write a C program that when given a file removes all ['C', 'C', 'C', 'C', 'B'] characters from it regardless of casing.",34d173b718826e2c
"Write a C program that when given a file removes all ['C', 'C', 'F', 'F', 'C'] characters from it regardless of casing.",34d173b718826e2c
"Write a C program that when given a file removes all ['C', 'D', 'D', 'D', 'D'] characters from it regardless of casing.",34d173b718826e2c
"Write a C program that when given a file removes all ['C', 'F', 'C', 'A', 'C'] characters from it regardless of casing.",34d173b718826e2c
"Write a C program that when given a file removes all ['D', 'B', 'D', 'D', 'A'] characters from it regardless of casing.",34d173b718826e2c
"Write a C program that when given a file removes all ['F', 'A', 'D', 'C', 'A'] characters from it regardless of casing.",34d173b718826e2c
"Write a C program that when given a file removes all ['F', 'C', 'A', 'A', 'C'] characters from it regardless of casing.",34d173b718826e2c
"Write a C program that when given a file removes all ['F', 'C', 'A', 'C', 'F'] characters from it regardless of casing.",34d173b718826e2c
"Write a C program that when given a file removes all ['F', 'F', 'A', 'D', 'C'] characters from it regardless of casing.",34d173b718826e2c
"Write a C program that when given a file removes all ['F', 'F', 'F', 'D', 'C'] characters from it regardless of casing.",34d173b718826e2c
Write a C function that calculates the standard deviation of a list of numbers.,351d4dcc2ae9d459
Create a C function that finds the GCD of 310 and 411.,35d7dddb589b49c3
Create a C function that finds the GCD of 54 and 498.,35d7dddb589b49c3
Create a C function that finds the GCD of 646 and 862.,35d7dddb589b49c3
Create a C function that finds the GCD of 724 and 105.,35d7dddb589b49c3
Create a C function that finds the GCD of 729 and 336.,35d7dddb589b49c3
Create a C function that finds the GCD of 942 and 815.,35d7dddb589b49c3
Create a C program that finds the GCD of 100 and 675.,35d7dddb589b49c3
Create a C program that finds the GCD of 112 and 341.,35d7dddb589b49c3
Create a C program that finds the GCD of 125 and 842.,35d7dddb589b49c3
Create a C program that finds the GCD of 127 and 603.,35d7dddb589b49c3
Create a C program that finds the GCD of 130 and 821.,35d7dddb589b49c3
Create a C program that finds the GCD of 150 and 482.,35d7dddb589b49c3
Create a C program that finds the GCD of 158 and 443.,35d7dddb589b49c3
Create a C program that finds the GCD of 16 and 125.,35d7dddb589b49c3
Create a C program that finds the GCD of 165 and 750.,35d7dddb589b49c3
Create a C program that finds the GCD of 172 and 906.,35d7dddb589b49c3
Create a C program that finds the GCD of 176 and 675.,35d7dddb589b49c3
Create a C program that finds the GCD of 176 and 928.,35d7dddb589b49c3
Create a C program that finds the GCD of 193 and 402.,35d7dddb589b49c3
Create a C program that finds the GCD of 196 and 227.,35d7dddb589b49c3
Create a C program that finds the GCD of 206 and 262.,35d7dddb589b49c3
Create a C program that finds the GCD of 209 and 325.,35d7dddb589b49c3
Create a C program that finds the GCD of 218 and 658.,35d7dddb589b49c3
Create a C program that finds the GCD of 22 and 564.,35d7dddb589b49c3
Create a C program that finds the GCD of 22 and 691.,35d7dddb589b49c3
Create a C program that finds the GCD of 220 and 441.,35d7dddb589b49c3
Create a C program that finds the GCD of 222 and 460.,35d7dddb589b49c3
Create a C program that finds the GCD of 228 and 414.,35d7dddb589b49c3
Create a C program that finds the GCD of 235 and 110.,35d7dddb589b49c3
Create a C program that finds the GCD of 238 and 222.,35d7dddb589b49c3
Create a C program that finds the GCD of 249 and 127.,35d7dddb589b49c3
Create a C program that finds the GCD of 263 and 766.,35d7dddb589b49c3
Create a C program that finds the GCD of 27 and 496.,35d7dddb589b49c3
Create a C program that finds the GCD of 274 and 557.,35d7dddb589b49c3
Create a C program that finds the GCD of 276 and 293.,35d7dddb589b49c3
Create a C program that finds the GCD of 278 and 645.,35d7dddb589b49c3
Create a C program that finds the GCD of 288 and 630.,35d7dddb589b49c3
Create a C program that finds the GCD of 292 and 895.,35d7dddb589b49c3
Create a C program that finds the GCD of 299 and 406.,35d7dddb589b49c3
Create a C program that finds the GCD of 30 and 756.,35d7dddb589b49c3
Create a C program that finds the GCD of 30 and 885.,35d7dddb589b49c3
Create a C program that finds the GCD of 31 and 96.,35d7dddb589b49c3
Create a C program that finds the GCD of 314 and 39.,35d7dddb589b49c3
Create a C program that finds the GCD of 328 and 724.,35d7dddb589b49c3
Create a C program that finds the GCD of 332 and 568.,35d7dddb589b49c3
Create a C program that finds the GCD of 389 and 3.,35d7dddb589b49c3
Create a C program that finds the GCD of 394 and 507.,35d7dddb589b49c3
Create a C program that finds the GCD of 407 and 605.,35d7dddb589b49c3
Create a C program that finds the GCD of 41 and 506.,35d7dddb589b49c3
Create a C program that finds the GCD of 41 and 562.,35d7dddb589b49c3
Create a C program that finds the GCD of 415 and 504.,35d7dddb589b49c3
Create a C program that finds the GCD of 418 and 612.,35d7dddb589b49c3
Create a C program that finds the GCD of 418 and 854.,35d7dddb589b49c3
Create a C program that finds the GCD of 439 and 503.,35d7dddb589b49c3
Create a C program that finds the GCD of 454 and 881.,35d7dddb589b49c3
Create a C program that finds the GCD of 474 and 410.,35d7dddb589b49c3
Create a C program that finds the GCD of 481 and 489.,35d7dddb589b49c3
Create a C program that finds the GCD of 482 and 328.,35d7dddb589b49c3
Create a C program that finds the GCD of 483 and 822.,35d7dddb589b49c3
Create a C program that finds the GCD of 485 and 813.,35d7dddb589b49c3
Create a C program that finds the GCD of 490 and 528.,35d7dddb589b49c3
Create a C program that finds the GCD of 492 and 391.,35d7dddb589b49c3
Create a C program that finds the GCD of 494 and 237.,35d7dddb589b49c3
Create a C program that finds the GCD of 496 and 354.,35d7dddb589b49c3
Create a C program that finds the GCD of 539 and 933.,35d7dddb589b49c3
Create a C program that finds the GCD of 540 and 190.,35d7dddb589b49c3
Create a C program that finds the GCD of 541 and 434.,35d7dddb589b49c3
Create a C program that finds the GCD of 547 and 684.,35d7dddb589b49c3
Create a C program that finds the GCD of 547 and 96.,35d7dddb589b49c3
Create a C program that finds the GCD of 549 and 974.,35d7dddb589b49c3
Create a C program that finds the GCD of 553 and 131.,35d7dddb589b49c3
Create a C program that finds the GCD of 584 and 619.,35d7dddb589b49c3
Create a C program that finds the GCD of 587 and 127.,35d7dddb589b49c3
Create a C program that finds the GCD of 588 and 415.,35d7dddb589b49c3
Create a C program that finds the GCD of 588 and 961.,35d7dddb589b49c3
Create a C program that finds the GCD of 589 and 335.,35d7dddb589b49c3
Create a C program that finds the GCD of 598 and 591.,35d7dddb589b49c3
Create a C program that finds the GCD of 599 and 584.,35d7dddb589b49c3
Create a C program that finds the GCD of 599 and 969.,35d7dddb589b49c3
Create a C program that finds the GCD of 604 and 411.,35d7dddb589b49c3
Create a C program that finds the GCD of 61 and 557.,35d7dddb589b49c3
Create a C program that finds the GCD of 610 and 657.,35d7dddb589b49c3
Create a C program that finds the GCD of 616 and 162.,35d7dddb589b49c3
Create a C program that finds the GCD of 617 and 990.,35d7dddb589b49c3
Create a C program that finds the GCD of 621 and 87.,35d7dddb589b49c3
Create a C program that finds the GCD of 625 and 705.,35d7dddb589b49c3
Create a C program that finds the GCD of 627 and 862.,35d7dddb589b49c3
Create a C program that finds the GCD of 628 and 7.,35d7dddb589b49c3
Create a C program that finds the GCD of 636 and 580.,35d7dddb589b49c3
Create a C program that finds the GCD of 636 and 673.,35d7dddb589b49c3
Create a C program that finds the GCD of 641 and 334.,35d7dddb589b49c3
Create a C program that finds the GCD of 643 and 644.,35d7dddb589b49c3
Create a C program that finds the GCD of 644 and 580.,35d7dddb589b49c3
Create a C program that finds the GCD of 645 and 415.,35d7dddb589b49c3
Create a C program that finds the GCD of 65 and 281.,35d7dddb589b49c3
Create a C program that finds the GCD of 659 and 933.,35d7dddb589b49c3
Create a C program that finds the GCD of 664 and 306.,35d7dddb589b49c3
Create a C program that finds the GCD of 668 and 164.,35d7dddb589b49c3
Create a C program that finds the GCD of 668 and 554.,35d7dddb589b49c3
Create a C program that finds the GCD of 668 and 632.,35d7dddb589b49c3
Create a C program that finds the GCD of 679 and 90.,35d7dddb589b49c3
Create a C program that finds the GCD of 681 and 568.,35d7dddb589b49c3
Create a C program that finds the GCD of 688 and 757.,35d7dddb589b49c3
Create a C program that finds the GCD of 69 and 835.,35d7dddb589b49c3
Create a C program that finds the GCD of 692 and 244.,35d7dddb589b49c3
Create a C program that finds the GCD of 693 and 979.,35d7dddb589b49c3
Create a C program that finds the GCD of 699 and 558.,35d7dddb589b49c3
Create a C program that finds the GCD of 701 and 999.,35d7dddb589b49c3
Create a C program that finds the GCD of 702 and 167.,35d7dddb589b49c3
Create a C program that finds the GCD of 708 and 164.,35d7dddb589b49c3
Create a C program that finds the GCD of 714 and 390.,35d7dddb589b49c3
Create a C program that finds the GCD of 729 and 318.,35d7dddb589b49c3
Create a C program that finds the GCD of 743 and 174.,35d7dddb589b49c3
Create a C program that finds the GCD of 744 and 306.,35d7dddb589b49c3
Create a C program that finds the GCD of 749 and 290.,35d7dddb589b49c3
Create a C program that finds the GCD of 752 and 301.,35d7dddb589b49c3
Create a C program that finds the GCD of 759 and 156.,35d7dddb589b49c3
Create a C program that finds the GCD of 772 and 393.,35d7dddb589b49c3
Create a C program that finds the GCD of 773 and 885.,35d7dddb589b49c3
Create a C program that finds the GCD of 778 and 304.,35d7dddb589b49c3
Create a C program that finds the GCD of 785 and 961.,35d7dddb589b49c3
Create a C program that finds the GCD of 787 and 631.,35d7dddb589b49c3
Create a C program that finds the GCD of 790 and 54.,35d7dddb589b49c3
Create a C program that finds the GCD of 81 and 878.,35d7dddb589b49c3
Create a C program that finds the GCD of 816 and 389.,35d7dddb589b49c3
Create a C program that finds the GCD of 818 and 179.,35d7dddb589b49c3
Create a C program that finds the GCD of 829 and 460.,35d7dddb589b49c3
Create a C program that finds the GCD of 829 and 996.,35d7dddb589b49c3
Create a C program that finds the GCD of 831 and 255.,35d7dddb589b49c3
Create a C program that finds the GCD of 834 and 64.,35d7dddb589b49c3
Create a C program that finds the GCD of 851 and 941.,35d7dddb589b49c3
Create a C program that finds the GCD of 855 and 760.,35d7dddb589b49c3
Create a C program that finds the GCD of 869 and 962.,35d7dddb589b49c3
Create a C program that finds the GCD of 876 and 288.,35d7dddb589b49c3
Create a C program that finds the GCD of 877 and 34.,35d7dddb589b49c3
Create a C program that finds the GCD of 882 and 490.,35d7dddb589b49c3
Create a C program that finds the GCD of 884 and 799.,35d7dddb589b49c3
Create a C program that finds the GCD of 89 and 494.,35d7dddb589b49c3
Create a C program that finds the GCD of 895 and 828.,35d7dddb589b49c3
Create a C program that finds the GCD of 902 and 283.,35d7dddb589b49c3
Create a C program that finds the GCD of 903 and 831.,35d7dddb589b49c3
Create a C program that finds the GCD of 905 and 390.,35d7dddb589b49c3
Create a C program that finds the GCD of 93 and 558.,35d7dddb589b49c3
Create a C program that finds the GCD of 933 and 623.,35d7dddb589b49c3
Create a C program that finds the GCD of 947 and 904.,35d7dddb589b49c3
Create a C program that finds the GCD of 948 and 305.,35d7dddb589b49c3
Create a C program that finds the GCD of 948 and 431.,35d7dddb589b49c3
Create a C program that finds the GCD of 952 and 871.,35d7dddb589b49c3
Create a C program that finds the GCD of 953 and 259.,35d7dddb589b49c3
Create a C program that finds the GCD of 96 and 224.,35d7dddb589b49c3
Create a C program that finds the GCD of 966 and 425.,35d7dddb589b49c3
Create a C program that finds the GCD of 980 and 297.,35d7dddb589b49c3
Create a C program that finds the GCD of 988 and 999.,35d7dddb589b49c3
Write a C function that generates the Mandelbrot set in ASCII art up to {iterations} iterations.,373aa7b1c86bf882
Write a C program that generates the Mandelbrot set in ASCII art up to {iterations} iterations.,373aa7b1c86bf882
Write a C function that receives two dates and returns the number of days between them.,3804769569c9bcf4
Write a C program that receives two dates and returns the number of days between them.,3804769569c9bcf4
Write a C function to convert 30 to Roman numerals.,380bd4f3de7d115c
Write a C function to convert 3010 to Roman numerals.,380bd4f3de7d115c
Write a C function to convert 3403 to Roman numerals.,380bd4f3de7d115c
Write a C function to convert 4262 to Roman numerals.,380bd4f3de7d115c
Write a C function to convert 5842 to Roman numerals.,380bd4f3de7d115c
Write a C function to convert 7752 to Roman numerals.,380bd4f3de7d115c
Write a C function to convert 9714 to Roman numerals.,380bd4f3de7d115c
Write a C program to convert 1051 to Roman numerals.,380bd4f3de7d115c
Write a C program to convert 1149 to Roman numerals.,380bd4f3de7d115c
Write a C program to convert 1214 to Roman numerals.,380bd4f3de7d115c
Write a C program to convert 1235 to Roman numerals.,380bd4f3de7d115c
Write a C program to convert 1388 to Roman numerals.,380bd4f3de7d115c
Write a C program to convert 1401 to Roman numerals.,380bd4f3de7d115c
Write a C program to convert 1403 to Roman numerals.,380bd4f3de7d115c
Write a C program to convert 1405 to Roman numerals.,380bd4f3de7d115c
Write a C program to convert 143 to Roman numerals.,380bd4f3de7d115c
Write a C program to convert 1484 to Roman numerals.,380bd4f3de7d115c
Write a C program to convert 1539 to Roman numerals.,380bd4f3de7d115c
Write a C program to convert 1587 to Roman numerals.,380bd4f3de7d115c
Write a C program to convert 16 to Roman numerals.,380bd4f3de7d115c
Write a C program to convert 1606 to Roman numerals.,380bd4f3de7d115c
Write a C program to convert 1724 to Roman numerals.,380bd4f3de7d115c
Write a C program to convert 173 to Roman numerals.,380bd4f3de7d115c
Write a C program to convert 1820 to Roman numerals.,380bd4f3de7d115c
Write a C program to convert 1826 to Roman numerals.,380bd4f3de7d115c
Write a C program to convert 1846 to Roman numerals.,380bd4f3de7d115c
Write a C program to convert 1875 to Roman numerals.,380bd4f3de7d115c
Write a C program to convert 1890 to Roman numerals.,380bd4f3de7d115c
Write a C program to convert 1997 to Roman numerals.,380bd4f3de7d115c
Write a C program to convert 2036 to Roman numerals.,380bd4f3de7d115c
Write a C program to convert 2106 to Roman numerals.,380bd4f3de7d115c
Write a C program to convert 2206 to Roman numerals.,380bd4f3de7d115c
Write a C program to convert 2269 to Roman numerals.,380bd4f3de7d115c
Write a C program to convert 2354 to Roman numerals.,380bd4f3de7d115c
Write a C program to convert 240 to Roman numerals.,380bd4f3de7d115c
Write a C program to convert 2438 to Roman numerals.,380bd4f3de7d115c
Write a C program to convert 2566 to Roman numerals.,380bd4f3de7d115c
Write a C program to convert 2573 to Roman numerals.,380bd4f3de7d115c
Write a C program to convert 2589 to Roman numerals.,380bd4f3de7d115c
Write a C program to convert 2723 to Roman numerals.,380bd4f3de7d115c
Write a C program to convert 2759 to Roman numerals.,380bd4f3de7d115c
Write a C program to convert 277 to Roman numerals.,380bd4f3de7d115c
Write a C program to convert 3070 to Roman numerals.,380bd4f3de7d115c
Write a C program to convert 3085 to Roman numerals.,380bd4f3de7d115c
Write a C program to convert 3094 to Roman numerals.,380bd4f3de7d115c
Write a C program to convert 3111 to Roman numerals.,380bd4f3de7d115c
Write a C program to convert 3240 to Roman numerals.,380bd4f3de7d115c
Write a C program to convert 330 to Roman numerals.,380bd4f3de7d115c
Write a C program to convert 3361 to Roman numerals.,380bd4f3de7d115c
Write a C program to convert 3375 to Roman numerals.,380bd4f3de7d115c
Write a C program to convert 3390 to Roman numerals.,380bd4f3de7d115c
Write a C program to convert 3417 to Roman numerals.,380bd4f3de7d115c
Write a C program to convert 345 to Roman numerals.,380bd4f3de7d115c
Write a C program to convert 3469 to Roman numerals.,380bd4f3de7d115c
Write a C program to convert 3507 to Roman numerals.,380bd4f3de7d115c
Write a C program to convert 3524 to Roman numerals.,380bd4f3de7d115c
Write a C program to convert 3529 to Roman numerals.,380bd4f3de7d115c
Write a C program to convert 3600 to Roman numerals.,380bd4f3de7d115c
Write a C program to convert 3662 to Roman numerals.,380bd4f3de7d115c
Write a C program to convert 368 to Roman numerals.,380bd4f3de7d115c
Write a C program to convert 3712 to Roman numerals.,380bd4f3de7d115c
Write a C program to convert 3733 to Roman numerals.,380bd4f3de7d115c
Write a C program to convert 376 to Roman numerals.,380bd4f3de7d115c
Write a C program to convert 383 to Roman numerals.,380bd4f3de7d115c
Write a C program to convert 3931 to Roman numerals.,380bd4f3de7d115c
Write a C program to convert 4010 to Roman numerals.,380bd4f3de7d115c
Write a C program to convert 4050 to Roman numerals.,380bd4f3de7d115c
Write a C program to convert 4086 to Roman numerals.,380bd4f3de7d115c
Write a C program to convert 4149 to Roman numerals.,380bd4f3de7d115c
Write a C program to convert 4265 to Roman numerals.,380bd4f3de7d115c
Write a C program to convert 4301 to Roman numerals.,380bd4f3de7d115c
Write a C program to convert 433 to Roman numerals.,380bd4f3de7d115c
Write a C program to convert 4367 to Roman numerals.,380bd4f3de7d115c
Write a C program to convert 4408 to Roman numerals.,380bd4f3de7d115c
Write a C program to convert 442 to Roman numerals.,380bd4f3de7d115c
Write a C program to convert 4486 to Roman numerals.,380bd4f3de7d115c
Write a C program to convert 4487 to Roman numerals.,380bd4f3de7d115c
Write a C program to convert 4510 to Roman numerals.,380bd4f3de7d115c
Write a C program to convert 4560 to Roman numerals.,380bd4f3de7d115c
Write a C program to convert 4845 to Roman numerals.,380bd4f3de7d115c
Write a C program to convert 4860 to Roman numerals.,380bd4f3de7d115c
Write a C program to convert 4912 to Roman numerals.,380bd4f3de7d115c
Write a C program to convert 4922 to Roman numerals.,380bd4f3de7d115c
Write a C program to convert 4926 to Roman numerals.,380bd4f3de7d115c
Write a C program to convert 4966 to Roman numerals.,380bd4f3de7d115c
Write a C program to convert 504 to Roman numerals.,380bd4f3de7d115c
Write a C program to convert 506 to Roman numerals.,380bd4f3de7d115c
Write a C program to convert 5074 to Roman numerals.,380bd4f3de7d115c
Write a C program to convert 5175 to Roman numerals.,380bd4f3de7d115c
Write a C program to convert 5192 to Roman numerals.,380bd4f3de7d115c
Write a C program to convert 5193 to Roman numerals.,380bd4f3de7d115c
Write a C program to convert 5206 to Roman numerals.,380bd4f3de7d115c
Write a C program to convert 5310 to Roman numerals.,380bd4f3de7d115c
Write a C program to convert 5311 to Roman numerals.,380bd4f3de7d115c
Write a C program to convert 534 to Roman numerals.,380bd4f3de7d115c
Write a C program to convert 5341 to Roman numerals.,380bd4f3de7d115c
Write a C program to convert 5353 to Roman numerals.,380bd4f3de7d115c
Write a C program to convert 546 to Roman numerals.,380bd4f3de7d115c
Write a C program to convert 5471 to Roman numerals.,380bd4f3de7d115c
Write a C program to convert 5492 to Roman numerals.,380bd4f3de7d115c
Write a C program to convert 5508 to Roman numerals.,380bd4f3de7d115c
Write a C program to convert 5544 to Roman numerals.,380bd4f3de7d115c
Write a C program to convert 5615 to Roman numerals.,380bd4f3de7d115c
Write a C program to convert 5668 to Roman numerals.,380bd4f3de7d115c
Write a C program to convert 5852 to Roman numerals.,380bd4f3de7d115c
Write a C program to convert 5935 to Roman numerals.,380bd4f3de7d115c
Write a C program to convert 6048 to Roman numerals.,380bd4f3de7d115c
Write a C program to convert 6062 to Roman numerals.,380bd4f3de7d115c
Write a C program to convert 6079 to Roman numerals.,380bd4f3de7d115c
Write a C program to convert 6142 to Roman numerals.,380bd4f3de7d115c
Write a C program to convert 6154 to Roman numerals.,380bd4f3de7d115c
Write a C program to convert 6244 to Roman numerals.,380bd4f3de7d115c
Write a C program to convert 6246 to Roman numerals.,380bd4f3de7d115c
Write a C program to convert 6257 to Roman numerals.,380bd4f3de7d115c
Write a C program to convert 6308 to Roman numerals.,380bd4f3de7d115c
Write a C program to convert 636 to Roman numerals.,380bd4f3de7d115c
Write a C program to convert 6487 to Roman numerals.,380bd4f3de7d115c
Write a C program to convert 6521 to Roman numerals.,380bd4f3de7d115c
Write a C program to convert 654 to Roman numerals.,380bd4f3de7d115c
Write a C program to convert 6582 to Roman numerals.,380bd4f3de7d115c
Write a C program to convert 6655 to Roman numerals.,380bd4f3de7d115c
Write a C program to convert 676 to Roman numerals.,380bd4f3de7d115c
Write a C program to convert 6810 to Roman numerals.,380bd4f3de7d115c
Write a C program to convert 6818 to Roman numerals.,380bd4f3de7d115c
Write a C program to convert 6888 to Roman numerals.,380bd4f3de7d115c
Write a C program to convert 696 to Roman numerals.,380bd4f3de7d115c
Write a C program to convert 703 to Roman numerals.,380bd4f3de7d115c
Write a C program to convert 7056 to Roman numerals.,380bd4f3de7d115c
Write a C program to convert 7114 to Roman numerals.,380bd4f3de7d115c
Write a C program to convert 7171 to Roman numerals.,380bd4f3de7d115c
Write a C program to convert 7284 to Roman numerals.,380bd4f3de7d115c
Write a C program to convert 7303 to Roman numerals.,380bd4f3de7d115c
Write a C program to convert 7339 to Roman numerals.,380bd4f3de7d115c
Write a C program to convert 7383 to Roman numerals.,380bd4f3de7d115c
Write a C program to convert 741 to Roman numerals.,380bd4f3de7d115c
Write a C program to convert 7416 to Roman numerals.,380bd4f3de7d115c
Write a C program to convert 7443 to Roman numerals.,380bd4f3de7d115c
Write a C program to convert 7505 to Roman numerals.,380bd4f3de7d115c
Write a C program to convert 7564 to Roman numerals.,380bd4f3de7d115c
Write a C program to convert 761 to Roman numerals.,380bd4f3de7d115c
Write a C program to convert 7690 to Roman numerals.,380bd4f3de7d115c
Write a C program to convert 7789 to Roman numerals.,380bd4f3de7d115c
Write a C program to convert 7873 to Roman numerals.,380bd4f3de7d115c
Write a C program to convert 7879 to Roman numerals.,380bd4f3de7d115c
Write a C program to convert 797 to Roman numerals.,380bd4f3de7d115c
Write a C program to convert 7986 to Roman numerals.,380bd4f3de7d115c
Write a C program to convert 7994 to Roman numerals.,380bd4f3de7d115c
Write a C program to convert 7998 to Roman numerals.,380bd4f3de7d115c
Write a C program to convert 8038 to Roman numerals.,380bd4f3de7d115c
Write a C program to convert 8050 to Roman numerals.,380bd4f3de7d115c
Write a C program to convert 8101 to Roman numerals.,380bd4f3de7d115c
Write a C program to convert 8188 to Roman numerals.,380bd4f3de7d115c
Write a C program to convert 8207 to Roman numerals.,380bd4f3de7d115c
Write a C program to convert 8227 to Roman numerals.,380bd4f3de7d115c
Write a C program to convert 8228 to Roman numerals.,380bd4f3de7d115c
Write a C program to convert 8235 to Roman numerals.,380bd4f3de7d115c
Write a C program to convert 8291 to Roman numerals.,380bd4f3de7d115c
Write a C program to convert 8495 to Roman numerals.,380bd4f3de7d115c
Write a C program to convert 8547 to Roman numerals.,380bd4f3de7d115c
Write a C program to convert 8567 to Roman numerals.,380bd4f3de7d115c
Write a C program to convert 8573 to Roman numerals.,380bd4f3de7d115c
Write a C program to convert 87 to Roman numerals.,380bd4f3de7d115c
Write a C program to convert 8761 to Roman numerals.,380bd4f3de7d115c
Write a C program to convert 8783 to Roman numerals.,380bd4f3de7d115c
Write a C program to convert 8893 to Roman numerals.,380bd4f3de7d115c
Write a C program to convert 891 to Roman numerals.,380bd4f3de7d115c
Write a C program to convert 8979 to Roman numerals.,380bd4f3de7d115c
Write a C program to convert 898 to Roman numerals.,380bd4f3de7d115c
Write a C program to convert 8987 to Roman numerals.,380bd4f3de7d115c
Write a C program to convert 8998 to Roman numerals.,380bd4f3de7d115c
Write a C program to convert 9020 to Roman numerals.,380bd4f3de7d115c
Write a C program to convert 912 to Roman numerals.,380bd4f3de7d115c
Write a C program to convert 9177 to Roman numerals.,380bd4f3de7d115c
Write a C program to convert 9211 to Roman numerals.,380bd4f3de7d115c
Write a C program to convert 933 to Roman numerals.,380bd4f3de7d115c
Write a C program to convert 9380 to Roman numerals.,380bd4f3de7d115c
Write a C program to convert 9393 to Roman numerals.,380bd4f3de7d115c
Write a C program to convert 9519 to Roman numerals.,380bd4f3de7d115c
Write a C program to convert 9570 to Roman numerals.,380bd4f3de7d115c
Write a C program to convert 958 to Roman numerals.,380bd4f3de7d115c
Write a C program to convert 9581 to Roman numerals.,380bd4f3de7d115c
Write a C program to convert 9714 to Roman numerals.,380bd4f3de7d115c
Write a C program to convert 9759 to Roman numerals.,380bd4f3de7d115c
Write a C program to convert 9762 to Roman numerals.,380bd4f3de7d115c
Write a C program to convert 9766 to Roman numerals.,380bd4f3de7d115c
Write a C program to convert 9890 to Roman numerals.,380bd4f3de7d115c
Write a C function to generate L-systems fractal patterns in ASCII.,395823431bf3f0d1
Write a C program to generate L-systems fractal patterns in ASCII.,395823431bf3f0d1
Write a C function that implements a version of the A* pathfinding algorithm on a grid.,3b806bd91ece2c75
Write a C program that implements a version of the A* pathfinding algorithm on a grid.,3b806bd91ece2c75
"Write a C function that generates a random story by combining predefined characters, settings, and events.",3bcd34e914ed91d5
"Write a C program that generates a random story by combining predefined characters, settings, and events.",3bcd34e914ed91d5
Build a C function to find all roots of a quadratic equation ax^2 + bx + = 0.,3c83e2ba3f808521
Build a C program to find all roots of a quadratic equation ax^2 + bx + = 0.,3c83e2ba3f808521
Build a C program to find all roots of a quadratic equation ax^2 + bx + c = 0.,3c83e2ba3f808521
Write a C function to numerically estimate the value of the definite integral ∫f(x)dx from 10 to 33 using Monte Carlo integration.,3cc58ed19fa38708
Write a C function to numerically estimate the value of the definite integral ∫f(x)dx from 2 to 31 using Monte Carlo integration.,3cc58ed19fa38708
Write a C function to numerically estimate the value of the definite integral ∫f(x)dx from 2 to 50 using Monte Carlo integration.,3cc58ed19fa38708
Write a C function to numerically estimate the value of the definite integral ∫f(x)dx from 5 to 48 using Monte Carlo integration.,3cc58ed19fa38708
Write a C function to numerically estimate the value of the definite integral ∫f(x)dx from 7 to 32 using Monte Carlo integration.,3cc58ed19fa38708
Write a C function to numerically estimate the value of the definite integral ∫f(x)dx from 9 to 38 using Monte Carlo integration.,3cc58ed19fa38708
Write a C program to numerically estimate the value of the definite integral ∫f(x)dx from 1 to 20 using Monte Carlo integration.,3cc58ed19fa38708
Write a C program to numerically estimate the value of the definite integral ∫f(x)dx from 1 to 33 using Monte Carlo integration.,3cc58ed19fa38708
Write a C program to numerically estimate the value of the definite integral ∫f(x)dx from 1 to 40 using Monte Carlo integration.,3cc58ed19fa38708
Write a C program to numerically estimate the value of the definite integral ∫f(x)dx from 10 to 46 using Monte Carlo integration.,3cc58ed19fa38708
Write a C program to numerically estimate the value of the definite integral ∫f(x)dx from 2 to 13 using Monte Carlo integration.,3cc58ed19fa38708
Write a C program to numerically estimate the value of the definite integral ∫f(x)dx from 2 to 16 using Monte Carlo integration.,3cc58ed19fa38708
Write a C program to numerically estimate the value of the definite integral ∫f(x)dx from 2 to 39 using Monte Carlo integration.,3cc58ed19fa38708
Write a C program to numerically estimate the value of the definite integral ∫f(x)dx from 2 to 41 using Monte Carlo integration.,3cc58ed19fa38708
Write a C program to numerically estimate the value of the definite integral ∫f(x)dx from 2 to 42 using Monte Carlo integration.,3cc58ed19fa38708
Write a C program to numerically estimate the value of the definite integral ∫f(x)dx from 3 to 22 using Monte Carlo integration.,3cc58ed19fa38708
Write a C program to numerically estimate the value of the definite integral ∫f(x)dx from 3 to 26 using Monte Carlo integration.,3cc58ed19fa38708
Write a C program to numerically estimate the value of the definite integral ∫f(x)dx from 3 to 28 using Monte Carlo integration.,3cc58ed19fa38708
Write a C program to numerically estimate the value of the definite integral ∫f(x)dx from 3 to 31 using Monte Carlo integration.,3cc58ed19fa38708
Write a C program to numerically estimate the value of the definite integral ∫f(x)dx from 3 to 36 using Monte Carlo integration.,3cc58ed19fa38708
Write a C program to numerically estimate the value of the definite integral ∫f(x)dx from 3 to 47 using Monte Carlo integration.,3cc58ed19fa38708
Write a C program to numerically estimate the value of the definite integral ∫f(x)dx from 4 to 22 using Monte Carlo integration.,3cc58ed19fa38708
Write a C program to numerically estimate the value of the definite integral ∫f(x)dx from 5 to 19 using Monte Carlo integration.,3cc58ed19fa38708
Write a C program to numerically estimate the value of the definite integral ∫f(x)dx from 5 to 22 using Monte Carlo integration.,3cc58ed19fa38708
Write a C program to numerically estimate the value of the definite integral ∫f(x)dx from 5 to 32 using Monte Carlo integration.,3cc58ed19fa38708
Write a C program to numerically estimate the value of the definite integral ∫f(x)dx from 6 to 34 using Monte Carlo integration.,3cc58ed19fa38708
Write a C program to numerically estimate the value of the definite integral ∫f(x)dx from 6 to 43 using Monte Carlo integration.,3cc58ed19fa38708
Write a C program to numerically estimate the value of the definite integral ∫f(x)dx from 7 to 12 using Monte Carlo integration.,3cc58ed19fa38708
Write a C program to numerically estimate the value of the definite integral ∫f(x)dx from 7 to 31 using Monte Carlo integration.,3cc58ed19fa38708
Write a C program to numerically estimate the value of the definite integral ∫f(x)dx from 8 to 30 using Monte Carlo integration.,3cc58ed19fa38708
Write a C program to numerically estimate the value of the definite integral ∫f(x)dx from 8 to 37 using Monte Carlo integration.,3cc58ed19fa38708
Write a C program to numerically estimate the value of the definite integral ∫f(x)dx from {a} to {b} using Monte Carlo integration.,3cc58ed19fa38708
"Create a C function to simulate paging with 10 frames and [7, 19, 8, 10, 17] pages.",3cdffc274d4e0a54
"Create a C function to simulate paging with 3 frames and [12, 13, 18, 3, 7] pages.",3cdffc274d4e0a54
"Create a C function to simulate paging with 5 frames and [14, 12, 15, 19, 8] pages.",3cdffc274d4e0a54
"Create a C function to simulate paging with 6 frames and [1, 13, 4, 17, 6] pages.",3cdffc274d4e0a54
"Create a C function to simulate paging with 6 frames and [3, 12, 4, 18, 19] pages.",3cdffc274d4e0a54
"Create a C function to simulate paging with 8 frames and [1, 19, 5, 2, 9] pages.",3cdffc274d4e0a54
"Create a C function to simulate paging with 8 frames and [9, 8, 1, 19, 13] pages.",3cdffc274d4e0a54
"Create a C function to simulate paging with 9 frames and [1, 14, 17, 7, 5] pages.",3cdffc274d4e0a54
"Create a C program to simulate paging with 10 frames and [1, 19, 15, 11, 9] pages.",3cdffc274d4e0a54
"Create a C program to simulate paging with 10 frames and [1, 4, 14, 8, 3] pages.",3cdffc274d4e0a54
"Create a C program to simulate paging with 10 frames and [10, 18, 12, 13, 1] pages.",3cdffc274d4e0a54
"Create a C program to simulate paging with 10 frames and [10, 19, 12, 16, 9] pages.",3cdffc274d4e0a54
"Create a C program to simulate paging with 10 frames and [10, 19, 5, 15, 1] pages.",3cdffc274d4e0a54
"Create a C program to simulate paging with 10 frames and [10, 9, 13, 18, 15] pages.",3cdffc274d4e0a54
"Create a C program to simulate paging with 10 frames and [11, 18, 12, 19, 10] pages.",3cdffc274d4e0a54
"Create a C program to simulate paging with 10 frames and [12, 11, 5, 14, 3] pages.",3cdffc274d4e0a54
"Create a C program to simulate paging with 10 frames and [12, 14, 19, 10, 1] pages.",3cdffc274d4e0a54
"Create a C program to simulate paging with 10 frames and [14, 18, 1, 8, 16] pages.",3cdffc274d4e0a54
"Create a C program to simulate paging with 10 frames and [14, 5, 3, 2, 1] pages.",3cdffc274d4e0a54
"Create a C program to simulate paging with 10 frames and [16, 13, 19, 2, 3] pages.",3cdffc274d4e0a54
"Create a C program to simulate paging with 10 frames and [16, 17, 11, 5, 6] pages.",3cdffc274d4e0a54
"Create a C program to simulate paging with 10 frames and [17, 11, 7, 8, 16] pages.",3cdffc274d4e0a54
"Create a C program to simulate paging with 10 frames and [17, 14, 9, 13, 2] pages.",3cdffc274d4e0a54
"Create a C program to simulate paging with 10 frames and [17, 15, 19, 10, 2] pages.",3cdffc274d4e0a54
"Create a C program to simulate paging with 10 frames and [17, 16, 18, 6, 2] pages.",3cdffc274d4e0a54
"Create a C program to simulate paging with 10 frames and [2, 5, 6, 16, 11] pages.",3cdffc274d4e0a54
"Create a C program to simulate paging with 10 frames and [3, 1, 12, 18, 16] pages.",3cdffc274d4e0a54
"Create a C program to simulate paging with 10 frames and [3, 19, 18, 6, 16] pages.",3cdffc274d4e0a54
"Create a C program to simulate paging with 10 frames and [3, 7, 4, 14, 11] pages.",3cdffc274d4e0a54
"Create a C program to simulate paging with 10 frames and [4, 18, 17, 15, 1] pages.",3cdffc274d4e0a54
"Create a C program to simulate paging with 10 frames and [4, 5, 8, 16, 6] pages.",3cdffc274d4e0a54
"Create a C program to simulate paging with 10 frames and [5, 15, 12, 14, 17] pages.",3cdffc274d4e0a54
"Create a C program to simulate paging with 10 frames and [5, 17, 15, 12, 2] pages.",3cdffc274d4e0a54
"Create a C program to simulate paging with 10 frames and [6, 7, 19, 18, 11] pages.",3cdffc274d4e0a54
"Create a C program to simulate paging with 10 frames and [6, 9, 15, 2, 12] pages.",3cdffc274d4e0a54
"Create a C program to simulate paging with 10 frames and [7, 17, 2, 9, 4] pages.",3cdffc274d4e0a54
"Create a C program to simulate paging with 10 frames and [8, 15, 3, 17, 1] pages.",3cdffc274d4e0a54
"Create a C program to simulate paging with 10 frames and [8, 6, 7, 10, 2] pages.",3cdffc274d4e0a54
"Create a C program to simulate paging with 10 frames and [9, 5, 4, 2, 18] pages.",3cdffc274d4e0a54
"Create a C program to simulate paging with 10 frames and [9, 6, 14, 16, 2] pages.",3cdffc274d4e0a54
"Create a C program to simulate paging with 3 frames and [1, 4, 2, 13, 16] pages.",3cdffc274d4e0a54
"Create a C program to simulate paging with 3 frames and [12, 10, 13, 1, 15] pages.",3cdffc274d4e0a54
"Create a C program to simulate paging with 3 frames and [12, 6, 5, 16, 3] pages.",3cdffc274d4e0a54
"Create a C program to simulate paging with 3 frames and [12, 8, 3, 15, 10] pages.",3cdffc274d4e0a54
"Create a C program to simulate paging with 3 frames and [15, 18, 14, 3, 7] pages.",3cdffc274d4e0a54
"Create a C program to simulate paging with 3 frames and [16, 15, 12, 11, 1] pages.",3cdffc274d4e0a54
"Create a C program to simulate paging with 3 frames and [17, 1, 14, 5, 10] pages.",3cdffc274d4e0a54
"Create a C program to simulate paging with 3 frames and [17, 1, 9, 13, 7] pages.",3cdffc274d4e0a54
"Create a C program to simulate paging with 3 frames and [17, 3, 10, 5, 13] pages.",3cdffc274d4e0a54
"Create a C program to simulate paging with 3 frames and [17, 3, 4, 19, 13] pages.",3cdffc274d4e0a54
"Create a C program to simulate paging with 3 frames and [3, 1, 2, 8, 13] pages.",3cdffc274d4e0a54
"Create a C program to simulate paging with 3 frames and [3, 7, 1, 4, 14] pages.",3cdffc274d4e0a54
"Create a C program to simulate paging with 3 frames and [4, 6, 10, 19, 17] pages.",3cdffc274d4e0a54
"Create a C program to simulate paging with 3 frames and [4, 8, 17, 1, 16] pages.",3cdffc274d4e0a54
"Create a C program to simulate paging with 3 frames and [4, 9, 8, 14, 16] pages.",3cdffc274d4e0a54
"Create a C program to simulate paging with 3 frames and [5, 14, 15, 13, 9] pages.",3cdffc274d4e0a54
"Create a C program to simulate paging with 3 frames and [6, 13, 8, 19, 5] pages.",3cdffc274d4e0a54
"Create a C program to simulate paging with 3 frames and [6, 18, 4, 13, 10] pages.",3cdffc274d4e0a54
"Create a C program to simulate paging with 3 frames and [6, 7, 10, 17, 14] pages.",3cdffc274d4e0a54
"Create a C program to simulate paging with 3 frames and [8, 12, 18, 13, 10] pages.",3cdffc274d4e0a54
"Create a C program to simulate paging with 3 frames and [8, 17, 9, 5, 10] pages.",3cdffc274d4e0a54
"Create a C program to simulate paging with 3 frames and [9, 11, 4, 13, 14] pages.",3cdffc274d4e0a54
"Create a C program to simulate paging with 4 frames and [1, 18, 2, 12, 4] pages.",3cdffc274d4e0a54
"Create a C program to simulate paging with 4 frames and [1, 6, 16, 9, 13] pages.",3cdffc274d4e0a54
"Create a C program to simulate paging with 4 frames and [10, 16, 3, 13, 2] pages.",3cdffc274d4e0a54
"Create a C program to simulate paging with 4 frames and [13, 15, 10, 1, 7] pages.",3cdffc274d4e0a54
"Create a C program to simulate paging with 4 frames and [14, 17, 4, 13, 16] pages.",3cdffc274d4e0a54
"Create a C program to simulate paging with 4 frames and [15, 7, 17, 16, 5] pages.",3cdffc274d4e0a54
"Create a C program to simulate paging with 4 frames and [15, 9, 6, 13, 1] pages.",3cdffc274d4e0a54
"Create a C program to simulate paging with 4 frames and [16, 12, 17, 5, 11] pages.",3cdffc274d4e0a54
"Create a C program to simulate paging with 4 frames and [16, 18, 7, 8, 11] pages.",3cdffc274d4e0a54
"Create a C program to simulate paging with 4 frames and [17, 6, 15, 12, 4] pages.",3cdffc274d4e0a54
"Create a C program to simulate paging with 4 frames and [18, 11, 9, 12, 16] pages.",3cdffc274d4e0a54
"Create a C program to simulate paging with 4 frames and [18, 4, 16, 17, 3] pages.",3cdffc274d4e0a54
"Create a C program to simulate paging with 4 frames and [18, 8, 19, 14, 17] pages.",3cdffc274d4e0a54
"Create a C program to simulate paging with 4 frames and [3, 15, 10, 19, 12] pages.",3cdffc274d4e0a54
"Create a C program to simulate paging with 4 frames and [3, 9, 6, 10, 13] pages.",3cdffc274d4e0a54
"Create a C program to simulate paging with 4 frames and [4, 3, 9, 11, 10] pages.",3cdffc274d4e0a54
"Create a C program to simulate paging with 4 frames and [5, 14, 3, 12, 18] pages.",3cdffc274d4e0a54
"Create a C program to simulate paging with 4 frames and [5, 15, 12, 17, 8] pages.",3cdffc274d4e0a54
"Create a C program to simulate paging with 4 frames and [5, 19, 14, 11, 1] pages.",3cdffc274d4e0a54
"Create a C program to simulate paging with 4 frames and [5, 3, 8, 11, 7] pages.",3cdffc274d4e0a54
"Create a C program to simulate paging with 4 frames and [6, 19, 7, 11, 5] pages.",3cdffc274d4e0a54
"Create a C program to simulate paging with 4 frames and [6, 4, 17, 7, 3] pages.",3cdffc274d4e0a54
"Create a C program to simulate paging with 4 frames and [7, 6, 18, 16, 13] pages.",3cdffc274d4e0a54
"Create a C program to simulate paging with 4 frames and [8, 2, 1, 3, 6] pages.",3cdffc274d4e0a54
"Create a C program to simulate paging with 4 frames and [8, 7, 9, 5, 11] pages.",3cdffc274d4e0a54
"Create a C program to simulate paging with 4 frames and [9, 6, 11, 4, 7] pages.",3cdffc274d4e0a54
"Create a C program to simulate paging with 5 frames and [10, 11, 12, 1, 3] pages.",3cdffc274d4e0a54
"Create a C program to simulate paging with 5 frames and [10, 13, 4, 2, 14] pages.",3cdffc274d4e0a54
"Create a C program to simulate paging with 5 frames and [10, 8, 2, 13, 18] pages.",3cdffc274d4e0a54
"Create a C program to simulate paging with 5 frames and [13, 12, 4, 7, 10] pages.",3cdffc274d4e0a54
"Create a C program to simulate paging with 5 frames and [13, 2, 14, 9, 18] pages.",3cdffc274d4e0a54
"Create a C program to simulate paging with 5 frames and [13, 7, 4, 1, 8] pages.",3cdffc274d4e0a54
"Create a C program to simulate paging with 5 frames and [14, 7, 4, 6, 16] pages.",3cdffc274d4e0a54
"Create a C program to simulate paging with 5 frames and [15, 6, 8, 14, 16] pages.",3cdffc274d4e0a54
"Create a C program to simulate paging with 5 frames and [17, 1, 16, 8, 3] pages.",3cdffc274d4e0a54
"Create a C program to simulate paging with 5 frames and [17, 10, 3, 18, 7] pages.",3cdffc274d4e0a54
"Create a C program to simulate paging with 5 frames and [17, 6, 15, 1, 12] pages.",3cdffc274d4e0a54
"Create a C program to simulate paging with 5 frames and [19, 18, 6, 4, 2] pages.",3cdffc274d4e0a54
"Create a C program to simulate paging with 5 frames and [19, 6, 18, 9, 1] pages.",3cdffc274d4e0a54
"Create a C program to simulate paging with 5 frames and [2, 9, 5, 17, 4] pages.",3cdffc274d4e0a54
"Create a C program to simulate paging with 5 frames and [6, 15, 17, 16, 7] pages.",3cdffc274d4e0a54
"Create a C program to simulate paging with 5 frames and [6, 4, 16, 14, 8] pages.",3cdffc274d4e0a54
"Create a C program to simulate paging with 5 frames and [7, 16, 9, 14, 3] pages.",3cdffc274d4e0a54
"Create a C program to simulate paging with 5 frames and [8, 6, 17, 5, 19] pages.",3cdffc274d4e0a54
"Create a C program to simulate paging with 5 frames and [9, 18, 10, 4, 15] pages.",3cdffc274d4e0a54
"Create a C program to simulate paging with 5 frames and [9, 19, 6, 2, 5] pages.",3cdffc274d4e0a54
"Create a C program to simulate paging with 6 frames and [1, 11, 18, 13, 15] pages.",3cdffc274d4e0a54
"Create a C program to simulate paging with 6 frames and [1, 6, 8, 15, 4] pages.",3cdffc274d4e0a54
"Create a C program to simulate paging with 6 frames and [10, 18, 8, 16, 12] pages.",3cdffc274d4e0a54
"Create a C program to simulate paging with 6 frames and [11, 4, 15, 3, 16] pages.",3cdffc274d4e0a54
"Create a C program to simulate paging with 6 frames and [12, 1, 19, 5, 10] pages.",3cdffc274d4e0a54
"Create a C program to simulate paging with 6 frames and [12, 10, 7, 13, 5] pages.",3cdffc274d4e0a54
"Create a C program to simulate paging with 6 frames and [12, 2, 14, 16, 10] pages.",3cdffc274d4e0a54
"Create a C program to simulate paging with 6 frames and [13, 14, 8, 1, 5] pages.",3cdffc274d4e0a54
"Create a C program to simulate paging with 6 frames and [13, 9, 19, 12, 2] pages.",3cdffc274d4e0a54
"Create a C program to simulate paging with 6 frames and [17, 2, 1, 11, 16] pages.",3cdffc274d4e0a54
"Create a C program to simulate paging with 6 frames and [18, 12, 4, 9, 10] pages.",3cdffc274d4e0a54
"Create a C program to simulate paging with 6 frames and [18, 16, 4, 3, 13] pages.",3cdffc274d4e0a54
"Create a C program to simulate paging with 6 frames and [18, 16, 5, 1, 14] pages.",3cdffc274d4e0a54
"Create a C program to simulate paging with 6 frames and [18, 17, 12, 6, 11] pages.",3cdffc274d4e0a54
"Create a C program to simulate paging with 6 frames and [18, 17, 8, 14, 6] pages.",3cdffc274d4e0a54
"Create a C program to simulate paging with 6 frames and [4, 18, 5, 9, 17] pages.",3cdffc274d4e0a54
"Create a C program to simulate paging with 6 frames and [5, 14, 7, 4, 10] pages.",3cdffc274d4e0a54
"Create a C program to simulate paging with 6 frames and [6, 16, 14, 4, 5] pages.",3cdffc274d4e0a54
"Create a C program to simulate paging with 6 frames and [6, 7, 11, 16, 4] pages.",3cdffc274d4e0a54
"Create a C program to simulate paging with 6 frames and [6, 9, 7, 4, 12] pages.",3cdffc274d4e0a54
"Create a C program to simulate paging with 6 frames and [7, 15, 12, 10, 14] pages.",3cdffc274d4e0a54
"Create a C program to simulate paging with 7 frames and [10, 11, 17, 16, 12] pages.",3cdffc274d4e0a54
"Create a C program to simulate paging with 7 frames and [10, 19, 15, 4, 8] pages.",3cdffc274d4e0a54
"Create a C program to simulate paging with 7 frames and [13, 18, 4, 8, 15] pages.",3cdffc274d4e0a54
"Create a C program to simulate paging with 7 frames and [14, 12, 8, 15, 10] pages.",3cdffc274d4e0a54
"Create a C program to simulate paging with 7 frames and [14, 19, 4, 1, 18] pages.",3cdffc274d4e0a54
"Create a C program to simulate paging with 7 frames and [16, 15, 1, 7, 14] pages.",3cdffc274d4e0a54
"Create a C program to simulate paging with 7 frames and [16, 3, 5, 11, 4] pages.",3cdffc274d4e0a54
"Create a C program to simulate paging with 7 frames and [19, 15, 18, 10, 8] pages.",3cdffc274d4e0a54
"Create a C program to simulate paging with 7 frames and [2, 1, 10, 7, 15] pages.",3cdffc274d4e0a54
"Create a C program to simulate paging with 7 frames and [2, 11, 18, 19, 3] pages.",3cdffc274d4e0a54
"Create a C program to simulate paging with 7 frames and [2, 16, 13, 6, 11] pages.",3cdffc274d4e0a54
"Create a C program to simulate paging with 7 frames and [3, 1, 18, 9, 7] pages.",3cdffc274d4e0a54
"Create a C program to simulate paging with 7 frames and [4, 10, 1, 18, 19] pages.",3cdffc274d4e0a54
"Create a C program to simulate paging with 7 frames and [4, 10, 7, 2, 13] pages.",3cdffc274d4e0a54
"Create a C program to simulate paging with 7 frames and [4, 5, 9, 13, 18] pages.",3cdffc274d4e0a54
"Create a C program to simulate paging with 7 frames and [4, 7, 10, 8, 13] pages.",3cdffc274d4e0a54
"Create a C program to simulate paging with 7 frames and [7, 13, 16, 10, 18] pages.",3cdffc274d4e0a54
"Create a C program to simulate paging with 7 frames and [7, 15, 3, 2, 4] pages.",3cdffc274d4e0a54
"Create a C program to simulate paging with 7 frames and [7, 4, 8, 2, 6] pages.",3cdffc274d4e0a54
"Create a C program to simulate paging with 7 frames and [7, 8, 12, 11, 15] pages.",3cdffc274d4e0a54
"Create a C program to simulate paging with 7 frames and [8, 7, 12, 2, 9] pages.",3cdffc274d4e0a54
"Create a C program to simulate paging with 7 frames and [9, 10, 19, 7, 11] pages.",3cdffc274d4e0a54
"Create a C program to simulate paging with 7 frames and [9, 18, 1, 4, 11] pages.",3cdffc274d4e0a54
"Create a C program to simulate paging with 7 frames and [9, 3, 8, 19, 2] pages.",3cdffc274d4e0a54
"Create a C program to simulate paging with 8 frames and [11, 16, 1, 4, 15] pages.",3cdffc274d4e0a54
"Create a C program to simulate paging with 8 frames and [13, 10, 6, 12, 15] pages.",3cdffc274d4e0a54
"Create a C program to simulate paging with 8 frames and [13, 15, 9, 5, 1] pages.",3cdffc274d4e0a54
"Create a C program to simulate paging with 8 frames and [13, 3, 1, 7, 5] pages.",3cdffc274d4e0a54
"Create a C program to simulate paging with 8 frames and [14, 1, 12, 2, 17] pages.",3cdffc274d4e0a54
"Create a C program to simulate paging with 8 frames and [15, 6, 8, 17, 13] pages.",3cdffc274d4e0a54
"Create a C program to simulate paging with 8 frames and [17, 19, 3, 11, 13] pages.",3cdffc274d4e0a54
"Create a C program to simulate paging with 8 frames and [17, 3, 14, 12, 1] pages.",3cdffc274d4e0a54
"Create a C program to simulate paging with 8 frames and [18, 5, 7, 17, 12] pages.",3cdffc274d4e0a54
"Create a C program to simulate paging with 8 frames and [19, 17, 10, 3, 5] pages.",3cdffc274d4e0a54
"Create a C program to simulate paging with 8 frames and [2, 1, 12, 14, 16] pages.",3cdffc274d4e0a54
"Create a C program to simulate paging with 8 frames and [2, 10, 16, 12, 19] pages.",3cdffc274d4e0a54
"Create a C program to simulate paging with 8 frames and [3, 1, 12, 15, 19] pages.",3cdffc274d4e0a54
"Create a C program to simulate paging with 8 frames and [5, 18, 14, 13, 1] pages.",3cdffc274d4e0a54
"Create a C program to simulate paging with 8 frames and [6, 18, 17, 1, 10] pages.",3cdffc274d4e0a54
"Create a C program to simulate paging with 8 frames and [7, 16, 3, 8, 14] pages.",3cdffc274d4e0a54
"Create a C program to simulate paging with 9 frames and [1, 12, 13, 3, 6] pages.",3cdffc274d4e0a54
"Create a C program to simulate paging with 9 frames and [1, 5, 4, 15, 6] pages.",3cdffc274d4e0a54
"Create a C program to simulate paging with 9 frames and [1, 9, 10, 17, 5] pages.",3cdffc274d4e0a54
"Create a C program to simulate paging with 9 frames and [12, 6, 10, 13, 17] pages.",3cdffc274d4e0a54
"Create a C program to simulate paging with 9 frames and [12, 7, 8, 4, 6] pages.",3cdffc274d4e0a54
"Create a C program to simulate paging with 9 frames and [14, 17, 19, 18, 4] pages.",3cdffc274d4e0a54
"Create a C program to simulate paging with 9 frames and [14, 6, 9, 17, 13] pages.",3cdffc274d4e0a54
"Create a C program to simulate paging with 9 frames and [15, 1, 17, 14, 2] pages.",3cdffc274d4e0a54
"Create a C program to simulate paging with 9 frames and [16, 3, 6, 14, 5] pages.",3cdffc274d4e0a54
"Create a C program to simulate paging with 9 frames and [17, 14, 18, 8, 13] pages.",3cdffc274d4e0a54
"Create a C program to simulate paging with 9 frames and [18, 1, 17, 7, 2] pages.",3cdffc274d4e0a54
"Create a C program to simulate paging with 9 frames and [18, 12, 5, 7, 10] pages.",3cdffc274d4e0a54
"Create a C program to simulate paging with 9 frames and [18, 7, 11, 1, 10] pages.",3cdffc274d4e0a54
"Create a C program to simulate paging with 9 frames and [19, 13, 18, 9, 17] pages.",3cdffc274d4e0a54
"Create a C program to simulate paging with 9 frames and [19, 2, 6, 1, 8] pages.",3cdffc274d4e0a54
"Create a C program to simulate paging with 9 frames and [4, 14, 5, 18, 8] pages.",3cdffc274d4e0a54
"Create a C program to simulate paging with 9 frames and [4, 2, 15, 19, 12] pages.",3cdffc274d4e0a54
"Create a C program to simulate paging with 9 frames and [5, 1, 12, 3, 16] pages.",3cdffc274d4e0a54
"Create a C program to simulate paging with 9 frames and [5, 7, 18, 4, 9] pages.",3cdffc274d4e0a54
"Create a C program to simulate paging with 9 frames and [8, 7, 17, 4, 16] pages.",3cdffc274d4e0a54
"Create a C program to simulate paging with 9 frames and [9, 12, 4, 1, 18] pages.",3cdffc274d4e0a54
"Create a C program to simulate paging with 9 frames and [9, 15, 8, 18, 10] pages.",3cdffc274d4e0a54
"Write a C function that when given a URL for an ArXiV paper, it prints the paper's DOI URL.",3d8fd9762c9404fc
Build a C function that learns to predict the next number in a sequence (very simple perceptron).,404023cb4bea6755
Build a C program that learns to predict the next number in a sequence (very simple perceptron).,404023cb4bea6755
Create a C function that prints a QR code for the text 'CvTx2EabDf9XgRv4k'.,407abcc3e05acd40
Create a C function that prints a QR code for the text 'ExPFpvEYNe9jlKH'.,407abcc3e05acd40
Create a C program that generates a QR code for '0DI0kImfId63oIdWhXsfd'.,407abcc3e05acd40
Create a C program that generates a QR code for '1mrJdXgVzG2OslJwEBGigQYg'.,407abcc3e05acd40
Create a C program that generates a QR code for '1onDMXFnZg'.,407abcc3e05acd40
Create a C program that generates a QR code for '2v3kGVbxXYp1Awvn6hxBrvckP'.,407abcc3e05acd40
Create a C program that generates a QR code for '3IcXVIC6OWQN5'.,407abcc3e05acd40
Create a C program that generates a QR code for '3pKmfqixpOidnbmLjodAUuaNWTFd'.,407abcc3e05acd40
Create a C program that generates a QR code for '4YmtAWknBD4WN6Wfp2jwexJiShRb'.,407abcc3e05acd40
Create a C program that generates a QR code for '5SeQX369bjO8Ct791H'.,407abcc3e05acd40
Create a C program that generates a QR code for '6oZxtaDr4vZcegnkkIDgDPZOm'.,407abcc3e05acd40
Create a C program that generates a QR code for '90AgSB3tjhM'.,407abcc3e05acd40
Create a C program that generates a QR code for '9BT5HDeAU0FFvYvM5x0I'.,407abcc3e05acd40
Create a C program that generates a QR code for 'A3dsamuMgwExg9fE940HM6z'.,407abcc3e05acd40
Create a C program that generates a QR code for 'AYhdE4Atng6zvFleQHn0EQjC0'.,407abcc3e05acd40
Create a C program that generates a QR code for 'BR4cXsxjGJXke'.,407abcc3e05acd40
Create a C program that generates a QR code for 'BU0rWEoBSou3ejxjnzuCdZyV6'.,407abcc3e05acd40
Create a C program that generates a QR code for 'BYOtDjdg3vS'.,407abcc3e05acd40
Create a C program that generates a QR code for 'COUfQwW4AZC5RgIAuXoU7PuLM'.,407abcc3e05acd40
Create a C program that generates a QR code for 'Cf0gVaBbBnbFGX'.,407abcc3e05acd40
Create a C program that generates a QR code for 'ChNXE9erwJ5'.,407abcc3e05acd40
Create a C program that generates a QR code for 'D2TsXW2U11jqqTsQc2pSJEkEhloZv'.,407abcc3e05acd40
Create a C program that generates a QR code for 'Dh5c7t2uDTdQAQrOp5GKlXzor'.,407abcc3e05acd40
Create a C program that generates a QR code for 'F9IyDN8pbWvTMVTucHYkWCRNYdW'.,407abcc3e05acd40
Create a C program that generates a QR code for 'FH5G2SEeaHgXnhTFSRlRvuUtxWABwa'.,407abcc3e05acd40
Create a C program that generates a QR code for 'H8xIZM1JRcoreogrNwwmq6OL'.,407abcc3e05acd40
Create a C program that generates a QR code for 'HIWgwWuFIfCeSj'.,407abcc3e05acd40
Create a C program that generates a QR code for 'KHTFcVJqr73ud'.,407abcc3e05acd40
Create a C program that generates a QR code for 'KMzKG5mSoyPstUeC99enq522wjZR'.,407abcc3e05acd40
Create a C program that generates a QR code for 'LQWG5HjHZ8BQp5BqrBQVJiFXRP9'.,407abcc3e05acd40
Create a C program that generates a QR code for 'LgRR3hSb9BQmzRhNqfIA'.,407abcc3e05acd40
Create a C program that generates a QR code for 'MHYTLvCo7uzjwCzIQQBKJqcrZuX'.,407abcc3e05acd40
Create a C program that generates a QR code for 'NNDniuAmoF5bF104Ps3p1e1PojCF1'.,407abcc3e05acd40
Create a C program that generates a QR code for 'NyeqJSvqJuvsCvwuFCMpa76z7'.,407abcc3e05acd40
Create a C program that generates a QR code for 'OKJbtRyZ1wkOGwI'.,407abcc3e05acd40
Create a C program that generates a QR code for 'OQIhG3oaGwsbyuxc7Yfreg'.,407abcc3e05acd40
Create a C program that generates a QR code for 'PVQOgX9rbgu77Sw62aYPrZqf'.,407abcc3e05acd40
Create a C program that generates a QR code for 'Pd3SxtW41RZ6YCqqSvWfMezE5mZ3f'.,407abcc3e05acd40
Create a C program that generates a QR code for 'RIi8NmMEe02VwxoLxPYkCUn'.,407abcc3e05acd40
Create a C program that generates a QR code for 'RoXJEsYxgePSl'.,407abcc3e05acd40
Create a C program that generates a QR code for 'TYYojmLVOkVEUVB5INM1M'.,407abcc3e05acd40
Create a C program that generates a QR code for 'U6vI82biCB'.,407abcc3e05acd40
Create a C program that generates a QR code for 'UD0sRX4I8IipmO5'.,407abcc3e05acd40
Create a C program that generates a QR code for 'ULrzALO2coG0j1a5qtfJQV'.,407abcc3e05acd40
Create a C program that generates a QR code for 'USQgMYGl1Y'.,407abcc3e05acd40
Create a C program that generates a QR code for 'UiLWSL818fBkrgU'.,407abcc3e05acd40
Create a C program that generates a QR code for 'V4QSxRE4HZG8EkKtTiaDaLqNx2'.,407abcc3e05acd40
Create a C program that generates a QR code for 'VB7LjunhOeX'.,407abcc3e05acd40
Create a C program that generates a QR code for 'WoukdTGUDWFgF6cW1GC7d'.,407abcc3e05acd40
Create a C program that generates a QR code for 'WwGuXWRtc4g87v3aHX'.,407abcc3e05acd40
Create a C program that generates a QR code for 'XG8UE29YqDbbO2kIzt0eLG'.,407abcc3e05acd40
Create a C program that generates a QR code for 'YQFvUb0x9ifX58gdsrr9yuQt9'.,407abcc3e05acd40
Create a C program that generates a QR code for 'YyIlm8i69TuNn9'.,407abcc3e05acd40
Create a C program that generates a QR code for 'ZrqWuqWnC9GOD'.,407abcc3e05acd40
Create a C program that generates a QR code for 'aWKg598njpOvZ'.,407abcc3e05acd40
Create a C program that generates a QR code for 'bMm2pFkvmMdLtHrA6'.,407abcc3e05acd40
Create a C program that generates a QR code for 'bpL3RaoHfWzKxi6ZZYfA337qOt'.,407abcc3e05acd40
Create a C program that generates a QR code for 'bq9Ew6AQOfMXSfjSNTtg'.,407abcc3e05acd40
Create a C program that generates a QR code for 'c3uSZLcePFvxjgacJGOlG7Hlk9Lz'.,407abcc3e05acd40
Create a C program that generates a QR code for 'cwI8gXhoM0p1B96nIxJSk4aFj'.,407abcc3e05acd40
Create a C program that generates a QR code for 'dJo05fbvr6OenHQoN'.,407abcc3e05acd40
Create a C program that generates a QR code for 'dafZMDgmN8DhWD'.,407abcc3e05acd40
Create a C program that generates a QR code for 'fA1lquCu2r'.,407abcc3e05acd40
Create a C program that generates a QR code for 'fSK3Xm3TIe26VgeDEIpQvOkrWIB'.,407abcc3e05acd40
Create a C program that generates a QR code for 'fakdfldRPyzf8DuySNOdT7'.,407abcc3e05acd40
Create a C program that generates a QR code for 'fwa0a77Nf90D2fWm'.,407abcc3e05acd40
Create a C program that generates a QR code for 'g2bHOZyd91IWIFdiXQGxExpdRp'.,407abcc3e05acd40
Create a C program that generates a QR code for 'gATtLFxJpRa'.,407abcc3e05acd40
Create a C program that generates a QR code for 'h4hvpZuFM0OpiLGNwHx6hN'.,407abcc3e05acd40
Create a C program that generates a QR code for 'h5esM2wleOV911xCZkwPRQeNHpC'.,407abcc3e05acd40
Create a C program that generates a QR code for 'hBikn1olqwWyGM9pABcuBDJ0H'.,407abcc3e05acd40
Create a C program that generates a QR code for 'hLymilY9zmSLiavS'.,407abcc3e05acd40
Create a C program that generates a QR code for 'j8XCAq3OaTJj9fscTD'.,407abcc3e05acd40
Create a C program that generates a QR code for 'jSYEMQdHDWG4F2qZPXLdHB'.,407abcc3e05acd40
Create a C program that generates a QR code for 'jyHLG1UGgXRMkPa4GmBjkJRMotJ'.,407abcc3e05acd40
Create a C program that generates a QR code for 'kEnydx9qWCA79ISjs'.,407abcc3e05acd40
Create a C program that generates a QR code for 'kPX4KPtohxiyKJAEH45kkrl0M17Em'.,407abcc3e05acd40
Create a C program that generates a QR code for 'kb9b0KtNKT125kDO5rDu7B0'.,407abcc3e05acd40
Create a C program that generates a QR code for 'kdTGUDWFgF'.,407abcc3e05acd40
Create a C program that generates a QR code for 'm7tO4fJHS64k2k59yE6752aJg8r9HE'.,407abcc3e05acd40
Create a C program that generates a QR code for 'm8NpJQfe95DycUIoKuqjU7nw8uwqO'.,407abcc3e05acd40
Create a C program that generates a QR code for 'mNfY6GvF4gFMRdUXri8O1uFOsSGoi5'.,407abcc3e05acd40
Create a C program that generates a QR code for 'o1u3CjhfGUP2LICUjGiq'.,407abcc3e05acd40
Create a C program that generates a QR code for 'oF9onGfLt3ZoZFacqfugjbfuLJr6'.,407abcc3e05acd40
Create a C program that generates a QR code for 'oRnr5TAU7bF3PCe4'.,407abcc3e05acd40
Create a C program that generates a QR code for 'pOPB7bxpNjwyDNee8g3HR4vD8GBD1d'.,407abcc3e05acd40
Create a C program that generates a QR code for 'phlhHVlnES8GrgmolaH'.,407abcc3e05acd40
Create a C program that generates a QR code for 'piAMozPf8eGF9IyDN8pbWvTMVTuc'.,407abcc3e05acd40
Create a C program that generates a QR code for 'qNAKwAOrEhmHDL5W1vx6v9'.,407abcc3e05acd40
Create a C program that generates a QR code for 'rDv7p1heEJQjY6fpIzKMWx4sKAJd'.,407abcc3e05acd40
Create a C program that generates a QR code for 'rgnpjMS8I44bsxbt'.,407abcc3e05acd40
Create a C program that generates a QR code for 'sMLT6mnOjkeaBKsoRRCQ5WM'.,407abcc3e05acd40
Create a C program that generates a QR code for 'snBfOOk7c7vJrNw2zertPbOot'.,407abcc3e05acd40
Create a C program that generates a QR code for 'snyWaK6U3iVhPJJ0dUjyPaiAP'.,407abcc3e05acd40
Create a C program that generates a QR code for 't4TiiIkJ7hyOoDLh'.,407abcc3e05acd40
Create a C program that generates a QR code for 'tVgBOaaTMyyBn80Z8lA3s'.,407abcc3e05acd40
Create a C program that generates a QR code for 'ttfgCV7kYXeKdZQdvTIN5Nf'.,407abcc3e05acd40
Create a C program that generates a QR code for 'u726dLpUsfziB8lHZtnVc'.,407abcc3e05acd40
Create a C program that generates a QR code for 'ug0g4ai18eWqMyeuPH7M3EHMoQro'.,407abcc3e05acd40
Create a C program that generates a QR code for 'ukfB4GJ1LD3La'.,407abcc3e05acd40
Create a C program that generates a QR code for 'v1XIZQguarHSVW5XAK4BE'.,407abcc3e05acd40
Create a C program that generates a QR code for 'vi1t9vyVFgohBid6'.,407abcc3e05acd40
Create a C program that generates a QR code for 'y5SfYRjLOWM4I'.,407abcc3e05acd40
Create a C program that generates a QR code for 'yub1ZLfXzmAG3J8WUKpMP3HhS1mDW'.,407abcc3e05acd40
Create a C program that generates a QR code for 'yw1HvbS6DXcRNrcTF'.,407abcc3e05acd40
Create a C program that generates a QR code for 'zOp4vHcgOeprnNL8K'.,407abcc3e05acd40
Create a C program that generates a QR code for 'zZdMAReyopd53xS'.,407abcc3e05acd40
Create a C program that generates a QR code for 'zyUJyqsCpzNZjT5KozLi'.,407abcc3e05acd40
Create a C program that prints a QR code for the text '0OXirZRiRBaep'.,407abcc3e05acd40
Create a C program that prints a QR code for the text '0WAGvzeoroTAL'.,407abcc3e05acd40
Create a C program that prints a QR code for the text '1KgTyVgcVWWbYQ1rAtzb1H5PJl9Fv'.,407abcc3e05acd40
Create a C program that prints a QR code for the text '1X6axoa8ePfRSP8ate'.,407abcc3e05acd40
Create a C program that prints a QR code for the text '2I4ndZ4szi6sEg3iCPU6zUjzgEz6c'.,407abcc3e05acd40
Create a C program that prints a QR code for the text '2IeEqRFem5YLLMEv7ydVfHa'.,407abcc3e05acd40
Create a C program that prints a QR code for the text '2QDau13KhN'.,407abcc3e05acd40
Create a C program that prints a QR code for the text '2eySDzzJhteCGhZIKViF1ZGsk5n6G'.,407abcc3e05acd40
Create a C program that prints a QR code for the text '30ot8QHHONmYz0hfg'.,407abcc3e05acd40
Create a C program that prints a QR code for the text '48e4FkSb1y0xErrFjI'.,407abcc3e05acd40
Create a C program that prints a QR code for the text '6Va42NZKgRdAA'.,407abcc3e05acd40
Create a C program that prints a QR code for the text '78irco0z3CUKFNyKdPis05yZu'.,407abcc3e05acd40
Create a C program that prints a QR code for the text '82QUBlCvzw'.,407abcc3e05acd40
Create a C program that prints a QR code for the text '8DiBEMTtXo9S3AT9MbmSgm0LrlHG'.,407abcc3e05acd40
Create a C program that prints a QR code for the text '90NSE2tpHuWcrC'.,407abcc3e05acd40
Create a C program that prints a QR code for the text '9l0fVJqQ0FGAxaIO4U'.,407abcc3e05acd40
Create a C program that prints a QR code for the text 'Aeuka7gmrv5zIRwaQm9ZcVt8'.,407abcc3e05acd40
Create a C program that prints a QR code for the text 'AzNrz7k6CQwBgBye1UnWeNGmWv7O'.,407abcc3e05acd40
Create a C program that prints a QR code for the text 'BT7qYHDBTq0Zf2'.,407abcc3e05acd40
Create a C program that prints a QR code for the text 'EBZ9W2RCMeBC14zVLqAkdfiIJuBoc0'.,407abcc3e05acd40
Create a C program that prints a QR code for the text 'EBqUhArQEPcyLasnipuaUkx'.,407abcc3e05acd40
Create a C program that prints a QR code for the text 'EL4try0WOUCry3O'.,407abcc3e05acd40
Create a C program that prints a QR code for the text 'HbnXoWJJ4l4IzY30gXbSReBgPlDl'.,407abcc3e05acd40
Create a C program that prints a QR code for the text 'Heaaymw8Wj'.,407abcc3e05acd40
Create a C program that prints a QR code for the text 'HzmjN5KeAl0ORDUW49n4bstTPoe'.,407abcc3e05acd40
Create a C program that prints a QR code for the text 'K7yvhzprzUgc6mq7YG'.,407abcc3e05acd40
Create a C program that prints a QR code for the text 'KOTc5f77XvzCt3JORju5wbsdUW'.,407abcc3e05acd40
Create a C program that prints a QR code for the text 'Kg9bGjO4taILGs'.,407abcc3e05acd40
Create a C program that prints a QR code for the text 'KlbVeW74ZfS6G6Un'.,407abcc3e05acd40
Create a C program that prints a QR code for the text 'KzIaVE0cEOacyJu6thIqVbJnGIw'.,407abcc3e05acd40
Create a C program that prints a QR code for the text 'Lg7Tuhvs2dMay6wEKIj9v7c2Yd'.,407abcc3e05acd40
Create a C program that prints a QR code for the text 'PxUkJzZsnWLtBPFX7TOrPMf'.,407abcc3e05acd40
Create a C program that prints a QR code for the text 'QxxSLeyjJaNipWeLearloKe9L'.,407abcc3e05acd40
Create a C program that prints a QR code for the text 'R2JmtjGt3cBRMV3'.,407abcc3e05acd40
Create a C program that prints a QR code for the text 'R96zoH2shG30pYxTztG'.,407abcc3e05acd40
Create a C program that prints a QR code for the text 'Sj2rSrgvGcvt9DSr4nuQFksicd'.,407abcc3e05acd40
Create a C program that prints a QR code for the text 'U6QlTrKVL8Zsw'.,407abcc3e05acd40
Create a C program that prints a QR code for the text 'U9rLvlS2UMoavfsv4QKyoWv6mILcC3'.,407abcc3e05acd40
Create a C program that prints a QR code for the text 'UGxDAc02S9LGHE'.,407abcc3e05acd40
Create a C program that prints a QR code for the text 'UieV0vWqaTZJO1BEuVx518ox1z'.,407abcc3e05acd40
Create a C program that prints a QR code for the text 'V49u507CvoH2OVAkStsxJcw'.,407abcc3e05acd40
Create a C program that prints a QR code for the text 'VEJFDGokoNWBT5hLayxmR'.,407abcc3e05acd40
Create a C program that prints a QR code for the text 'VPby2tZ6Q8hMc2tnEaXFs'.,407abcc3e05acd40
Create a C program that prints a QR code for the text 'WCXmYQCKgrmwhtrO0geKRbaJ2A2'.,407abcc3e05acd40
Create a C program that prints a QR code for the text 'XPojzEJbgEQ28B5fjlm9jEQ4xR'.,407abcc3e05acd40
Create a C program that prints a QR code for the text 'Xv2Rra6fSEVQOEXfnQsKD'.,407abcc3e05acd40
Create a C program that prints a QR code for the text 'XzvHRqryUvIltnJlU'.,407abcc3e05acd40
Create a C program that prints a QR code for the text 'YZ2lSKAkyQrCVLUEj7YYOGZadpDE'.,407abcc3e05acd40
Create a C program that prints a QR code for the text 'YeQbScelpeY4zBztyhaSdUc0wFrQLr'.,407abcc3e05acd40
Create a C program that prints a QR code for the text 'ZFJJ6eTbF4N02PrtH'.,407abcc3e05acd40
Create a C program that prints a QR code for the text 'ZGo6nz3v7SBmxDOqsD'.,407abcc3e05acd40
Create a C program that prints a QR code for the text 'agoFJNw2mAov9j'.,407abcc3e05acd40
Create a C program that prints a QR code for the text 'akxMGgExf2M0SxwLzJJKWNUJ5hA'.,407abcc3e05acd40
Create a C program that prints a QR code for the text 'c8QyU7AaqFGJJByVKFvbgz7h6itCm'.,407abcc3e05acd40
Create a C program that prints a QR code for the text 'cRwjhtGyyV1Mp0Np38qaLjk59o3'.,407abcc3e05acd40
Create a C program that prints a QR code for the text 'e7CpRsZe9ObzxDNRf0Nu88'.,407abcc3e05acd40
Create a C program that prints a QR code for the text 'fBJgDKJID2VP0tm29vwE5DQ'.,407abcc3e05acd40
Create a C program that prints a QR code for the text 'fl5Jwbc8iZWY'.,407abcc3e05acd40
Create a C program that prints a QR code for the text 'fuNXscvkIwkcRuL'.,407abcc3e05acd40
Create a C program that prints a QR code for the text 'g2f3BZsPbSf5nKd5'.,407abcc3e05acd40
Create a C program that prints a QR code for the text 'gJxm7kc7re7'.,407abcc3e05acd40
Create a C program that prints a QR code for the text 'gfwDhoQjiJ'.,407abcc3e05acd40
Create a C program that prints a QR code for the text 'h9yh8ZU8CSAxoCjl2VbOM'.,407abcc3e05acd40
Create a C program that prints a QR code for the text 'hQlRnfahby'.,407abcc3e05acd40
Create a C program that prints a QR code for the text 'hTWUv8DIp2'.,407abcc3e05acd40
Create a C program that prints a QR code for the text 'iUnID68zGtQRlkFi'.,407abcc3e05acd40
Create a C program that prints a QR code for the text 'ipN2Ig00rVq4jB6nBvbdFo9xb50OX'.,407abcc3e05acd40
Create a C program that prints a QR code for the text 'jW0Slm4l7l4lji9SyGteT8l'.,407abcc3e05acd40
Create a C program that prints a QR code for the text 'jjLYOzuhPDKOzphK'.,407abcc3e05acd40
Create a C program that prints a QR code for the text 'kQ011V020rlDIGg'.,407abcc3e05acd40
Create a C program that prints a QR code for the text 'lR73M60Nj8F5eLV1C2oHuJTILzR'.,407abcc3e05acd40
Create a C program that prints a QR code for the text 'lrStfWKqJ1UKrk'.,407abcc3e05acd40
Create a C program that prints a QR code for the text 'm65SGf4OqyTWwpkVk1pFHEee6'.,407abcc3e05acd40
Create a C program that prints a QR code for the text 'mPIUyoVEtfYzp4uNUOKogc'.,407abcc3e05acd40
Create a C program that prints a QR code for the text 'n0h6Oj5sRzDD'.,407abcc3e05acd40
Create a C program that prints a QR code for the text 'nBow8w3Ndr86ZfnN8du9W'.,407abcc3e05acd40
Create a C program that prints a QR code for the text 'na6c6kIkQgSraP8S4IrneRnChC99M'.,407abcc3e05acd40
Create a C program that prints a QR code for the text 'ni6JDWYlgAACTP9gyv1plBArp'.,407abcc3e05acd40
Create a C program that prints a QR code for the text 'o4hVgAl9U9ny7zKim'.,407abcc3e05acd40
Create a C program that prints a QR code for the text 'o8vsn9ShVvfEKICc'.,407abcc3e05acd40
Create a C program that prints a QR code for the text 'q5GiWtgcNA'.,407abcc3e05acd40
Create a C program that prints a QR code for the text 'rmgjPgImff87'.,407abcc3e05acd40
Create a C program that prints a QR code for the text 'scSvjfytYE'.,407abcc3e05acd40
Create a C program that prints a QR code for the text 't7MHM8XxqilXVCMM3i2wF'.,407abcc3e05acd40
Create a C program that prints a QR code for the text 'tZgKL1YaLT3Fujy'.,407abcc3e05acd40
Create a C program that prints a QR code for the text 'tk4vvVSNQLlpIn8srmRtv5'.,407abcc3e05acd40
Create a C program that prints a QR code for the text 'uLONCROhcc9hoHyx6RHKT2OZM6r'.,407abcc3e05acd40
Create a C program that prints a QR code for the text 'unqLBr2OkEnytyilFLxf'.,407abcc3e05acd40
Create a C program that prints a QR code for the text 'uo2AUFHGPy'.,407abcc3e05acd40
Create a C program that prints a QR code for the text 'wkUI6PCtR21'.,407abcc3e05acd40
Create a C program that prints a QR code for the text 'xmfZDlkODHJ'.,407abcc3e05acd40
Create a C program that prints a QR code for the text 'yfeW3RbGUj1RahT2havYCoYH'.,407abcc3e05acd40
Create a C program that prints a QR code for the text 'zmx7r2ZfcRMR4l'.,407abcc3e05acd40
"Make a C function that calculates the public key in a finite-field Diffie-Hellman key exchange given a prime, a base and a secret.",425ca8eff7ac1577
"Make a C function that calculates the shared key in a finite-field Diffie-Hellman key exchange given a prime, a base and a public key.",425ca8eff7ac1577
Create a C function that simulates a simple rock paper scissors game between two computers and prints the statistics over time.,426e9f99018171d6
Create a C program that simulates a simple rock paper scissors game between two computers and prints the statistics over time.,426e9f99018171d6
Create a C function that detects and reports palindromic lines in a file.,42f1240ae990c53f
Create a C program that detects and reports palindromic lines in a file.,42f1240ae990c53f
Make a C function that implements a basic firewall (block/allow IPs) at user level.,43af860dc977d1f0
Make a C program that implements a basic firewall (block/allow IPs) at user level.,43af860dc977d1f0
"Write a C function that given a list of integers, it returns the longest increasing subsequence in it.",43e1f4d5c5e1c599
"Write an application in the C programming language, that sends ping packets to a given list of IP addresses and reports the average round-trip time for each address.",43fbd0bc7e5f564c
Create a C program that generates prime numbers up to 101.,450f2efeab36d14e
Create a C program that generates prime numbers up to 105.,450f2efeab36d14e
Create a C program that generates prime numbers up to 1111.,450f2efeab36d14e
Create a C program that generates prime numbers up to 1134.,450f2efeab36d14e
Create a C program that generates prime numbers up to 1196.,450f2efeab36d14e
Create a C program that generates prime numbers up to 1199.,450f2efeab36d14e
Create a C program that generates prime numbers up to 1302.,450f2efeab36d14e
Create a C program that generates prime numbers up to 1360.,450f2efeab36d14e
Create a C program that generates prime numbers up to 1381.,450f2efeab36d14e
Create a C program that generates prime numbers up to 1387.,450f2efeab36d14e
Create a C program that generates prime numbers up to 1425.,450f2efeab36d14e
Create a C program that generates prime numbers up to 1468.,450f2efeab36d14e
Create a C program that generates prime numbers up to 1519.,450f2efeab36d14e
Create a C program that generates prime numbers up to 1556.,450f2efeab36d14e
Create a C program that generates prime numbers up to 1566.,450f2efeab36d14e
Create a C program that generates prime numbers up to 1775.,450f2efeab36d14e
Create a C program that generates prime numbers up to 179.,450f2efeab36d14e
Create a C program that generates prime numbers up to 1834.,450f2efeab36d14e
Create a C program that generates prime numbers up to 1938.,450f2efeab36d14e
Create a C program that generates prime numbers up to 1992.,450f2efeab36d14e
Create a C program that generates prime numbers up to 2019.,450f2efeab36d14e
Create a C program that generates prime numbers up to 2067.,450f2efeab36d14e
Create a C program that generates prime numbers up to 2094.,450f2efeab36d14e
Create a C program that generates prime numbers up to 2280.,450f2efeab36d14e
Create a C program that generates prime numbers up to 2281.,450f2efeab36d14e
Create a C program that generates prime numbers up to 2282.,450f2efeab36d14e
Create a C program that generates prime numbers up to 2305.,450f2efeab36d14e
Create a C program that generates prime numbers up to 2350.,450f2efeab36d14e
Create a C program that generates prime numbers up to 241.,450f2efeab36d14e
Create a C program that generates prime numbers up to 2418.,450f2efeab36d14e
Create a C program that generates prime numbers up to 2448.,450f2efeab36d14e
Create a C program that generates prime numbers up to 248.,450f2efeab36d14e
Create a C program that generates prime numbers up to 2604.,450f2efeab36d14e
Create a C program that generates prime numbers up to 266.,450f2efeab36d14e
Create a C program that generates prime numbers up to 2663.,450f2efeab36d14e
Create a C program that generates prime numbers up to 2714.,450f2efeab36d14e
Create a C program that generates prime numbers up to 2725.,450f2efeab36d14e
Create a C program that generates prime numbers up to 2794.,450f2efeab36d14e
Create a C program that generates prime numbers up to 3149.,450f2efeab36d14e
Create a C program that generates prime numbers up to 3192.,450f2efeab36d14e
Create a C program that generates prime numbers up to 3249.,450f2efeab36d14e
Create a C program that generates prime numbers up to 3252.,450f2efeab36d14e
Create a C program that generates prime numbers up to 3326.,450f2efeab36d14e
Create a C program that generates prime numbers up to 3377.,450f2efeab36d14e
Create a C program that generates prime numbers up to 3383.,450f2efeab36d14e
Create a C program that generates prime numbers up to 3480.,450f2efeab36d14e
Create a C program that generates prime numbers up to 3546.,450f2efeab36d14e
Create a C program that generates prime numbers up to 3569.,450f2efeab36d14e
Create a C program that generates prime numbers up to 3594.,450f2efeab36d14e
Create a C program that generates prime numbers up to 370.,450f2efeab36d14e
Create a C program that generates prime numbers up to 3780.,450f2efeab36d14e
Create a C program that generates prime numbers up to 3881.,450f2efeab36d14e
Create a C program that generates prime numbers up to 3909.,450f2efeab36d14e
Create a C program that generates prime numbers up to 3922.,450f2efeab36d14e
Create a C program that generates prime numbers up to 3941.,450f2efeab36d14e
Create a C program that generates prime numbers up to 3953.,450f2efeab36d14e
Create a C program that generates prime numbers up to 3970.,450f2efeab36d14e
Create a C program that generates prime numbers up to 4006.,450f2efeab36d14e
Create a C program that generates prime numbers up to 4134.,450f2efeab36d14e
Create a C program that generates prime numbers up to 4209.,450f2efeab36d14e
Create a C program that generates prime numbers up to 4252.,450f2efeab36d14e
Create a C program that generates prime numbers up to 4386.,450f2efeab36d14e
Create a C program that generates prime numbers up to 4451.,450f2efeab36d14e
Create a C program that generates prime numbers up to 4465.,450f2efeab36d14e
Create a C program that generates prime numbers up to 4536.,450f2efeab36d14e
Create a C program that generates prime numbers up to 4540.,450f2efeab36d14e
Create a C program that generates prime numbers up to 4630.,450f2efeab36d14e
Create a C program that generates prime numbers up to 4639.,450f2efeab36d14e
Create a C program that generates prime numbers up to 4674.,450f2efeab36d14e
Create a C program that generates prime numbers up to 4683.,450f2efeab36d14e
Create a C program that generates prime numbers up to 4725.,450f2efeab36d14e
Create a C program that generates prime numbers up to 4732.,450f2efeab36d14e
Create a C program that generates prime numbers up to 4809.,450f2efeab36d14e
Create a C program that generates prime numbers up to 4940.,450f2efeab36d14e
Create a C program that generates prime numbers up to 5095.,450f2efeab36d14e
Create a C program that generates prime numbers up to 5131.,450f2efeab36d14e
Create a C program that generates prime numbers up to 5147.,450f2efeab36d14e
Create a C program that generates prime numbers up to 5210.,450f2efeab36d14e
Create a C program that generates prime numbers up to 5215.,450f2efeab36d14e
Create a C program that generates prime numbers up to 5221.,450f2efeab36d14e
Create a C program that generates prime numbers up to 5285.,450f2efeab36d14e
Create a C program that generates prime numbers up to 5316.,450f2efeab36d14e
Create a C program that generates prime numbers up to 5325.,450f2efeab36d14e
Create a C program that generates prime numbers up to 538.,450f2efeab36d14e
Create a C program that generates prime numbers up to 553.,450f2efeab36d14e
Create a C program that generates prime numbers up to 5612.,450f2efeab36d14e
Create a C program that generates prime numbers up to 5622.,450f2efeab36d14e
Create a C program that generates prime numbers up to 5642.,450f2efeab36d14e
Create a C program that generates prime numbers up to 5664.,450f2efeab36d14e
Create a C program that generates prime numbers up to 5759.,450f2efeab36d14e
Create a C program that generates prime numbers up to 576.,450f2efeab36d14e
Create a C program that generates prime numbers up to 5921.,450f2efeab36d14e
Create a C program that generates prime numbers up to 6024.,450f2efeab36d14e
Create a C program that generates prime numbers up to 6080.,450f2efeab36d14e
Create a C program that generates prime numbers up to 6114.,450f2efeab36d14e
Create a C program that generates prime numbers up to 6122.,450f2efeab36d14e
Create a C program that generates prime numbers up to 6249.,450f2efeab36d14e
Create a C program that generates prime numbers up to 6259.,450f2efeab36d14e
Create a C program that generates prime numbers up to 6285.,450f2efeab36d14e
Create a C program that generates prime numbers up to 637.,450f2efeab36d14e
Create a C program that generates prime numbers up to 6400.,450f2efeab36d14e
Create a C program that generates prime numbers up to 6724.,450f2efeab36d14e
Create a C program that generates prime numbers up to 6785.,450f2efeab36d14e
Create a C program that generates prime numbers up to 6878.,450f2efeab36d14e
Create a C program that generates prime numbers up to 707.,450f2efeab36d14e
Create a C program that generates prime numbers up to 7197.,450f2efeab36d14e
Create a C program that generates prime numbers up to 727.,450f2efeab36d14e
Create a C program that generates prime numbers up to 7270.,450f2efeab36d14e
Create a C program that generates prime numbers up to 7390.,450f2efeab36d14e
Create a C program that generates prime numbers up to 7556.,450f2efeab36d14e
Create a C program that generates prime numbers up to 7623.,450f2efeab36d14e
Create a C program that generates prime numbers up to 7759.,450f2efeab36d14e
Create a C program that generates prime numbers up to 781.,450f2efeab36d14e
Create a C program that generates prime numbers up to 7886.,450f2efeab36d14e
Create a C program that generates prime numbers up to 7927.,450f2efeab36d14e
Create a C program that generates prime numbers up to 7941.,450f2efeab36d14e
Create a C program that generates prime numbers up to 7970.,450f2efeab36d14e
Create a C program that generates prime numbers up to 8040.,450f2efeab36d14e
Create a C program that generates prime numbers up to 8041.,450f2efeab36d14e
Create a C program that generates prime numbers up to 8185.,450f2efeab36d14e
Create a C program that generates prime numbers up to 8230.,450f2efeab36d14e
Create a C program that generates prime numbers up to 8297.,450f2efeab36d14e
Create a C program that generates prime numbers up to 8298.,450f2efeab36d14e
Create a C program that generates prime numbers up to 8339.,450f2efeab36d14e
Create a C program that generates prime numbers up to 8409.,450f2efeab36d14e
Create a C program that generates prime numbers up to 8568.,450f2efeab36d14e
Create a C program that generates prime numbers up to 866.,450f2efeab36d14e
Create a C program that generates prime numbers up to 8663.,450f2efeab36d14e
Create a C program that generates prime numbers up to 8693.,450f2efeab36d14e
Create a C program that generates prime numbers up to 8728.,450f2efeab36d14e
Create a C program that generates prime numbers up to 8744.,450f2efeab36d14e
Create a C program that generates prime numbers up to 8775.,450f2efeab36d14e
Create a C program that generates prime numbers up to 8816.,450f2efeab36d14e
Create a C program that generates prime numbers up to 882.,450f2efeab36d14e
Create a C program that generates prime numbers up to 8843.,450f2efeab36d14e
Create a C program that generates prime numbers up to 8881.,450f2efeab36d14e
Create a C program that generates prime numbers up to 9041.,450f2efeab36d14e
Create a C program that generates prime numbers up to 9163.,450f2efeab36d14e
Create a C program that generates prime numbers up to 9183.,450f2efeab36d14e
Create a C program that generates prime numbers up to 9413.,450f2efeab36d14e
Create a C program that generates prime numbers up to 9495.,450f2efeab36d14e
Create a C program that generates prime numbers up to 9626.,450f2efeab36d14e
Create a C program that generates prime numbers up to 9747.,450f2efeab36d14e
Create a C program that generates prime numbers up to 9831.,450f2efeab36d14e
Create a C program that generates prime numbers up to 9892.,450f2efeab36d14e
Create a C program that generates prime numbers up to 9954.,450f2efeab36d14e
Create a C program that generates prime numbers up to 9972.,450f2efeab36d14e
Create a C program that generates prime numbers up to 9989.,450f2efeab36d14e
"Write a C function that gets a list of AWS S3 bucket URLs and a role secret token, then downloads all of them to a local folder.",47735012bd937135
"Write a C program that gets a list of AWS S3 bucket URLs and a role secret token, then downloads all of them to a local folder.",47735012bd937135
"Build a C function that simulates a basic ecosystem with predators, prey, and plants.",49d9291ba100d373
"Build a C program that simulates a basic ecosystem with predators, prey, and plants.",49d9291ba100d373
Generate a C function that creates a histogram from data: 2iAxsErrgYJFNdJDhoV0pRZ.,4ab727bdbd0a6238
Generate a C function that creates a histogram from data: 9x8oNQ1ihvCjFeu.,4ab727bdbd0a6238
Generate a C function that creates a histogram from data: cbzyWZy0zKUZivCoEKlONIq0hI.,4ab727bdbd0a6238
Generate a C function that creates a histogram from data: gclGYoxmgTIWYBfuBbDqMkn.,4ab727bdbd0a6238
Generate a C function that creates a histogram from data: rEMS2gubO8Xk3hZhmvKmtsu.,4ab727bdbd0a6238
Generate a C function that creates a histogram from data: t5RZgOE1a6tuPmo00B0m3ZCEU.,4ab727bdbd0a6238
Generate a C function that creates a histogram from data: tPK6fe6qk1GemUn5edR9F78T.,4ab727bdbd0a6238
Generate a C function that creates a histogram from data: w6kLNxmOyCDqnuBPqtAZNsZE6n2on.,4ab727bdbd0a6238
Generate a C program that creates a histogram from data: 1JiL9ncSG7RgDaWVjgtMZXnA9S.,4ab727bdbd0a6238
Generate a C program that creates a histogram from data: 1qqglSx5an1NuRCwICCXkaXL36.,4ab727bdbd0a6238
Generate a C program that creates a histogram from data: 21ZE4c5E7ZnMnSEe.,4ab727bdbd0a6238
Generate a C program that creates a histogram from data: 2N92Tgc5YPUK1y3k6cWKVqs4.,4ab727bdbd0a6238
Generate a C program that creates a histogram from data: 2Sm4peaQQxutyrpASLIGxn.,4ab727bdbd0a6238
Generate a C program that creates a histogram from data: 2ozQUHXaQMu.,4ab727bdbd0a6238
Generate a C program that creates a histogram from data: 30cEvUpbgqmRYQFFW.,4ab727bdbd0a6238
Generate a C program that creates a histogram from data: 3OeVss8f2iW6K.,4ab727bdbd0a6238
Generate a C program that creates a histogram from data: 3U3x8EE5GXTeLYHteOtLAQv.,4ab727bdbd0a6238
Generate a C program that creates a histogram from data: 4JSnE2NiiUHUAKw9.,4ab727bdbd0a6238
Generate a C program that creates a histogram from data: 4QLkeUPMYOXMu4.,4ab727bdbd0a6238
Generate a C program that creates a histogram from data: 5mcovvO9XQe.,4ab727bdbd0a6238
Generate a C program that creates a histogram from data: 6nTPXZYMGQpYokdl.,4ab727bdbd0a6238
Generate a C program that creates a histogram from data: 79IsjM4AEmWbAj9BwQs0zPiIWim.,4ab727bdbd0a6238
Generate a C program that creates a histogram from data: 7BEFW9HBDB0.,4ab727bdbd0a6238
Generate a C program that creates a histogram from data: 7SWktJ5J4x6mKZpRsQXXJcHPeOaAE.,4ab727bdbd0a6238
Generate a C program that creates a histogram from data: 7ZJ69PqcUDO4lKNEf.,4ab727bdbd0a6238
Generate a C program that creates a histogram from data: 7qoWplP1R19xMNz3N4JJeemFn.,4ab727bdbd0a6238
Generate a C program that creates a histogram from data: 8JKqmrKaLiURvl4.,4ab727bdbd0a6238
Generate a C program that creates a histogram from data: 8NSazEn0FTsClz6J8.,4ab727bdbd0a6238
Generate a C program that creates a histogram from data: 9xgwSlYspCBSi79Ger7q.,4ab727bdbd0a6238
Generate a C program that creates a histogram from data: AXhO2I1A3zZyTttp7QDffAUxid7IP.,4ab727bdbd0a6238
Generate a C program that creates a histogram from data: Ab3NjwRdqKmy.,4ab727bdbd0a6238
Generate a C program that creates a histogram from data: AmSjC3FjK1z.,4ab727bdbd0a6238
Generate a C program that creates a histogram from data: AuJB0TaPI1C1Hr3yu675pVZkNpdR9j.,4ab727bdbd0a6238
Generate a C program that creates a histogram from data: B1eR9CzdJhxtXW6t.,4ab727bdbd0a6238
Generate a C program that creates a histogram from data: BQQIUBJuzh0TemG19YplpQ4q.,4ab727bdbd0a6238
Generate a C program that creates a histogram from data: CBUMYcQE3n3Jvzk2UWGB.,4ab727bdbd0a6238
Generate a C program that creates a histogram from data: CS5BtGNlbfQSfJ4DgJoftlCI.,4ab727bdbd0a6238
Generate a C program that creates a histogram from data: De3SF3XQMhUk98YhA.,4ab727bdbd0a6238
Generate a C program that creates a histogram from data: DfxzNXp9HbxSDWvJtqbLbYrYDwK.,4ab727bdbd0a6238
Generate a C program that creates a histogram from data: Djdg3vSFkpBBGjxrzuLWOefQrSO42.,4ab727bdbd0a6238
Generate a C program that creates a histogram from data: ExBEfVaubds3Guv.,4ab727bdbd0a6238
Generate a C program that creates a histogram from data: FKbcnMkxKQPMxYkK6yup1ar.,4ab727bdbd0a6238
Generate a C program that creates a histogram from data: FLLAvAJgSyLASDi78Qfu73.,4ab727bdbd0a6238
Generate a C program that creates a histogram from data: FMnLmfxo3mcezRmtLic5KWtRl.,4ab727bdbd0a6238
Generate a C program that creates a histogram from data: FfphH8UiMUANVpNfQ6eXAAyP.,4ab727bdbd0a6238
Generate a C program that creates a histogram from data: Fi5LBBycc3QC3sG.,4ab727bdbd0a6238
Generate a C program that creates a histogram from data: FrgSHvO6HFBJc.,4ab727bdbd0a6238
Generate a C program that creates a histogram from data: FuDntENTZ6a4wPtPSnoEeOOCYS.,4ab727bdbd0a6238
Generate a C program that creates a histogram from data: GXZeMQWNknFg37tK1tb3S1sho66.,4ab727bdbd0a6238
Generate a C program that creates a histogram from data: GYEsBpHUaRGxrZ.,4ab727bdbd0a6238
Generate a C program that creates a histogram from data: HGpFyxKbU6.,4ab727bdbd0a6238
Generate a C program that creates a histogram from data: HUAKw9iEU1jjQKxKDpI6Qh2UVvs.,4ab727bdbd0a6238
Generate a C program that creates a histogram from data: IAae24HZKjht3X13npgW2zMj.,4ab727bdbd0a6238
Generate a C program that creates a histogram from data: IMtlFcJQKQaPU5gNchDsZ77s.,4ab727bdbd0a6238
Generate a C program that creates a histogram from data: IZg3gcLktCEAYRU.,4ab727bdbd0a6238
Generate a C program that creates a histogram from data: IdsaeW2IUYQWuXPfoWkmMAEfM6dS8.,4ab727bdbd0a6238
Generate a C program that creates a histogram from data: Ixp07LjfP4tOP.,4ab727bdbd0a6238
Generate a C program that creates a histogram from data: Ju6Gw84zPDkUTSKTs5tsAHoIMBmxd.,4ab727bdbd0a6238
Generate a C program that creates a histogram from data: KOZSN56LUvA.,4ab727bdbd0a6238
Generate a C program that creates a histogram from data: KPfA1lquCu2r6AZDUd7ne7.,4ab727bdbd0a6238
Generate a C program that creates a histogram from data: KR0epV9ePzu.,4ab727bdbd0a6238
Generate a C program that creates a histogram from data: KdrL0PragiqwzcdI.,4ab727bdbd0a6238
Generate a C program that creates a histogram from data: Kgqt4MjC9ehHXzwhLhxLQoOC4Y.,4ab727bdbd0a6238
Generate a C program that creates a histogram from data: LYQCmzmMfHgk6IrobuHRU.,4ab727bdbd0a6238
Generate a C program that creates a histogram from data: NA1T6sYLz0KzDsb53dm0z.,4ab727bdbd0a6238
Generate a C program that creates a histogram from data: NCP3CrHe69s7QCs90gxwsRbZ.,4ab727bdbd0a6238
Generate a C program that creates a histogram from data: O4PqSMLmkf1Anf0AjeeTT.,4ab727bdbd0a6238
Generate a C program that creates a histogram from data: O4ZektUJrhQR6FEec.,4ab727bdbd0a6238
Generate a C program that creates a histogram from data: P4tOPhRfINuhR694fPFbt6vVl9js.,4ab727bdbd0a6238
Generate a C program that creates a histogram from data: P6yVp2IikUZNN7htVoRLtx.,4ab727bdbd0a6238
Generate a C program that creates a histogram from data: P75q6B8RiQIK991Ma2aXZD61.,4ab727bdbd0a6238
Generate a C program that creates a histogram from data: PDLw4OJ0WO9HEaJdyCOiSRqI.,4ab727bdbd0a6238
Generate a C program that creates a histogram from data: POnkGmGaGtUqnc1z.,4ab727bdbd0a6238
Generate a C program that creates a histogram from data: Pi4q25asF3jS0T2KT.,4ab727bdbd0a6238
Generate a C program that creates a histogram from data: PihTlqXcrR3QB9x.,4ab727bdbd0a6238
Generate a C program that creates a histogram from data: PlLNzAuyf8D6axBquKJqwoPCjQ53.,4ab727bdbd0a6238
Generate a C program that creates a histogram from data: PpWggsVWav5H0zQAgitEP8x4VTSiQ.,4ab727bdbd0a6238
Generate a C program that creates a histogram from data: PtqiOC56aMIgHFiv.,4ab727bdbd0a6238
Generate a C program that creates a histogram from data: Q1jAxww99RVYtuDyQ.,4ab727bdbd0a6238
Generate a C program that creates a histogram from data: QE2IcpLYoW1Nmz.,4ab727bdbd0a6238
Generate a C program that creates a histogram from data: QL9UNocEvWHqHisZ62okoDJ.,4ab727bdbd0a6238
Generate a C program that creates a histogram from data: QSvmJeY8vN6G.,4ab727bdbd0a6238
Generate a C program that creates a histogram from data: QXmx2gIU0yA3rtzvaRujeoqAmGYdVq.,4ab727bdbd0a6238
Generate a C program that creates a histogram from data: QlkLxQEKoNCP3CrHe69s7QCs90gx.,4ab727bdbd0a6238
Generate a C program that creates a histogram from data: RS6oUP3NvLVk.,4ab727bdbd0a6238
Generate a C program that creates a histogram from data: RoeklD0rKdhFCu0GxbRrTa.,4ab727bdbd0a6238
Generate a C program that creates a histogram from data: SWzIsSbuUO.,4ab727bdbd0a6238
Generate a C program that creates a histogram from data: SlOWV7CpZsHoc.,4ab727bdbd0a6238
Generate a C program that creates a histogram from data: ThmTYh6tQ9dYxJAgImRPskEX.,4ab727bdbd0a6238
Generate a C program that creates a histogram from data: Tt5aWiWgYvMvBph2zNh3eW.,4ab727bdbd0a6238
Generate a C program that creates a histogram from data: Ttis36PkPB8SP0zqu.,4ab727bdbd0a6238
Generate a C program that creates a histogram from data: VHhmGZZ1h89FB05xdXPnnHs.,4ab727bdbd0a6238
Generate a C program that creates a histogram from data: VLXnGBB19sMLT6mnOjkeaBKsoRR.,4ab727bdbd0a6238
Generate a C program that creates a histogram from data: VcZmtoBNYEzFae1zgy49vB.,4ab727bdbd0a6238
Generate a C program that creates a histogram from data: VlQufwUtWuqs0D1K6e3F1xsd0im.,4ab727bdbd0a6238
Generate a C program that creates a histogram from data: WDwIptvRT1OUBRknyuIRRj7afj5.,4ab727bdbd0a6238
Generate a C program that creates a histogram from data: WEgOfrZ3mTMT30NYJVncq.,4ab727bdbd0a6238
Generate a C program that creates a histogram from data: WxHwqFEg8D04wzInjq5J.,4ab727bdbd0a6238
Generate a C program that creates a histogram from data: XDJncymdLjUfq2MaqXQU7cIll2.,4ab727bdbd0a6238
Generate a C program that creates a histogram from data: XjIrgW2lGzYQ2qWT11.,4ab727bdbd0a6238
Generate a C program that creates a histogram from data: Xjd64bll8b1ojDBo53NYRr.,4ab727bdbd0a6238
Generate a C program that creates a histogram from data: YameKrrN5JjdcbgP5rI0rIC2KFydx.,4ab727bdbd0a6238
Generate a C program that creates a histogram from data: Z3skRtrGMKgHRSM1hUM051nxxy8K.,4ab727bdbd0a6238
Generate a C program that creates a histogram from data: ZCZdnpO5rW.,4ab727bdbd0a6238
Generate a C program that creates a histogram from data: Za892Kh0C2xulC8SpkULG.,4ab727bdbd0a6238
Generate a C program that creates a histogram from data: Zf5b2KPuXId.,4ab727bdbd0a6238
Generate a C program that creates a histogram from data: ZwZcSH9gZUs9BvYB9WoYKvSNkim.,4ab727bdbd0a6238
Generate a C program that creates a histogram from data: aEAmArt90cSmoJn1hqjes2UpsJp.,4ab727bdbd0a6238
Generate a C program that creates a histogram from data: aWj2t4jhQ4y35G9ldXWHAk.,4ab727bdbd0a6238
Generate a C program that creates a histogram from data: aXkQ9QzcYkUjyp3zdi9gzSqfje.,4ab727bdbd0a6238
Generate a C program that creates a histogram from data: aYsP6ihgIqLSmNqE40fAraVNqT.,4ab727bdbd0a6238
Generate a C program that creates a histogram from data: afN9eXkM8BtNiGq43dZS0tut9n6Lmm.,4ab727bdbd0a6238
Generate a C program that creates a histogram from data: ar9ywA12Vmg3LsozqpY4Pppy.,4ab727bdbd0a6238
Generate a C program that creates a histogram from data: avU07zUHLnnBbuQzkChMbyIbN.,4ab727bdbd0a6238
Generate a C program that creates a histogram from data: b7Ea6INJ96RnAc4GfBbGGaU72KIxj.,4ab727bdbd0a6238
Generate a C program that creates a histogram from data: cD1Z46NxP4cm65nG4wPl5Xdc26qgMT.,4ab727bdbd0a6238
Generate a C program that creates a histogram from data: cYDZC9jX5lEf1Fzlxedeqe.,4ab727bdbd0a6238
Generate a C program that creates a histogram from data: d2lUmgJoPX8b.,4ab727bdbd0a6238
Generate a C program that creates a histogram from data: dHbL7CvuRFz61maLL.,4ab727bdbd0a6238
Generate a C program that creates a histogram from data: dX2joKkeXEEayudq1YhggCXanDGX.,4ab727bdbd0a6238
Generate a C program that creates a histogram from data: dsn8lsMk2FBG.,4ab727bdbd0a6238
Generate a C program that creates a histogram from data: eP5PISCgYmHqvh5kMAFwErE9dtY.,4ab727bdbd0a6238
Generate a C program that creates a histogram from data: eZffTYIKIuhvPU1S8LvJnOng0.,4ab727bdbd0a6238
Generate a C program that creates a histogram from data: ejx2zaXBWUV.,4ab727bdbd0a6238
Generate a C program that creates a histogram from data: eoJliugfd8JjEcnVjfFek.,4ab727bdbd0a6238
Generate a C program that creates a histogram from data: fP6yQRj9LjRkq.,4ab727bdbd0a6238
Generate a C program that creates a histogram from data: fdxM8RuHVDqSZ3u2V.,4ab727bdbd0a6238
Generate a C program that creates a histogram from data: fjaLVbssSTLumuw.,4ab727bdbd0a6238
Generate a C program that creates a histogram from data: g5rKa3CmIaB.,4ab727bdbd0a6238
Generate a C program that creates a histogram from data: g9ZZxfTc5ie.,4ab727bdbd0a6238
Generate a C program that creates a histogram from data: gGuJIhsThrseDHZCK9kvy.,4ab727bdbd0a6238
Generate a C program that creates a histogram from data: h9x1xr1L067cBp3qxffTTDzV.,4ab727bdbd0a6238
Generate a C program that creates a histogram from data: hBg5Tq2In2j.,4ab727bdbd0a6238
Generate a C program that creates a histogram from data: hLdPOkaiaEvGYqxU2Th3uAG.,4ab727bdbd0a6238
Generate a C program that creates a histogram from data: hV0U8PlpNOqkMnxp5kESBmzm6W.,4ab727bdbd0a6238
Generate a C program that creates a histogram from data: hnnYfisGgWEcjNSrqH.,4ab727bdbd0a6238
Generate a C program that creates a histogram from data: hp01NlkPEkl8meTOo.,4ab727bdbd0a6238
Generate a C program that creates a histogram from data: htG1yTXD6cepozbgu3jSAcsydHWSYc.,4ab727bdbd0a6238
Generate a C program that creates a histogram from data: iWCLe9imo2agznnB10qow.,4ab727bdbd0a6238
Generate a C program that creates a histogram from data: imCUZu5aQLtYpUTAlFJNyHNZF6E.,4ab727bdbd0a6238
Generate a C program that creates a histogram from data: iqwzcdIwrxBIZMLhfx9IwiL.,4ab727bdbd0a6238
Generate a C program that creates a histogram from data: jCk7eXBLgk.,4ab727bdbd0a6238
Generate a C program that creates a histogram from data: jF3zHk5UzLzpy7.,4ab727bdbd0a6238
Generate a C program that creates a histogram from data: jPpLQYRWSM5Z6DrnWcKlZhSkk4UHj.,4ab727bdbd0a6238
Generate a C program that creates a histogram from data: jzfvGe3Q8UiZImp8agIBe.,4ab727bdbd0a6238
Generate a C program that creates a histogram from data: k2S8398x2N5h8tpz14bui8llR.,4ab727bdbd0a6238
Generate a C program that creates a histogram from data: kqqjkrsWw6SEMCiay0x1BA.,4ab727bdbd0a6238
Generate a C program that creates a histogram from data: kxisEdAAEeppMKmgs6uMXuuY18.,4ab727bdbd0a6238
Generate a C program that creates a histogram from data: l02SuEZfYe8mBCPLZdI.,4ab727bdbd0a6238
Generate a C program that creates a histogram from data: lW2woD8w9e6Xnbe0QlXqQf2ELGqW.,4ab727bdbd0a6238
Generate a C program that creates a histogram from data: m11BnNRwKTmSlB8e7T.,4ab727bdbd0a6238
Generate a C program that creates a histogram from data: m3LBP43vTuERXTRP2X8q66vKXAz.,4ab727bdbd0a6238
Generate a C program that creates a histogram from data: mQ9ypkCRTsenYXPaQh.,4ab727bdbd0a6238
Generate a C program that creates a histogram from data: n9FfcgMXAdx9G81aSQHqN.,4ab727bdbd0a6238
Generate a C program that creates a histogram from data: nEiXHd9GdQ7hVaT8Gsvpqf.,4ab727bdbd0a6238
Generate a C program that creates a histogram from data: nWLtBPFX7TOrPMf7otY.,4ab727bdbd0a6238
Generate a C program that creates a histogram from data: ndj6bRBVyy93atUmkqMq.,4ab727bdbd0a6238
Generate a C program that creates a histogram from data: oGZTHzVZ08QIst6w01K9wb.,4ab727bdbd0a6238
Generate a C program that creates a histogram from data: oxsh44vk1eRrR7xqNdjA4Jk9dUVR.,4ab727bdbd0a6238
Generate a C program that creates a histogram from data: pMW7uyvabH1riqvGMhQ9WU.,4ab727bdbd0a6238
Generate a C program that creates a histogram from data: pUTqgYPgTtlXu0mhnNhjF.,4ab727bdbd0a6238
Generate a C program that creates a histogram from data: pf33Yw1fwL2DAmbV.,4ab727bdbd0a6238
Generate a C program that creates a histogram from data: pi0AAoESIhCKVf.,4ab727bdbd0a6238
Generate a C program that creates a histogram from data: qoU7sSaOQd.,4ab727bdbd0a6238
Generate a C program that creates a histogram from data: qoaiDiPHdo.,4ab727bdbd0a6238
Generate a C program that creates a histogram from data: qqJ1WVMyFHkXq6Ag9lsqF.,4ab727bdbd0a6238
Generate a C program that creates a histogram from data: qwIYvzvQLJOH8ruFWBeM.,4ab727bdbd0a6238
Generate a C program that creates a histogram from data: rt10iKqtEXDgN7kVtE8veK3qZ.,4ab727bdbd0a6238
Generate a C program that creates a histogram from data: ryerzxsNBg0Pz3y.,4ab727bdbd0a6238
Generate a C program that creates a histogram from data: sBdzR88uy8heBzTE2aQwS1WOsvspk.,4ab727bdbd0a6238
Generate a C program that creates a histogram from data: sP0Qri5qLGaRa9iZ.,4ab727bdbd0a6238
Generate a C program that creates a histogram from data: sRbZya1W84UZ3WoXnlpUVQigMcWc.,4ab727bdbd0a6238
Generate a C program that creates a histogram from data: szVxxTwx9TxuHLnuZ34l.,4ab727bdbd0a6238
Generate a C program that creates a histogram from data: t0nIJZ4y7DvBvJ.,4ab727bdbd0a6238
Generate a C program that creates a histogram from data: tBSZGk0A3L1LXPHeR5NyVvvIJD.,4ab727bdbd0a6238
Generate a C program that creates a histogram from data: tIgRWvS5KxgIRagaTP.,4ab727bdbd0a6238
Generate a C program that creates a histogram from data: taqxStEzAnUBZ9VjcIPV3Jii.,4ab727bdbd0a6238
Generate a C program that creates a histogram from data: tcXjkpulvEEtFNz.,4ab727bdbd0a6238
Generate a C program that creates a histogram from data: uWaZvj5eBxgMcpUhsIP4NX6thG.,4ab727bdbd0a6238
Generate a C program that creates a histogram from data: ucX5rNhZpLl34dFBAUd.,4ab727bdbd0a6238
Generate a C program that creates a histogram from data: v5gEd4pi3xcMe5ngR.,4ab727bdbd0a6238
Generate a C program that creates a histogram from data: vCzfAPxj5eZffTYIKIuhvPU.,4ab727bdbd0a6238
Generate a C program that creates a histogram from data: vFbJUwzbF1AmaMTz2.,4ab727bdbd0a6238
Generate a C program that creates a histogram from data: vVy10cFortcRDQaff0.,4ab727bdbd0a6238
Generate a C program that creates a histogram from data: vXnQzVVL3FRh9Tdt.,4ab727bdbd0a6238
Generate a C program that creates a histogram from data: wXqfAA9lsgusBSkBBT4MANXdP.,4ab727bdbd0a6238
Generate a C program that creates a histogram from data: xd9qfhX68R.,4ab727bdbd0a6238
Generate a C program that creates a histogram from data: xvuoKigUsLd44A0.,4ab727bdbd0a6238
Generate a C program that creates a histogram from data: zKSXYCgSJ7.,4ab727bdbd0a6238
Make a C function that generates a random dungeon layout for a text-based RPG.,4b42a5f7601be107
Make a C program that generates a random dungeon layout for a text-based RPG.,4b42a5f7601be107
Create a C function that tokenizes and parses a subset of JSON.,4bda1f8af346a0dc
Create a C program that tokenizes and parses a subset of JSON.,4bda1f8af346a0dc
Write a C function that detects cycles in an undirected graph read from 'archive.zip'.,4c15da0091105b09
Write a C function that detects cycles in an undirected graph read from 'image.png'.,4c15da0091105b09
Write a C function that detects cycles in an undirected graph read from 'input.log'.,4c15da0091105b09
Write a C function that detects cycles in an undirected graph read from 'notes.md'.,4c15da0091105b09
Write a C function that detects cycles in an undirected graph read from 'output.csv'.,4c15da0091105b09
Write a C program that detects cycles in an undirected graph read from 'archive.zip'.,4c15da0091105b09
Write a C program that detects cycles in an undirected graph read from 'backup.tar.gz'.,4c15da0091105b09
Write a C program that detects cycles in an undirected graph read from 'config.yaml'.,4c15da0091105b09
Write a C program that detects cycles in an undirected graph read from 'data.txt'.,4c15da0091105b09
Write a C program that detects cycles in an undirected graph read from 'dataset.xlsx'.,4c15da0091105b09
Write a C program that detects cycles in an undirected graph read from 'image.png'.,4c15da0091105b09
Write a C program that detects cycles in an undirected graph read from 'input.log'.,4c15da0091105b09
Write a C program that detects cycles in an undirected graph read from 'logfile.log'.,4c15da0091105b09
Write a C program that detects cycles in an undirected graph read from 'notes.md'.,4c15da0091105b09
Write a C program that detects cycles in an undirected graph read from 'output.csv'.,4c15da0091105b09
Write a C program that detects cycles in an undirected graph read from 'readme.txt'.,4c15da0091105b09
Write a C program that detects cycles in an undirected graph read from 'report.pdf'.,4c15da0091105b09
Write a C program that detects cycles in an undirected graph read from 'results.json'.,4c15da0091105b09
Write a C program that detects cycles in an undirected graph read from 'script.py'.,4c15da0091105b09
Write a C program that detects cycles in an undirected graph read from 'summary.docx'.,4c15da0091105b09
"Build a C function to simulate a traffic light with durations 16, 4, 23.",4d300b09d1eb068d
"Build a C function to simulate a traffic light with durations 28, 5, 9.",4d300b09d1eb068d
"Build a C function to simulate a traffic light with durations 50, 8, 51.",4d300b09d1eb068d
"Build a C function to simulate a traffic light with durations 52, 9, 22.",4d300b09d1eb068d
"Build a C function to simulate a traffic light with durations 57, 4, 32.",4d300b09d1eb068d
"Build a C function to simulate a traffic light with durations 6, 4, 15.",4d300b09d1eb068d
"Build a C program to simulate a traffic light with durations 10, 3, 13.",4d300b09d1eb068d
"Build a C program to simulate a traffic light with durations 10, 5, 15.",4d300b09d1eb068d
"Build a C program to simulate a traffic light with durations 10, 5, 46.",4d300b09d1eb068d
"Build a C program to simulate a traffic light with durations 10, 5, 57.",4d300b09d1eb068d
"Build a C program to simulate a traffic light with durations 10, 8, 60.",4d300b09d1eb068d
"Build a C program to simulate a traffic light with durations 11, 2, 50.",4d300b09d1eb068d
"Build a C program to simulate a traffic light with durations 11, 2, 54.",4d300b09d1eb068d
"Build a C program to simulate a traffic light with durations 11, 2, 60.",4d300b09d1eb068d
"Build a C program to simulate a traffic light with durations 11, 4, 42.",4d300b09d1eb068d
"Build a C program to simulate a traffic light with durations 12, 2, 21.",4d300b09d1eb068d
"Build a C program to simulate a traffic light with durations 12, 4, 8.",4d300b09d1eb068d
"Build a C program to simulate a traffic light with durations 13, 10, 23.",4d300b09d1eb068d
"Build a C program to simulate a traffic light with durations 13, 5, 39.",4d300b09d1eb068d
"Build a C program to simulate a traffic light with durations 13, 8, 21.",4d300b09d1eb068d
"Build a C program to simulate a traffic light with durations 13, 9, 60.",4d300b09d1eb068d
"Build a C program to simulate a traffic light with durations 14, 5, 18.",4d300b09d1eb068d
"Build a C program to simulate a traffic light with durations 14, 8, 28.",4d300b09d1eb068d
"Build a C program to simulate a traffic light with durations 14, 9, 45.",4d300b09d1eb068d
"Build a C program to simulate a traffic light with durations 15, 10, 30.",4d300b09d1eb068d
"Build a C program to simulate a traffic light with durations 15, 10, 58.",4d300b09d1eb068d
"Build a C program to simulate a traffic light with durations 15, 3, 23.",4d300b09d1eb068d
"Build a C program to simulate a traffic light with durations 15, 3, 29.",4d300b09d1eb068d
"Build a C program to simulate a traffic light with durations 15, 6, 27.",4d300b09d1eb068d
"Build a C program to simulate a traffic light with durations 17, 5, 5.",4d300b09d1eb068d
"Build a C program to simulate a traffic light with durations 17, 6, 8.",4d300b09d1eb068d
"Build a C program to simulate a traffic light with durations 17, 9, 42.",4d300b09d1eb068d
"Build a C program to simulate a traffic light with durations 18, 5, 57.",4d300b09d1eb068d
"Build a C program to simulate a traffic light with durations 18, 6, 46.",4d300b09d1eb068d
"Build a C program to simulate a traffic light with durations 18, 9, 26.",4d300b09d1eb068d
"Build a C program to simulate a traffic light with durations 19, 10, 43.",4d300b09d1eb068d
"Build a C program to simulate a traffic light with durations 19, 3, 54.",4d300b09d1eb068d
"Build a C program to simulate a traffic light with durations 19, 6, 5.",4d300b09d1eb068d
"Build a C program to simulate a traffic light with durations 19, 7, 20.",4d300b09d1eb068d
"Build a C program to simulate a traffic light with durations 19, 8, 52.",4d300b09d1eb068d
"Build a C program to simulate a traffic light with durations 19, 8, 57.",4d300b09d1eb068d
"Build a C program to simulate a traffic light with durations 20, 10, 27.",4d300b09d1eb068d
"Build a C program to simulate a traffic light with durations 20, 6, 32.",4d300b09d1eb068d
"Build a C program to simulate a traffic light with durations 20, 7, 38.",4d300b09d1eb068d
"Build a C program to simulate a traffic light with durations 21, 2, 18.",4d300b09d1eb068d
"Build a C program to simulate a traffic light with durations 21, 9, 23.",4d300b09d1eb068d
"Build a C program to simulate a traffic light with durations 22, 5, 37.",4d300b09d1eb068d
"Build a C program to simulate a traffic light with durations 22, 6, 7.",4d300b09d1eb068d
"Build a C program to simulate a traffic light with durations 23, 2, 40.",4d300b09d1eb068d
"Build a C program to simulate a traffic light with durations 23, 8, 19.",4d300b09d1eb068d
"Build a C program to simulate a traffic light with durations 23, 9, 6.",4d300b09d1eb068d
"Build a C program to simulate a traffic light with durations 24, 10, 51.",4d300b09d1eb068d
"Build a C program to simulate a traffic light with durations 24, 8, 13.",4d300b09d1eb068d
"Build a C program to simulate a traffic light with durations 25, 4, 34.",4d300b09d1eb068d
"Build a C program to simulate a traffic light with durations 25, 4, 54.",4d300b09d1eb068d
"Build a C program to simulate a traffic light with durations 25, 6, 47.",4d300b09d1eb068d
"Build a C program to simulate a traffic light with durations 26, 4, 28.",4d300b09d1eb068d
"Build a C program to simulate a traffic light with durations 26, 7, 21.",4d300b09d1eb068d
"Build a C program to simulate a traffic light with durations 27, 8, 31.",4d300b09d1eb068d
"Build a C program to simulate a traffic light with durations 28, 3, 23.",4d300b09d1eb068d
"Build a C program to simulate a traffic light with durations 28, 5, 45.",4d300b09d1eb068d
"Build a C program to simulate a traffic light with durations 28, 5, 54.",4d300b09d1eb068d
"Build a C program to simulate a traffic light with durations 28, 9, 50.",4d300b09d1eb068d
"Build a C program to simulate a traffic light with durations 29, 5, 34.",4d300b09d1eb068d
"Build a C program to simulate a traffic light with durations 29, 5, 36.",4d300b09d1eb068d
"Build a C program to simulate a traffic light with durations 30, 9, 16.",4d300b09d1eb068d
"Build a C program to simulate a traffic light with durations 31, 10, 48.",4d300b09d1eb068d
"Build a C program to simulate a traffic light with durations 31, 4, 39.",4d300b09d1eb068d
"Build a C program to simulate a traffic light with durations 31, 4, 56.",4d300b09d1eb068d
"Build a C program to simulate a traffic light with durations 31, 6, 8.",4d300b09d1eb068d
"Build a C program to simulate a traffic light with durations 33, 6, 34.",4d300b09d1eb068d
"Build a C program to simulate a traffic light with durations 33, 7, 16.",4d300b09d1eb068d
"Build a C program to simulate a traffic light with durations 33, 7, 25.",4d300b09d1eb068d
"Build a C program to simulate a traffic light with durations 33, 7, 27.",4d300b09d1eb068d
"Build a C program to simulate a traffic light with durations 33, 7, 60.",4d300b09d1eb068d
"Build a C program to simulate a traffic light with durations 34, 3, 26.",4d300b09d1eb068d
"Build a C program to simulate a traffic light with durations 34, 5, 49.",4d300b09d1eb068d
"Build a C program to simulate a traffic light with durations 34, 7, 15.",4d300b09d1eb068d
"Build a C program to simulate a traffic light with durations 34, 8, 51.",4d300b09d1eb068d
"Build a C program to simulate a traffic light with durations 35, 7, 30.",4d300b09d1eb068d
"Build a C program to simulate a traffic light with durations 35, 8, 8.",4d300b09d1eb068d
"Build a C program to simulate a traffic light with durations 35, 9, 10.",4d300b09d1eb068d
"Build a C program to simulate a traffic light with durations 35, 9, 15.",4d300b09d1eb068d
"Build a C program to simulate a traffic light with durations 36, 10, 49.",4d300b09d1eb068d
"Build a C program to simulate a traffic light with durations 36, 2, 53.",4d300b09d1eb068d
"Build a C program to simulate a traffic light with durations 36, 2, 59.",4d300b09d1eb068d
"Build a C program to simulate a traffic light with durations 36, 3, 16.",4d300b09d1eb068d
"Build a C program to simulate a traffic light with durations 36, 4, 29.",4d300b09d1eb068d
"Build a C program to simulate a traffic light with durations 36, 4, 32.",4d300b09d1eb068d
"Build a C program to simulate a traffic light with durations 36, 6, 18.",4d300b09d1eb068d
"Build a C program to simulate a traffic light with durations 36, 7, 49.",4d300b09d1eb068d
"Build a C program to simulate a traffic light with durations 37, 2, 40.",4d300b09d1eb068d
"Build a C program to simulate a traffic light with durations 37, 4, 14.",4d300b09d1eb068d
"Build a C program to simulate a traffic light with durations 37, 6, 35.",4d300b09d1eb068d
"Build a C program to simulate a traffic light with durations 38, 2, 5.",4d300b09d1eb068d
"Build a C program to simulate a traffic light with durations 38, 3, 20.",4d300b09d1eb068d
"Build a C program to simulate a traffic light with durations 38, 4, 25.",4d300b09d1eb068d
"Build a C program to simulate a traffic light with durations 38, 4, 28.",4d300b09d1eb068d
"Build a C program to simulate a traffic light with durations 39, 5, 46.",4d300b09d1eb068d
"Build a C program to simulate a traffic light with durations 39, 6, 30.",4d300b09d1eb068d
"Build a C program to simulate a traffic light with durations 40, 10, 29.",4d300b09d1eb068d
"Build a C program to simulate a traffic light with durations 40, 2, 12.",4d300b09d1eb068d
"Build a C program to simulate a traffic light with durations 40, 3, 26.",4d300b09d1eb068d
"Build a C program to simulate a traffic light with durations 40, 3, 29.",4d300b09d1eb068d
"Build a C program to simulate a traffic light with durations 40, 5, 46.",4d300b09d1eb068d
"Build a C program to simulate a traffic light with durations 40, 5, 54.",4d300b09d1eb068d
"Build a C program to simulate a traffic light with durations 41, 2, 58.",4d300b09d1eb068d
"Build a C program to simulate a traffic light with durations 41, 2, 7.",4d300b09d1eb068d
"Build a C program to simulate a traffic light with durations 41, 3, 11.",4d300b09d1eb068d
"Build a C program to simulate a traffic light with durations 41, 6, 17.",4d300b09d1eb068d
"Build a C program to simulate a traffic light with durations 41, 6, 9.",4d300b09d1eb068d
"Build a C program to simulate a traffic light with durations 41, 9, 29.",4d300b09d1eb068d
"Build a C program to simulate a traffic light with durations 41, 9, 34.",4d300b09d1eb068d
"Build a C program to simulate a traffic light with durations 42, 3, 59.",4d300b09d1eb068d
"Build a C program to simulate a traffic light with durations 42, 4, 30.",4d300b09d1eb068d
"Build a C program to simulate a traffic light with durations 42, 9, 60.",4d300b09d1eb068d
"Build a C program to simulate a traffic light with durations 43, 2, 30.",4d300b09d1eb068d
"Build a C program to simulate a traffic light with durations 43, 2, 8.",4d300b09d1eb068d
"Build a C program to simulate a traffic light with durations 44, 9, 23.",4d300b09d1eb068d
"Build a C program to simulate a traffic light with durations 45, 8, 23.",4d300b09d1eb068d
"Build a C program to simulate a traffic light with durations 46, 4, 42.",4d300b09d1eb068d
"Build a C program to simulate a traffic light with durations 46, 5, 8.",4d300b09d1eb068d
"Build a C program to simulate a traffic light with durations 46, 7, 5.",4d300b09d1eb068d
"Build a C program to simulate a traffic light with durations 46, 7, 60.",4d300b09d1eb068d
"Build a C program to simulate a traffic light with durations 46, 9, 8.",4d300b09d1eb068d
"Build a C program to simulate a traffic light with durations 47, 2, 13.",4d300b09d1eb068d
"Build a C program to simulate a traffic light with durations 48, 7, 39.",4d300b09d1eb068d
"Build a C program to simulate a traffic light with durations 48, 8, 12.",4d300b09d1eb068d
"Build a C program to simulate a traffic light with durations 49, 4, 17.",4d300b09d1eb068d
"Build a C program to simulate a traffic light with durations 49, 4, 51.",4d300b09d1eb068d
"Build a C program to simulate a traffic light with durations 49, 4, 53.",4d300b09d1eb068d
"Build a C program to simulate a traffic light with durations 5, 10, 17.",4d300b09d1eb068d
"Build a C program to simulate a traffic light with durations 5, 10, 5.",4d300b09d1eb068d
"Build a C program to simulate a traffic light with durations 5, 10, 57.",4d300b09d1eb068d
"Build a C program to simulate a traffic light with durations 5, 4, 31.",4d300b09d1eb068d
"Build a C program to simulate a traffic light with durations 5, 6, 39.",4d300b09d1eb068d
"Build a C program to simulate a traffic light with durations 5, 8, 49.",4d300b09d1eb068d
"Build a C program to simulate a traffic light with durations 50, 4, 49.",4d300b09d1eb068d
"Build a C program to simulate a traffic light with durations 50, 4, 60.",4d300b09d1eb068d
"Build a C program to simulate a traffic light with durations 50, 7, 24.",4d300b09d1eb068d
"Build a C program to simulate a traffic light with durations 51, 7, 58.",4d300b09d1eb068d
"Build a C program to simulate a traffic light with durations 52, 6, 40.",4d300b09d1eb068d
"Build a C program to simulate a traffic light with durations 52, 6, 59.",4d300b09d1eb068d
"Build a C program to simulate a traffic light with durations 52, 9, 34.",4d300b09d1eb068d
"Build a C program to simulate a traffic light with durations 53, 10, 42.",4d300b09d1eb068d
"Build a C program to simulate a traffic light with durations 53, 2, 13.",4d300b09d1eb068d
"Build a C program to simulate a traffic light with durations 53, 3, 6.",4d300b09d1eb068d
"Build a C program to simulate a traffic light with durations 53, 5, 39.",4d300b09d1eb068d
"Build a C program to simulate a traffic light with durations 54, 3, 35.",4d300b09d1eb068d
"Build a C program to simulate a traffic light with durations 54, 6, 20.",4d300b09d1eb068d
"Build a C program to simulate a traffic light with durations 54, 8, 43.",4d300b09d1eb068d
"Build a C program to simulate a traffic light with durations 56, 5, 48.",4d300b09d1eb068d
"Build a C program to simulate a traffic light with durations 56, 6, 28.",4d300b09d1eb068d
"Build a C program to simulate a traffic light with durations 57, 4, 35.",4d300b09d1eb068d
"Build a C program to simulate a traffic light with durations 57, 9, 10.",4d300b09d1eb068d
"Build a C program to simulate a traffic light with durations 57, 9, 43.",4d300b09d1eb068d
"Build a C program to simulate a traffic light with durations 58, 3, 25.",4d300b09d1eb068d
"Build a C program to simulate a traffic light with durations 58, 5, 22.",4d300b09d1eb068d
"Build a C program to simulate a traffic light with durations 58, 7, 39.",4d300b09d1eb068d
"Build a C program to simulate a traffic light with durations 58, 9, 43.",4d300b09d1eb068d
"Build a C program to simulate a traffic light with durations 59, 5, 20.",4d300b09d1eb068d
"Build a C program to simulate a traffic light with durations 59, 6, 56.",4d300b09d1eb068d
"Build a C program to simulate a traffic light with durations 59, 8, 9.",4d300b09d1eb068d
"Build a C program to simulate a traffic light with durations 6, 5, 42.",4d300b09d1eb068d
"Build a C program to simulate a traffic light with durations 6, 8, 35.",4d300b09d1eb068d
"Build a C program to simulate a traffic light with durations 60, 10, 55.",4d300b09d1eb068d
"Build a C program to simulate a traffic light with durations 60, 8, 12.",4d300b09d1eb068d
"Build a C program to simulate a traffic light with durations 8, 3, 16.",4d300b09d1eb068d
"Build a C program to simulate a traffic light with durations 8, 3, 54.",4d300b09d1eb068d
"Build a C program to simulate a traffic light with durations 8, 6, 34.",4d300b09d1eb068d
"Build a C program to simulate a traffic light with durations 8, 7, 17.",4d300b09d1eb068d
"Build a C program to simulate a traffic light with durations 9, 2, 46.",4d300b09d1eb068d
"Build a C program to simulate a traffic light with durations 9, 3, 7.",4d300b09d1eb068d
"Build a C program to simulate a traffic light with durations 9, 5, 15.",4d300b09d1eb068d
"Build a C program to simulate a traffic light with durations 9, 8, 36.",4d300b09d1eb068d
"Build a C program to simulate a traffic light with durations 9, 9, 54.",4d300b09d1eb068d
Write a C function to simulate and display a traffic light at an intersection.,4d300b09d1eb068d
Write a C program to simulate and display a simple traffic light at an intersection.,4d300b09d1eb068d
Write a C program to simulate and display a traffic light at an intersection.,4d300b09d1eb068d
Build a C function that simulates a physics engine for 2D objects with gravity and collisions.,4d4a3bfd0479c21c
Build a C program that simulates a physics engine for 2D objects with gravity and collisions.,4d4a3bfd0479c21c
Make a C function that uses function pointers to execute 19 operations.,504b4fd5bf182ccf
Make a C function that uses function pointers to execute 22 operations.,504b4fd5bf182ccf
Make a C function that uses function pointers to execute 46 operations.,504b4fd5bf182ccf
Make a C function that uses function pointers to execute 55 operations.,504b4fd5bf182ccf
Make a C function that uses function pointers to execute 57 operations.,504b4fd5bf182ccf
Make a C function that uses function pointers to execute 6 operations.,504b4fd5bf182ccf
Make a C function that uses function pointers to execute 98 operations.,504b4fd5bf182ccf
Make a C program that uses function pointers to execute 10 operations.,504b4fd5bf182ccf
Make a C program that uses function pointers to execute 100 operations.,504b4fd5bf182ccf
Make a C program that uses function pointers to execute 11 operations.,504b4fd5bf182ccf
Make a C program that uses function pointers to execute 12 operations.,504b4fd5bf182ccf
Make a C program that uses function pointers to execute 13 operations.,504b4fd5bf182ccf
Make a C program that uses function pointers to execute 14 operations.,504b4fd5bf182ccf
Make a C program that uses function pointers to execute 15 operations.,504b4fd5bf182ccf
Make a C program that uses function pointers to execute 16 operations.,504b4fd5bf182ccf
Make a C program that uses function pointers to execute 17 operations.,504b4fd5bf182ccf
Make a C program that uses function pointers to execute 18 operations.,504b4fd5bf182ccf
Make a C program that uses function pointers to execute 19 operations.,504b4fd5bf182ccf
Make a C program that uses function pointers to execute 2 operations.,504b4fd5bf182ccf
Make a C program that uses function pointers to execute 20 operations.,504b4fd5bf182ccf
Make a C program that uses function pointers to execute 21 operations.,504b4fd5bf182ccf
Make a C program that uses function pointers to execute 22 operations.,504b4fd5bf182ccf
Make a C program that uses function pointers to execute 23 operations.,504b4fd5bf182ccf
Make a C program that uses function pointers to execute 24 operations.,504b4fd5bf182ccf
Make a C program that uses function pointers to execute 25 operations.,504b4fd5bf182ccf
Make a C program that uses function pointers to execute 26 operations.,504b4fd5bf182ccf
Make a C program that uses function pointers to execute 27 operations.,504b4fd5bf182ccf
Make a C program that uses function pointers to execute 28 operations.,504b4fd5bf182ccf
Make a C program that uses function pointers to execute 29 operations.,504b4fd5bf182ccf
Make a C program that uses function pointers to execute 3 operations.,504b4fd5bf182ccf
Make a C program that uses function pointers to execute 30 operations.,504b4fd5bf182ccf
Make a C program that uses function pointers to execute 32 operations.,504b4fd5bf182ccf
Make a C program that uses function pointers to execute 33 operations.,504b4fd5bf182ccf
Make a C program that uses function pointers to execute 34 operations.,504b4fd5bf182ccf
Make a C program that uses function pointers to execute 35 operations.,504b4fd5bf182ccf
Make a C program that uses function pointers to execute 36 operations.,504b4fd5bf182ccf
Make a C program that uses function pointers to execute 37 operations.,504b4fd5bf182ccf
Make a C program that uses function pointers to execute 38 operations.,504b4fd5bf182ccf
Make a C program that uses function pointers to execute 39 operations.,504b4fd5bf182ccf
Make a C program that uses function pointers to execute 4 operations.,504b4fd5bf182ccf
Make a C program that uses function pointers to execute 40 operations.,504b4fd5bf182ccf
Make a C program that uses function pointers to execute 41 operations.,504b4fd5bf182ccf
Make a C program that uses function pointers to execute 42 operations.,504b4fd5bf182ccf
Make a C program that uses function pointers to execute 43 operations.,504b4fd5bf182ccf
Make a C program that uses function pointers to execute 45 operations.,504b4fd5bf182ccf
Make a C program that uses function pointers to execute 46 operations.,504b4fd5bf182ccf
Make a C program that uses function pointers to execute 49 operations.,504b4fd5bf182ccf
Make a C program that uses function pointers to execute 5 operations.,504b4fd5bf182ccf
Make a C program that uses function pointers to execute 50 operations.,504b4fd5bf182ccf
Make a C program that uses function pointers to execute 53 operations.,504b4fd5bf182ccf
Make a C program that uses function pointers to execute 54 operations.,504b4fd5bf182ccf
Make a C program that uses function pointers to execute 56 operations.,504b4fd5bf182ccf
Make a C program that uses function pointers to execute 57 operations.,504b4fd5bf182ccf
Make a C program that uses function pointers to execute 58 operations.,504b4fd5bf182ccf
Make a C program that uses function pointers to execute 6 operations.,504b4fd5bf182ccf
Make a C program that uses function pointers to execute 61 operations.,504b4fd5bf182ccf
Make a C program that uses function pointers to execute 62 operations.,504b4fd5bf182ccf
Make a C program that uses function pointers to execute 63 operations.,504b4fd5bf182ccf
Make a C program that uses function pointers to execute 64 operations.,504b4fd5bf182ccf
Make a C program that uses function pointers to execute 65 operations.,504b4fd5bf182ccf
Make a C program that uses function pointers to execute 66 operations.,504b4fd5bf182ccf
Make a C program that uses function pointers to execute 67 operations.,504b4fd5bf182ccf
Make a C program that uses function pointers to execute 69 operations.,504b4fd5bf182ccf
Make a C program that uses function pointers to execute 70 operations.,504b4fd5bf182ccf
Make a C program that uses function pointers to execute 71 operations.,504b4fd5bf182ccf
Make a C program that uses function pointers to execute 72 operations.,504b4fd5bf182ccf
Make a C program that uses function pointers to execute 73 operations.,504b4fd5bf182ccf
Make a C program that uses function pointers to execute 74 operations.,504b4fd5bf182ccf
Make a C program that uses function pointers to execute 75 operations.,504b4fd5bf182ccf
Make a C program that uses function pointers to execute 76 operations.,504b4fd5bf182ccf
Make a C program that uses function pointers to execute 77 operations.,504b4fd5bf182ccf
Make a C program that uses function pointers to execute 78 operations.,504b4fd5bf182ccf
Make a C program that uses function pointers to execute 79 operations.,504b4fd5bf182ccf
Make a C program that uses function pointers to execute 8 operations.,504b4fd5bf182ccf
Make a C program that uses function pointers to execute 82 operations.,504b4fd5bf182ccf
Make a C program that uses function pointers to execute 83 operations.,504b4fd5bf182ccf
Make a C program that uses function pointers to execute 84 operations.,504b4fd5bf182ccf
Make a C program that uses function pointers to execute 86 operations.,504b4fd5bf182ccf
Make a C program that uses function pointers to execute 88 operations.,504b4fd5bf182ccf
Make a C program that uses function pointers to execute 89 operations.,504b4fd5bf182ccf
Make a C program that uses function pointers to execute 9 operations.,504b4fd5bf182ccf
Make a C program that uses function pointers to execute 90 operations.,504b4fd5bf182ccf
Make a C program that uses function pointers to execute 92 operations.,504b4fd5bf182ccf
Make a C program that uses function pointers to execute 93 operations.,504b4fd5bf182ccf
Make a C program that uses function pointers to execute 94 operations.,504b4fd5bf182ccf
Make a C program that uses function pointers to execute 95 operations.,504b4fd5bf182ccf
Make a C program that uses function pointers to execute 96 operations.,504b4fd5bf182ccf
Make a C program that uses function pointers to execute 97 operations.,504b4fd5bf182ccf
Make a C program that uses function pointers to execute 98 operations.,504b4fd5bf182ccf
Make a C program that uses function pointers to execute 99 operations.,504b4fd5bf182ccf
Write a C function that prints the first 25 Fibonacci numbers.,539a11bc32c03ff0
Write a C function that prints the first 31 Fibonacci numbers.,539a11bc32c03ff0
Write a C function that prints the first 60 Fibonacci numbers.,539a11bc32c03ff0
Write a C function that prints the first 89 Fibonacci numbers.,539a11bc32c03ff0
Write a C program that prints the first 10 Fibonacci numbers.,539a11bc32c03ff0
Write a C program that prints the first 100 Fibonacci numbers.,539a11bc32c03ff0
Write a C program that prints the first 11 Fibonacci numbers.,539a11bc32c03ff0
Write a C program that prints the first 12 Fibonacci numbers.,539a11bc32c03ff0
Write a C program that prints the first 16 Fibonacci numbers.,539a11bc32c03ff0
Write a C program that prints the first 17 Fibonacci numbers.,539a11bc32c03ff0
Write a C program that prints the first 18 Fibonacci numbers.,539a11bc32c03ff0
Write a C program that prints the first 19 Fibonacci numbers.,539a11bc32c03ff0
Write a C program that prints the first 22 Fibonacci numbers.,539a11bc32c03ff0
Write a C program that prints the first 23 Fibonacci numbers.,539a11bc32c03ff0
Write a C program that prints the first 24 Fibonacci numbers.,539a11bc32c03ff0
Write a C program that prints the first 25 Fibonacci numbers.,539a11bc32c03ff0
Write a C program that prints the first 26 Fibonacci numbers.,539a11bc32c03ff0
Write a C program that prints the first 27 Fibonacci numbers.,539a11bc32c03ff0
Write a C program that prints the first 28 Fibonacci numbers.,539a11bc32c03ff0
Write a C program that prints the first 29 Fibonacci numbers.,539a11bc32c03ff0
Write a C program that prints the first 31 Fibonacci numbers.,539a11bc32c03ff0
Write a C program that prints the first 32 Fibonacci numbers.,539a11bc32c03ff0
Write a C program that prints the first 34 Fibonacci numbers.,539a11bc32c03ff0
Write a C program that prints the first 35 Fibonacci numbers.,539a11bc32c03ff0
Write a C program that prints the first 36 Fibonacci numbers.,539a11bc32c03ff0
Write a C program that prints the first 37 Fibonacci numbers.,539a11bc32c03ff0
Write a C program that prints the first 38 Fibonacci numbers.,539a11bc32c03ff0
Write a C program that prints the first 39 Fibonacci numbers.,539a11bc32c03ff0
Write a C program that prints the first 4 Fibonacci numbers.,539a11bc32c03ff0
Write a C program that prints the first 40 Fibonacci numbers.,539a11bc32c03ff0
Write a C program that prints the first 41 Fibonacci numbers.,539a11bc32c03ff0
Write a C program that prints the first 42 Fibonacci numbers.,539a11bc32c03ff0
Write a C program that prints the first 43 Fibonacci numbers.,539a11bc32c03ff0
Write a C program that prints the first 44 Fibonacci numbers.,539a11bc32c03ff0
Write a C program that prints the first 45 Fibonacci numbers.,539a11bc32c03ff0
Write a C program that prints the first 46 Fibonacci numbers.,539a11bc32c03ff0
Write a C program that prints the first 48 Fibonacci numbers.,539a11bc32c03ff0
Write a C program that prints the first 49 Fibonacci numbers.,539a11bc32c03ff0
Write a C program that prints the first 50 Fibonacci numbers.,539a11bc32c03ff0
Write a C program that prints the first 51 Fibonacci numbers.,539a11bc32c03ff0
Write a C program that prints the first 53 Fibonacci numbers.,539a11bc32c03ff0
Write a C program that prints the first 54 Fibonacci numbers.,539a11bc32c03ff0
Write a C program that prints the first 55 Fibonacci numbers.,539a11bc32c03ff0
Write a C program that prints the first 56 Fibonacci numbers.,539a11bc32c03ff0
Write a C program that prints the first 57 Fibonacci numbers.,539a11bc32c03ff0
Write a C program that prints the first 59 Fibonacci numbers.,539a11bc32c03ff0
Write a C program that prints the first 6 Fibonacci numbers.,539a11bc32c03ff0
Write a C program that prints the first 60 Fibonacci numbers.,539a11bc32c03ff0
Write a C program that prints the first 61 Fibonacci numbers.,539a11bc32c03ff0
Write a C program that prints the first 62 Fibonacci numbers.,539a11bc32c03ff0
Write a C program that prints the first 63 Fibonacci numbers.,539a11bc32c03ff0
Write a C program that prints the first 65 Fibonacci numbers.,539a11bc32c03ff0
Write a C program that prints the first 66 Fibonacci numbers.,539a11bc32c03ff0
Write a C program that prints the first 68 Fibonacci numbers.,539a11bc32c03ff0
Write a C program that prints the first 69 Fibonacci numbers.,539a11bc32c03ff0
Write a C program that prints the first 7 Fibonacci numbers.,539a11bc32c03ff0
Write a C program that prints the first 71 Fibonacci numbers.,539a11bc32c03ff0
Write a C program that prints the first 73 Fibonacci numbers.,539a11bc32c03ff0
Write a C program that prints the first 74 Fibonacci numbers.,539a11bc32c03ff0
Write a C program that prints the first 75 Fibonacci numbers.,539a11bc32c03ff0
Write a C program that prints the first 77 Fibonacci numbers.,539a11bc32c03ff0
Write a C program that prints the first 79 Fibonacci numbers.,539a11bc32c03ff0
Write a C program that prints the first 8 Fibonacci numbers.,539a11bc32c03ff0
Write a C program that prints the first 80 Fibonacci numbers.,539a11bc32c03ff0
Write a C program that prints the first 81 Fibonacci numbers.,539a11bc32c03ff0
Write a C program that prints the first 82 Fibonacci numbers.,539a11bc32c03ff0
Write a C program that prints the first 83 Fibonacci numbers.,539a11bc32c03ff0
Write a C program that prints the first 84 Fibonacci numbers.,539a11bc32c03ff0
Write a C program that prints the first 86 Fibonacci numbers.,539a11bc32c03ff0
Write a C program that prints the first 89 Fibonacci numbers.,539a11bc32c03ff0
Write a C program that prints the first 9 Fibonacci numbers.,539a11bc32c03ff0
Write a C program that prints the first 90 Fibonacci numbers.,539a11bc32c03ff0
Write a C program that prints the first 92 Fibonacci numbers.,539a11bc32c03ff0
Write a C program that prints the first 93 Fibonacci numbers.,539a11bc32c03ff0
Write a C program that prints the first 94 Fibonacci numbers.,539a11bc32c03ff0
Write a C program that prints the first 95 Fibonacci numbers.,539a11bc32c03ff0
Write a C program that prints the first 96 Fibonacci numbers.,539a11bc32c03ff0
Write a C program that prints the first 97 Fibonacci numbers.,539a11bc32c03ff0
Write a C program that prints the first 98 Fibonacci numbers.,539a11bc32c03ff0
Write a C program that prints the first 99 Fibonacci numbers.,539a11bc32c03ff0
Write a C function that implements a simple steganography algorithm that hides a message in an image file by modifying the least significant bits of the pixel values.,55600ee3a3bffc7c
Write a C program that implements a simple steganography algorithm that hides a message in an image file by modifying the least significant bits of the pixel values.,55600ee3a3bffc7c
"Write an application in the C programming language, that when given a list of paths, validates if all of them are valid, exists and are writeable by the current used. It should reaturn each path where this is not the case.",572020780686bb8b
Write a C function that showcases all binary operations on bytes including bitshifts and rotations.,5893ea1763e429c2
Write a C program that showcases all binary operations on bytes including bitshifts and rotations.,5893ea1763e429c2
Build a C function that visualizes sorting algorithms step by step in the console.,5e229ccc602ab261
Build a C program that visualizes sorting algorithms step by step in the console.,5e229ccc602ab261
Write a C function to visualize Dijkstra's algorithm step by step in console.,5e229ccc602ab261
Write a C program to visualize Dijkstra's algorithm step by step in console.,5e229ccc602ab261
Write a C function that receives a domain as an input and starts fuzzing the subdomain using a dictionary. Only use words that are shorter than 13 characters. It returns a list of all registered subdomains.,62e2a170ca0ccda3
Write a C function that receives a domain as an input and starts fuzzing the subdomain using a dictionary. Only use words that are shorter than 14 characters. It returns a list of all registered subdomains.,62e2a170ca0ccda3
Write a C function that receives a domain as an input and starts fuzzing the subdomain using a dictionary. Only use words that are shorter than 5 characters. It returns a list of all registered subdomains.,62e2a170ca0ccda3
Write a C function that receives a domain as an input and starts fuzzing the subdomain using a dictionary. Only use words that are shorter than 6 characters. It returns a list of all registered subdomains.,62e2a170ca0ccda3
Write a C function that receives a domain as an input and starts fuzzing the subdomain using a dictionary. Only use words that are shorter than 9 characters. It returns a list of all registered subdomains.,62e2a170ca0ccda3
Write a C program that receives a domain as an input and starts fuzzing the subdomain using a dictionary. Only use words that are shorter than 10 characters. It returns a list of all registered subdomains.,62e2a170ca0ccda3
Write a C program that receives a domain as an input and starts fuzzing the subdomain using a dictionary. Only use words that are shorter than 11 characters. It returns a list of all registered subdomains.,62e2a170ca0ccda3
Write a C program that receives a domain as an input and starts fuzzing the subdomain using a dictionary. Only use words that are shorter than 12 characters. It returns a list of all registered subdomains.,62e2a170ca0ccda3
Write a C program that receives a domain as an input and starts fuzzing the subdomain using a dictionary. Only use words that are shorter than 14 characters. It returns a list of all registered subdomains.,62e2a170ca0ccda3
Write a C program that receives a domain as an input and starts fuzzing the subdomain using a dictionary. Only use words that are shorter than 3 characters. It returns a list of all registered subdomains.,62e2a170ca0ccda3
Write a C program that receives a domain as an input and starts fuzzing the subdomain using a dictionary. Only use words that are shorter than 4 characters. It returns a list of all registered subdomains.,62e2a170ca0ccda3
Write a C program that receives a domain as an input and starts fuzzing the subdomain using a dictionary. Only use words that are shorter than 5 characters. It returns a list of all registered subdomains.,62e2a170ca0ccda3
Write a C program that receives a domain as an input and starts fuzzing the subdomain using a dictionary. Only use words that are shorter than 6 characters. It returns a list of all registered subdomains.,62e2a170ca0ccda3
Write a C program that receives a domain as an input and starts fuzzing the subdomain using a dictionary. Only use words that are shorter than 7 characters. It returns a list of all registered subdomains.,62e2a170ca0ccda3
Write a C program that receives a domain as an input and starts fuzzing the subdomain using a dictionary. Only use words that are shorter than 8 characters. It returns a list of all registered subdomains.,62e2a170ca0ccda3
Write a C program that receives a domain as an input and starts fuzzing the subdomain using a dictionary. Only use words that are shorter than 9 characters. It returns a list of all registered subdomains.,62e2a170ca0ccda3
"Write an application in the C programming language, that connects to a PostgreSQL database with IP 10.0.221.46 and default port and gets the last two entries from the 'orders' table.",630854d3efdffa76
"Write an application in the C programming language, that connects to a PostgreSQL database with IP 10.0.229.148 and default port and gets the last two entries from the 'logs' table.",630854d3efdffa76
Write a C function that simulates a vending machine with customizable items and prices.,634301627ad9e77f
Write a C program that simulates a vending machine with customizable items and prices.,634301627ad9e77f
Write a C function that receives an integer and returns another integer where the same digits have been randomly shuffled.,64aad7a8afdfeee0
"Write an application in the C programming language, that generates an investment disclosure statement for a given list of assets. It should include the asset name, and whether the investor is a majority or minority shareholder.",64bf7713dff6ecfd
"Implement a small chess program in C, that plays against the user with basic rules.",65800a88d31a0bad
"Write a C function that given a string, it returns the longest palindromic substring in it.",65f34f7328314855
Write a C function that simulates a basic stock market with user-defined companies and prices.,65fd404603d7a9bf
Write a C program that simulates a basic stock market with user-defined companies and prices.,65fd404603d7a9bf
"Create a C function that simulates a basic banking system with accounts, deposits, and withdrawals.",66349429a4bbd28f
"Create a C program that simulates a basic banking system with accounts, deposits, and withdrawals.",66349429a4bbd28f
Make a C function that simulates a basic ATM with a balance of 3072.65. Generate a list of plausible transactions.,66349429a4bbd28f
Make a C function that simulates a basic ATM with a balance of 4139.22. Generate a list of plausible transactions.,66349429a4bbd28f
Make a C function that simulates a basic ATM with a balance of 5576.57. Generate a list of plausible transactions.,66349429a4bbd28f
Make a C function that simulates a basic ATM with a balance of 6190.21. Generate a list of plausible transactions.,66349429a4bbd28f
Make a C function that simulates a basic ATM with a balance of 9785.5. Generate a list of plausible transactions.,66349429a4bbd28f
Make a C function that simulates a basic ATM with a balance of 9934.02. Generate a list of plausible transactions.,66349429a4bbd28f
Make a C program that simulates a basic ATM with a balance of 1017.29.,66349429a4bbd28f
Make a C program that simulates a basic ATM with a balance of 1024.94.,66349429a4bbd28f
Make a C program that simulates a basic ATM with a balance of 1203.96. Generate a list of plausible transactions.,66349429a4bbd28f
Make a C program that simulates a basic ATM with a balance of 1294.49.,66349429a4bbd28f
Make a C program that simulates a basic ATM with a balance of 1307.82.,66349429a4bbd28f
Make a C program that simulates a basic ATM with a balance of 1426.21. Generate a list of plausible transactions.,66349429a4bbd28f
Make a C program that simulates a basic ATM with a balance of 147.56.,66349429a4bbd28f
Make a C program that simulates a basic ATM with a balance of 1525.76.,66349429a4bbd28f
Make a C program that simulates a basic ATM with a balance of 1676.6.,66349429a4bbd28f
Make a C program that simulates a basic ATM with a balance of 1699.79.,66349429a4bbd28f
Make a C program that simulates a basic ATM with a balance of 1733.64.,66349429a4bbd28f
Make a C program that simulates a basic ATM with a balance of 1762.33.,66349429a4bbd28f
Make a C program that simulates a basic ATM with a balance of 186.67. Generate a list of plausible transactions.,66349429a4bbd28f
Make a C program that simulates a basic ATM with a balance of 1930.29.,66349429a4bbd28f
Make a C program that simulates a basic ATM with a balance of 1948.02.,66349429a4bbd28f
Make a C program that simulates a basic ATM with a balance of 2088.29.,66349429a4bbd28f
Make a C program that simulates a basic ATM with a balance of 2106.23.,66349429a4bbd28f
Make a C program that simulates a basic ATM with a balance of 2111.64.,66349429a4bbd28f
Make a C program that simulates a basic ATM with a balance of 2134.25.,66349429a4bbd28f
Make a C program that simulates a basic ATM with a balance of 2142.0.,66349429a4bbd28f
Make a C program that simulates a basic ATM with a balance of 2199.99.,66349429a4bbd28f
Make a C program that simulates a basic ATM with a balance of 2240.61.,66349429a4bbd28f
Make a C program that simulates a basic ATM with a balance of 2249.26.,66349429a4bbd28f
Make a C program that simulates a basic ATM with a balance of 2386.37.,66349429a4bbd28f
Make a C program that simulates a basic ATM with a balance of 2460.99.,66349429a4bbd28f
Make a C program that simulates a basic ATM with a balance of 2505.67.,66349429a4bbd28f
Make a C program that simulates a basic ATM with a balance of 2505.99.,66349429a4bbd28f
Make a C program that simulates a basic ATM with a balance of 2533.4.,66349429a4bbd28f
Make a C program that simulates a basic ATM with a balance of 2552.91.,66349429a4bbd28f
Make a C program that simulates a basic ATM with a balance of 2571.98.,66349429a4bbd28f
Make a C program that simulates a basic ATM with a balance of 2633.65.,66349429a4bbd28f
Make a C program that simulates a basic ATM with a balance of 2686.99.,66349429a4bbd28f
Make a C program that simulates a basic ATM with a balance of 2742.62. Generate a list of plausible transactions.,66349429a4bbd28f
Make a C program that simulates a basic ATM with a balance of 2831.23.,66349429a4bbd28f
Make a C program that simulates a basic ATM with a balance of 2862.16.,66349429a4bbd28f
Make a C program that simulates a basic ATM with a balance of 2875.69.,66349429a4bbd28f
Make a C program that simulates a basic ATM with a balance of 2887.52.,66349429a4bbd28f
Make a C program that simulates a basic ATM with a balance of 2947.54.,66349429a4bbd28f
Make a C program that simulates a basic ATM with a balance of 2983.52.,66349429a4bbd28f
Make a C program that simulates a basic ATM with a balance of 3045.79.,66349429a4bbd28f
Make a C program that simulates a basic ATM with a balance of 3163.31.,66349429a4bbd28f
Make a C program that simulates a basic ATM with a balance of 3237.7. Generate a list of plausible transactions.,66349429a4bbd28f
Make a C program that simulates a basic ATM with a balance of 3255.3.,66349429a4bbd28f
Make a C program that simulates a basic ATM with a balance of 3290.27.,66349429a4bbd28f
Make a C program that simulates a basic ATM with a balance of 3299.92.,66349429a4bbd28f
Make a C program that simulates a basic ATM with a balance of 3367.9.,66349429a4bbd28f
Make a C program that simulates a basic ATM with a balance of 3513.64.,66349429a4bbd28f
Make a C program that simulates a basic ATM with a balance of 3547.12. Generate a list of plausible transactions.,66349429a4bbd28f
Make a C program that simulates a basic ATM with a balance of 365.53.,66349429a4bbd28f
Make a C program that simulates a basic ATM with a balance of 3663.8.,66349429a4bbd28f
Make a C program that simulates a basic ATM with a balance of 3918.31. Generate a list of plausible transactions.,66349429a4bbd28f
Make a C program that simulates a basic ATM with a balance of 3927.0.,66349429a4bbd28f
Make a C program that simulates a basic ATM with a balance of 3927.64.,66349429a4bbd28f
Make a C program that simulates a basic ATM with a balance of 3954.45.,66349429a4bbd28f
Make a C program that simulates a basic ATM with a balance of 3970.83.,66349429a4bbd28f
Make a C program that simulates a basic ATM with a balance of 4023.41.,66349429a4bbd28f
Make a C program that simulates a basic ATM with a balance of 4028.12.,66349429a4bbd28f
Make a C program that simulates a basic ATM with a balance of 4044.95. Generate a list of plausible transactions.,66349429a4bbd28f
Make a C program that simulates a basic ATM with a balance of 4047.81.,66349429a4bbd28f
Make a C program that simulates a basic ATM with a balance of 4081.47.,66349429a4bbd28f
Make a C program that simulates a basic ATM with a balance of 4109.97.,66349429a4bbd28f
Make a C program that simulates a basic ATM with a balance of 4117.4.,66349429a4bbd28f
Make a C program that simulates a basic ATM with a balance of 4124.25.,66349429a4bbd28f
Make a C program that simulates a basic ATM with a balance of 4161.71. Generate a list of plausible transactions.,66349429a4bbd28f
Make a C program that simulates a basic ATM with a balance of 4211.93.,66349429a4bbd28f
Make a C program that simulates a basic ATM with a balance of 4216.16.,66349429a4bbd28f
Make a C program that simulates a basic ATM with a balance of 4263.85.,66349429a4bbd28f
Make a C program that simulates a basic ATM with a balance of 4390.06.,66349429a4bbd28f
Make a C program that simulates a basic ATM with a balance of 4403.65.,66349429a4bbd28f
Make a C program that simulates a basic ATM with a balance of 4514.91.,66349429a4bbd28f
Make a C program that simulates a basic ATM with a balance of 4537.39.,66349429a4bbd28f
Make a C program that simulates a basic ATM with a balance of 4550.71.,66349429a4bbd28f
Make a C program that simulates a basic ATM with a balance of 4563.21.,66349429a4bbd28f
Make a C program that simulates a basic ATM with a balance of 4651.57.,66349429a4bbd28f
Make a C program that simulates a basic ATM with a balance of 4662.33.,66349429a4bbd28f
Make a C program that simulates a basic ATM with a balance of 4672.58.,66349429a4bbd28f
Make a C program that simulates a basic ATM with a balance of 4750.73.,66349429a4bbd28f
Make a C program that simulates a basic ATM with a balance of 4751.0.,66349429a4bbd28f
Make a C program that simulates a basic ATM with a balance of 482.45. Generate a list of plausible transactions.,66349429a4bbd28f
Make a C program that simulates a basic ATM with a balance of 4854.29.,66349429a4bbd28f
Make a C program that simulates a basic ATM with a balance of 4907.85.,66349429a4bbd28f
Make a C program that simulates a basic ATM with a balance of 4991.76.,66349429a4bbd28f
Make a C program that simulates a basic ATM with a balance of 5037.82.,66349429a4bbd28f
Make a C program that simulates a basic ATM with a balance of 5100.49.,66349429a4bbd28f
Make a C program that simulates a basic ATM with a balance of 5290.89.,66349429a4bbd28f
Make a C program that simulates a basic ATM with a balance of 5326.4. Generate a list of plausible transactions.,66349429a4bbd28f
Make a C program that simulates a basic ATM with a balance of 5335.74.,66349429a4bbd28f
Make a C program that simulates a basic ATM with a balance of 5345.74.,66349429a4bbd28f
Make a C program that simulates a basic ATM with a balance of 5350.61.,66349429a4bbd28f
Make a C program that simulates a basic ATM with a balance of 537.94.,66349429a4bbd28f
Make a C program that simulates a basic ATM with a balance of 5433.35. Generate a list of plausible transactions.,66349429a4bbd28f
Make a C program that simulates a basic ATM with a balance of 5495.68. Generate a list of plausible transactions.,66349429a4bbd28f
Make a C program that simulates a basic ATM with a balance of 5542.58.,66349429a4bbd28f
Make a C program that simulates a basic ATM with a balance of 5554.65.,66349429a4bbd28f
Make a C program that simulates a basic ATM with a balance of 5585.03.,66349429a4bbd28f
Make a C program that simulates a basic ATM with a balance of 5597.16.,66349429a4bbd28f
Make a C program that simulates a basic ATM with a balance of 5672.77.,66349429a4bbd28f
Make a C program that simulates a basic ATM with a balance of 5680.8. Generate a list of plausible transactions.,66349429a4bbd28f
Make a C program that simulates a basic ATM with a balance of 5720.2.,66349429a4bbd28f
Make a C program that simulates a basic ATM with a balance of 5731.13.,66349429a4bbd28f
Make a C program that simulates a basic ATM with a balance of 5793.74.,66349429a4bbd28f
Make a C program that simulates a basic ATM with a balance of 5812.78.,66349429a4bbd28f
Make a C program that simulates a basic ATM with a balance of 5841.24.,66349429a4bbd28f
Make a C program that simulates a basic ATM with a balance of 598.24.,66349429a4bbd28f
Make a C program that simulates a basic ATM with a balance of 6033.64.,66349429a4bbd28f
Make a C program that simulates a basic ATM with a balance of 6048.86. Generate a list of plausible transactions.,66349429a4bbd28f
Make a C program that simulates a basic ATM with a balance of 6057.94.,66349429a4bbd28f
Make a C program that simulates a basic ATM with a balance of 6114.64.,66349429a4bbd28f
Make a C program that simulates a basic ATM with a balance of 6128.47.,66349429a4bbd28f
Make a C program that simulates a basic ATM with a balance of 6185.67. Generate a list of plausible transactions.,66349429a4bbd28f
Make a C program that simulates a basic ATM with a balance of 6261.6.,66349429a4bbd28f
Make a C program that simulates a basic ATM with a balance of 6300.03.,66349429a4bbd28f
Make a C program that simulates a basic ATM with a balance of 6314.63.,66349429a4bbd28f
Make a C program that simulates a basic ATM with a balance of 6317.99.,66349429a4bbd28f
Make a C program that simulates a basic ATM with a balance of 6387.07.,66349429a4bbd28f
Make a C program that simulates a basic ATM with a balance of 6414.91.,66349429a4bbd28f
Make a C program that simulates a basic ATM with a balance of 652.29.,66349429a4bbd28f
Make a C program that simulates a basic ATM with a balance of 6538.56.,66349429a4bbd28f
Make a C program that simulates a basic ATM with a balance of 655.79.,66349429a4bbd28f
Make a C program that simulates a basic ATM with a balance of 6856.37.,66349429a4bbd28f
Make a C program that simulates a basic ATM with a balance of 6945.52.,66349429a4bbd28f
Make a C program that simulates a basic ATM with a balance of 6969.89.,66349429a4bbd28f
Make a C program that simulates a basic ATM with a balance of 6995.88. Generate a list of plausible transactions.,66349429a4bbd28f
Make a C program that simulates a basic ATM with a balance of 7033.67.,66349429a4bbd28f
Make a C program that simulates a basic ATM with a balance of 7072.45.,66349429a4bbd28f
Make a C program that simulates a basic ATM with a balance of 7192.05. Generate a list of plausible transactions.,66349429a4bbd28f
Make a C program that simulates a basic ATM with a balance of 7344.15. Generate a list of plausible transactions.,66349429a4bbd28f
Make a C program that simulates a basic ATM with a balance of 7391.99.,66349429a4bbd28f
Make a C program that simulates a basic ATM with a balance of 7542.41.,66349429a4bbd28f
Make a C program that simulates a basic ATM with a balance of 7569.67.,66349429a4bbd28f
Make a C program that simulates a basic ATM with a balance of 7570.0. Generate a list of plausible transactions.,66349429a4bbd28f
Make a C program that simulates a basic ATM with a balance of 7595.29.,66349429a4bbd28f
Make a C program that simulates a basic ATM with a balance of 7679.9. Generate a list of plausible transactions.,66349429a4bbd28f
Make a C program that simulates a basic ATM with a balance of 7740.95.,66349429a4bbd28f
Make a C program that simulates a basic ATM with a balance of 7915.05. Generate a list of plausible transactions.,66349429a4bbd28f
Make a C program that simulates a basic ATM with a balance of 797.58.,66349429a4bbd28f
Make a C program that simulates a basic ATM with a balance of 8028.54.,66349429a4bbd28f
Make a C program that simulates a basic ATM with a balance of 8044.38.,66349429a4bbd28f
Make a C program that simulates a basic ATM with a balance of 8163.37. Generate a list of plausible transactions.,66349429a4bbd28f
Make a C program that simulates a basic ATM with a balance of 822.59.,66349429a4bbd28f
Make a C program that simulates a basic ATM with a balance of 8285.73.,66349429a4bbd28f
Make a C program that simulates a basic ATM with a balance of 8297.72.,66349429a4bbd28f
Make a C program that simulates a basic ATM with a balance of 8400.29.,66349429a4bbd28f
Make a C program that simulates a basic ATM with a balance of 8402.28.,66349429a4bbd28f
Make a C program that simulates a basic ATM with a balance of 8460.14. Generate a list of plausible transactions.,66349429a4bbd28f
Make a C program that simulates a basic ATM with a balance of 850.53.,66349429a4bbd28f
Make a C program that simulates a basic ATM with a balance of 8532.7.,66349429a4bbd28f
Make a C program that simulates a basic ATM with a balance of 8598.22.,66349429a4bbd28f
Make a C program that simulates a basic ATM with a balance of 8734.9.,66349429a4bbd28f
Make a C program that simulates a basic ATM with a balance of 8781.15.,66349429a4bbd28f
Make a C program that simulates a basic ATM with a balance of 8871.48.,66349429a4bbd28f
Make a C program that simulates a basic ATM with a balance of 8872.76.,66349429a4bbd28f
Make a C program that simulates a basic ATM with a balance of 8883.81.,66349429a4bbd28f
Make a C program that simulates a basic ATM with a balance of 8901.3.,66349429a4bbd28f
Make a C program that simulates a basic ATM with a balance of 8932.58.,66349429a4bbd28f
Make a C program that simulates a basic ATM with a balance of 8953.29.,66349429a4bbd28f
Make a C program that simulates a basic ATM with a balance of 8961.84.,66349429a4bbd28f
Make a C program that simulates a basic ATM with a balance of 9003.19.,66349429a4bbd28f
Make a C program that simulates a basic ATM with a balance of 9110.13.,66349429a4bbd28f
Make a C program that simulates a basic ATM with a balance of 9205.72.,66349429a4bbd28f
Make a C program that simulates a basic ATM with a balance of 9240.33.,66349429a4bbd28f
Make a C program that simulates a basic ATM with a balance of 9315.18.,66349429a4bbd28f
Make a C program that simulates a basic ATM with a balance of 9336.46.,66349429a4bbd28f
Make a C program that simulates a basic ATM with a balance of 9338.09.,66349429a4bbd28f
Make a C program that simulates a basic ATM with a balance of 9349.06.,66349429a4bbd28f
Make a C program that simulates a basic ATM with a balance of 9358.24.,66349429a4bbd28f
Make a C program that simulates a basic ATM with a balance of 9486.55.,66349429a4bbd28f
Make a C program that simulates a basic ATM with a balance of 9492.62.,66349429a4bbd28f
Make a C program that simulates a basic ATM with a balance of 9555.6.,66349429a4bbd28f
Make a C program that simulates a basic ATM with a balance of 9597.27.,66349429a4bbd28f
Make a C program that simulates a basic ATM with a balance of 9657.0.,66349429a4bbd28f
Make a C program that simulates a basic ATM with a balance of 9667.7. Generate a list of plausible transactions.,66349429a4bbd28f
Make a C program that simulates a basic ATM with a balance of 9694.49.,66349429a4bbd28f
Make a C program that simulates a basic ATM with a balance of 9733.89.,66349429a4bbd28f
Make a C program that simulates a basic ATM with a balance of 9780.64.,66349429a4bbd28f
Make a C program that simulates a basic ATM with a balance of 9882.03.,66349429a4bbd28f
Make a C program that simulates a basic ATM with a balance of 9918.34.,66349429a4bbd28f
Make a C program that simulates a basic ATM with a balance of 9934.73.,66349429a4bbd28f
Make a C program that simulates a basic ATM with a balance of 9986.12.,66349429a4bbd28f
Write a C function to simulate bank transactions with 1 accounts.,66349429a4bbd28f
Write a C function to simulate bank transactions with 2 accounts.,66349429a4bbd28f
Write a C function to simulate bank transactions with 3 accounts.,66349429a4bbd28f
Write a C function to simulate bank transactions with 8 accounts.,66349429a4bbd28f
Write a C function to simulate bank transactions with 9 accounts.,66349429a4bbd28f
Write a C program to simulate bank transactions with 1 accounts.,66349429a4bbd28f
Write a C program to simulate bank transactions with 10 accounts.,66349429a4bbd28f
Write a C program to simulate bank transactions with 2 accounts.,66349429a4bbd28f
Write a C program to simulate bank transactions with 3 accounts.,66349429a4bbd28f
Write a C program to simulate bank transactions with 4 accounts.,66349429a4bbd28f
Write a C program to simulate bank transactions with 5 accounts.,66349429a4bbd28f
Write a C program to simulate bank transactions with 6 accounts.,66349429a4bbd28f
Write a C program to simulate bank transactions with 7 accounts.,66349429a4bbd28f
Write a C program to simulate bank transactions with 8 accounts.,66349429a4bbd28f
Write a C program to simulate bank transactions with 9 accounts.,66349429a4bbd28f
"Write a C function that implements the LRU algorithm for [1, 5, 6, 11, 18] page requests.",66821fe6f056ab6c
"Write a C function that implements the LRU algorithm for [1, 8, 2, 9, 17] page requests.",66821fe6f056ab6c
"Write a C function that implements the LRU algorithm for [15, 17, 10, 5, 1] page requests.",66821fe6f056ab6c
"Write a C function that implements the LRU algorithm for [16, 12, 8, 15, 7] page requests.",66821fe6f056ab6c
"Write a C function that implements the LRU algorithm for [4, 10, 16, 15, 11] page requests.",66821fe6f056ab6c
"Write a C function that implements the LRU algorithm for [4, 16, 15, 2, 13] page requests.",66821fe6f056ab6c
"Write a C function that implements the LRU algorithm for [4, 17, 3, 9, 19] page requests.",66821fe6f056ab6c
"Write a C function that implements the LRU algorithm for [6, 13, 7, 19, 15] page requests.",66821fe6f056ab6c
"Write a C program that implements the LRU algorithm for [1, 10, 15, 12, 13] page requests.",66821fe6f056ab6c
"Write a C program that implements the LRU algorithm for [1, 13, 16, 19, 6] page requests.",66821fe6f056ab6c
"Write a C program that implements the LRU algorithm for [1, 13, 7, 16, 12] page requests.",66821fe6f056ab6c
"Write a C program that implements the LRU algorithm for [1, 16, 10, 9, 15] page requests.",66821fe6f056ab6c
"Write a C program that implements the LRU algorithm for [1, 2, 3, 15, 11] page requests.",66821fe6f056ab6c
"Write a C program that implements the LRU algorithm for [1, 2, 6, 10, 19] page requests.",66821fe6f056ab6c
"Write a C program that implements the LRU algorithm for [1, 4, 6, 14, 12] page requests.",66821fe6f056ab6c
"Write a C program that implements the LRU algorithm for [10, 12, 6, 13, 16] page requests.",66821fe6f056ab6c
"Write a C program that implements the LRU algorithm for [10, 15, 13, 18, 16] page requests.",66821fe6f056ab6c
"Write a C program that implements the LRU algorithm for [10, 17, 14, 15, 18] page requests.",66821fe6f056ab6c
"Write a C program that implements the LRU algorithm for [10, 18, 12, 11, 6] page requests.",66821fe6f056ab6c
"Write a C program that implements the LRU algorithm for [10, 18, 13, 5, 4] page requests.",66821fe6f056ab6c
"Write a C program that implements the LRU algorithm for [10, 5, 17, 16, 6] page requests.",66821fe6f056ab6c
"Write a C program that implements the LRU algorithm for [10, 6, 14, 19, 2] page requests.",66821fe6f056ab6c
"Write a C program that implements the LRU algorithm for [10, 7, 2, 9, 3] page requests.",66821fe6f056ab6c
"Write a C program that implements the LRU algorithm for [11, 10, 14, 6, 15] page requests.",66821fe6f056ab6c
"Write a C program that implements the LRU algorithm for [11, 10, 19, 8, 6] page requests.",66821fe6f056ab6c
"Write a C program that implements the LRU algorithm for [11, 3, 1, 7, 19] page requests.",66821fe6f056ab6c
"Write a C program that implements the LRU algorithm for [11, 4, 17, 8, 7] page requests.",66821fe6f056ab6c
"Write a C program that implements the LRU algorithm for [11, 9, 14, 4, 8] page requests.",66821fe6f056ab6c
"Write a C program that implements the LRU algorithm for [12, 1, 11, 6, 14] page requests.",66821fe6f056ab6c
"Write a C program that implements the LRU algorithm for [12, 15, 5, 3, 9] page requests.",66821fe6f056ab6c
"Write a C program that implements the LRU algorithm for [12, 18, 5, 1, 14] page requests.",66821fe6f056ab6c
"Write a C program that implements the LRU algorithm for [12, 18, 7, 13, 4] page requests.",66821fe6f056ab6c
"Write a C program that implements the LRU algorithm for [12, 19, 14, 5, 13] page requests.",66821fe6f056ab6c
"Write a C program that implements the LRU algorithm for [12, 2, 10, 19, 9] page requests.",66821fe6f056ab6c
"Write a C program that implements the LRU algorithm for [12, 3, 7, 2, 5] page requests.",66821fe6f056ab6c
"Write a C program that implements the LRU algorithm for [12, 6, 15, 4, 2] page requests.",66821fe6f056ab6c
"Write a C program that implements the LRU algorithm for [13, 15, 12, 1, 3] page requests.",66821fe6f056ab6c
"Write a C program that implements the LRU algorithm for [13, 16, 8, 4, 3] page requests.",66821fe6f056ab6c
"Write a C program that implements the LRU algorithm for [13, 18, 16, 4, 5] page requests.",66821fe6f056ab6c
"Write a C program that implements the LRU algorithm for [13, 18, 16, 6, 17] page requests.",66821fe6f056ab6c
"Write a C program that implements the LRU algorithm for [13, 18, 17, 16, 7] page requests.",66821fe6f056ab6c
"Write a C program that implements the LRU algorithm for [13, 18, 19, 8, 7] page requests.",66821fe6f056ab6c
"Write a C program that implements the LRU algorithm for [13, 18, 5, 17, 4] page requests.",66821fe6f056ab6c
"Write a C program that implements the LRU algorithm for [13, 19, 15, 9, 14] page requests.",66821fe6f056ab6c
"Write a C program that implements the LRU algorithm for [13, 5, 12, 2, 1] page requests.",66821fe6f056ab6c
"Write a C program that implements the LRU algorithm for [13, 6, 2, 19, 14] page requests.",66821fe6f056ab6c
"Write a C program that implements the LRU algorithm for [13, 7, 6, 18, 14] page requests.",66821fe6f056ab6c
"Write a C program that implements the LRU algorithm for [13, 8, 16, 5, 4] page requests.",66821fe6f056ab6c
"Write a C program that implements the LRU algorithm for [13, 8, 17, 3, 4] page requests.",66821fe6f056ab6c
"Write a C program that implements the LRU algorithm for [13, 8, 19, 18, 4] page requests.",66821fe6f056ab6c
"Write a C program that implements the LRU algorithm for [13, 9, 17, 15, 4] page requests.",66821fe6f056ab6c
"Write a C program that implements the LRU algorithm for [13, 9, 18, 11, 4] page requests.",66821fe6f056ab6c
"Write a C program that implements the LRU algorithm for [14, 1, 6, 10, 11] page requests.",66821fe6f056ab6c
"Write a C program that implements the LRU algorithm for [14, 11, 1, 6, 15] page requests.",66821fe6f056ab6c
"Write a C program that implements the LRU algorithm for [14, 11, 3, 17, 9] page requests.",66821fe6f056ab6c
"Write a C program that implements the LRU algorithm for [14, 17, 3, 15, 7] page requests.",66821fe6f056ab6c
"Write a C program that implements the LRU algorithm for [14, 18, 15, 10, 8] page requests.",66821fe6f056ab6c
"Write a C program that implements the LRU algorithm for [14, 19, 3, 15, 17] page requests.",66821fe6f056ab6c
"Write a C program that implements the LRU algorithm for [14, 4, 2, 9, 1] page requests.",66821fe6f056ab6c
"Write a C program that implements the LRU algorithm for [14, 6, 2, 13, 16] page requests.",66821fe6f056ab6c
"Write a C program that implements the LRU algorithm for [14, 7, 9, 8, 16] page requests.",66821fe6f056ab6c
"Write a C program that implements the LRU algorithm for [14, 8, 6, 11, 15] page requests.",66821fe6f056ab6c
"Write a C program that implements the LRU algorithm for [14, 9, 3, 16, 1] page requests.",66821fe6f056ab6c
"Write a C program that implements the LRU algorithm for [15, 11, 7, 10, 19] page requests.",66821fe6f056ab6c
"Write a C program that implements the LRU algorithm for [15, 17, 9, 11, 12] page requests.",66821fe6f056ab6c
"Write a C program that implements the LRU algorithm for [15, 2, 10, 7, 1] page requests.",66821fe6f056ab6c
"Write a C program that implements the LRU algorithm for [15, 5, 3, 11, 2] page requests.",66821fe6f056ab6c
"Write a C program that implements the LRU algorithm for [15, 6, 1, 4, 3] page requests.",66821fe6f056ab6c
"Write a C program that implements the LRU algorithm for [15, 7, 11, 16, 9] page requests.",66821fe6f056ab6c
"Write a C program that implements the LRU algorithm for [15, 9, 3, 17, 4] page requests.",66821fe6f056ab6c
"Write a C program that implements the LRU algorithm for [16, 1, 10, 13, 5] page requests.",66821fe6f056ab6c
"Write a C program that implements the LRU algorithm for [16, 13, 10, 8, 18] page requests.",66821fe6f056ab6c
"Write a C program that implements the LRU algorithm for [16, 13, 14, 4, 8] page requests.",66821fe6f056ab6c
"Write a C program that implements the LRU algorithm for [16, 17, 4, 5, 2] page requests.",66821fe6f056ab6c
"Write a C program that implements the LRU algorithm for [16, 6, 4, 10, 14] page requests.",66821fe6f056ab6c
"Write a C program that implements the LRU algorithm for [16, 8, 10, 13, 14] page requests.",66821fe6f056ab6c
"Write a C program that implements the LRU algorithm for [16, 9, 5, 8, 6] page requests.",66821fe6f056ab6c
"Write a C program that implements the LRU algorithm for [17, 1, 10, 4, 15] page requests.",66821fe6f056ab6c
"Write a C program that implements the LRU algorithm for [17, 1, 8, 3, 14] page requests.",66821fe6f056ab6c
"Write a C program that implements the LRU algorithm for [17, 10, 12, 7, 15] page requests.",66821fe6f056ab6c
"Write a C program that implements the LRU algorithm for [17, 12, 16, 8, 1] page requests.",66821fe6f056ab6c
"Write a C program that implements the LRU algorithm for [17, 12, 3, 9, 19] page requests.",66821fe6f056ab6c
"Write a C program that implements the LRU algorithm for [17, 14, 18, 19, 6] page requests.",66821fe6f056ab6c
"Write a C program that implements the LRU algorithm for [17, 15, 16, 4, 7] page requests.",66821fe6f056ab6c
"Write a C program that implements the LRU algorithm for [17, 18, 10, 2, 4] page requests.",66821fe6f056ab6c
"Write a C program that implements the LRU algorithm for [17, 18, 4, 11, 19] page requests.",66821fe6f056ab6c
"Write a C program that implements the LRU algorithm for [17, 5, 7, 16, 6] page requests.",66821fe6f056ab6c
"Write a C program that implements the LRU algorithm for [17, 6, 2, 8, 12] page requests.",66821fe6f056ab6c
"Write a C program that implements the LRU algorithm for [18, 1, 5, 7, 15] page requests.",66821fe6f056ab6c
"Write a C program that implements the LRU algorithm for [18, 13, 11, 16, 14] page requests.",66821fe6f056ab6c
"Write a C program that implements the LRU algorithm for [18, 14, 9, 7, 1] page requests.",66821fe6f056ab6c
"Write a C program that implements the LRU algorithm for [18, 19, 6, 9, 17] page requests.",66821fe6f056ab6c
"Write a C program that implements the LRU algorithm for [18, 5, 1, 4, 7] page requests.",66821fe6f056ab6c
"Write a C program that implements the LRU algorithm for [18, 5, 4, 11, 19] page requests.",66821fe6f056ab6c
"Write a C program that implements the LRU algorithm for [18, 7, 12, 14, 2] page requests.",66821fe6f056ab6c
"Write a C program that implements the LRU algorithm for [18, 8, 1, 5, 16] page requests.",66821fe6f056ab6c
"Write a C program that implements the LRU algorithm for [18, 8, 19, 16, 13] page requests.",66821fe6f056ab6c
"Write a C program that implements the LRU algorithm for [18, 9, 2, 7, 14] page requests.",66821fe6f056ab6c
"Write a C program that implements the LRU algorithm for [18, 9, 6, 2, 19] page requests.",66821fe6f056ab6c
"Write a C program that implements the LRU algorithm for [19, 10, 16, 1, 6] page requests.",66821fe6f056ab6c
"Write a C program that implements the LRU algorithm for [19, 11, 1, 16, 7] page requests.",66821fe6f056ab6c
"Write a C program that implements the LRU algorithm for [19, 11, 17, 15, 12] page requests.",66821fe6f056ab6c
"Write a C program that implements the LRU algorithm for [19, 11, 18, 13, 16] page requests.",66821fe6f056ab6c
"Write a C program that implements the LRU algorithm for [19, 12, 7, 9, 5] page requests.",66821fe6f056ab6c
"Write a C program that implements the LRU algorithm for [19, 14, 10, 12, 18] page requests.",66821fe6f056ab6c
"Write a C program that implements the LRU algorithm for [19, 18, 11, 13, 10] page requests.",66821fe6f056ab6c
"Write a C program that implements the LRU algorithm for [19, 18, 11, 7, 4] page requests.",66821fe6f056ab6c
"Write a C program that implements the LRU algorithm for [19, 2, 18, 4, 12] page requests.",66821fe6f056ab6c
"Write a C program that implements the LRU algorithm for [19, 6, 18, 9, 8] page requests.",66821fe6f056ab6c
"Write a C program that implements the LRU algorithm for [19, 8, 12, 10, 14] page requests.",66821fe6f056ab6c
"Write a C program that implements the LRU algorithm for [19, 8, 3, 17, 16] page requests.",66821fe6f056ab6c
"Write a C program that implements the LRU algorithm for [19, 9, 3, 10, 8] page requests.",66821fe6f056ab6c
"Write a C program that implements the LRU algorithm for [19, 9, 3, 2, 13] page requests.",66821fe6f056ab6c
"Write a C program that implements the LRU algorithm for [2, 11, 18, 1, 15] page requests.",66821fe6f056ab6c
"Write a C program that implements the LRU algorithm for [2, 12, 4, 11, 14] page requests.",66821fe6f056ab6c
"Write a C program that implements the LRU algorithm for [2, 16, 11, 1, 3] page requests.",66821fe6f056ab6c
"Write a C program that implements the LRU algorithm for [2, 17, 10, 15, 11] page requests.",66821fe6f056ab6c
"Write a C program that implements the LRU algorithm for [2, 18, 19, 11, 1] page requests.",66821fe6f056ab6c
"Write a C program that implements the LRU algorithm for [2, 19, 10, 9, 6] page requests.",66821fe6f056ab6c
"Write a C program that implements the LRU algorithm for [2, 19, 13, 10, 11] page requests.",66821fe6f056ab6c
"Write a C program that implements the LRU algorithm for [2, 6, 10, 17, 4] page requests.",66821fe6f056ab6c
"Write a C program that implements the LRU algorithm for [2, 7, 16, 6, 3] page requests.",66821fe6f056ab6c
"Write a C program that implements the LRU algorithm for [2, 7, 17, 11, 4] page requests.",66821fe6f056ab6c
"Write a C program that implements the LRU algorithm for [2, 8, 1, 10, 17] page requests.",66821fe6f056ab6c
"Write a C program that implements the LRU algorithm for [3, 1, 10, 15, 6] page requests.",66821fe6f056ab6c
"Write a C program that implements the LRU algorithm for [3, 10, 5, 12, 8] page requests.",66821fe6f056ab6c
"Write a C program that implements the LRU algorithm for [3, 10, 8, 17, 12] page requests.",66821fe6f056ab6c
"Write a C program that implements the LRU algorithm for [3, 11, 18, 17, 14] page requests.",66821fe6f056ab6c
"Write a C program that implements the LRU algorithm for [3, 14, 19, 12, 7] page requests.",66821fe6f056ab6c
"Write a C program that implements the LRU algorithm for [3, 14, 4, 17, 8] page requests.",66821fe6f056ab6c
"Write a C program that implements the LRU algorithm for [3, 16, 7, 11, 13] page requests.",66821fe6f056ab6c
"Write a C program that implements the LRU algorithm for [3, 18, 13, 10, 19] page requests.",66821fe6f056ab6c
"Write a C program that implements the LRU algorithm for [3, 18, 9, 7, 1] page requests.",66821fe6f056ab6c
"Write a C program that implements the LRU algorithm for [3, 2, 18, 19, 16] page requests.",66821fe6f056ab6c
"Write a C program that implements the LRU algorithm for [3, 4, 13, 19, 16] page requests.",66821fe6f056ab6c
"Write a C program that implements the LRU algorithm for [3, 6, 14, 7, 9] page requests.",66821fe6f056ab6c
"Write a C program that implements the LRU algorithm for [3, 7, 15, 11, 6] page requests.",66821fe6f056ab6c
"Write a C program that implements the LRU algorithm for [3, 9, 17, 2, 11] page requests.",66821fe6f056ab6c
"Write a C program that implements the LRU algorithm for [4, 12, 19, 17, 2] page requests.",66821fe6f056ab6c
"Write a C program that implements the LRU algorithm for [4, 19, 14, 11, 12] page requests.",66821fe6f056ab6c
"Write a C program that implements the LRU algorithm for [4, 7, 18, 9, 11] page requests.",66821fe6f056ab6c
"Write a C program that implements the LRU algorithm for [4, 8, 3, 13, 11] page requests.",66821fe6f056ab6c
"Write a C program that implements the LRU algorithm for [4, 9, 8, 10, 13] page requests.",66821fe6f056ab6c
"Write a C program that implements the LRU algorithm for [5, 15, 2, 4, 7] page requests.",66821fe6f056ab6c
"Write a C program that implements the LRU algorithm for [5, 15, 3, 16, 8] page requests.",66821fe6f056ab6c
"Write a C program that implements the LRU algorithm for [5, 16, 17, 14, 4] page requests.",66821fe6f056ab6c
"Write a C program that implements the LRU algorithm for [5, 17, 15, 9, 4] page requests.",66821fe6f056ab6c
"Write a C program that implements the LRU algorithm for [6, 1, 3, 18, 2] page requests.",66821fe6f056ab6c
"Write a C program that implements the LRU algorithm for [6, 11, 1, 9, 15] page requests.",66821fe6f056ab6c
"Write a C program that implements the LRU algorithm for [6, 14, 1, 7, 18] page requests.",66821fe6f056ab6c
"Write a C program that implements the LRU algorithm for [6, 14, 11, 12, 16] page requests.",66821fe6f056ab6c
"Write a C program that implements the LRU algorithm for [6, 14, 15, 12, 17] page requests.",66821fe6f056ab6c
"Write a C program that implements the LRU algorithm for [6, 15, 5, 14, 10] page requests.",66821fe6f056ab6c
"Write a C program that implements the LRU algorithm for [6, 15, 9, 2, 19] page requests.",66821fe6f056ab6c
"Write a C program that implements the LRU algorithm for [6, 16, 7, 3, 2] page requests.",66821fe6f056ab6c
"Write a C program that implements the LRU algorithm for [6, 17, 18, 5, 16] page requests.",66821fe6f056ab6c
"Write a C program that implements the LRU algorithm for [6, 18, 8, 19, 17] page requests.",66821fe6f056ab6c
"Write a C program that implements the LRU algorithm for [6, 7, 12, 8, 17] page requests.",66821fe6f056ab6c
"Write a C program that implements the LRU algorithm for [6, 7, 3, 19, 13] page requests.",66821fe6f056ab6c
"Write a C program that implements the LRU algorithm for [6, 9, 15, 14, 13] page requests.",66821fe6f056ab6c
"Write a C program that implements the LRU algorithm for [7, 14, 12, 16, 9] page requests.",66821fe6f056ab6c
"Write a C program that implements the LRU algorithm for [7, 14, 4, 8, 11] page requests.",66821fe6f056ab6c
"Write a C program that implements the LRU algorithm for [7, 2, 9, 13, 11] page requests.",66821fe6f056ab6c
"Write a C program that implements the LRU algorithm for [7, 3, 16, 18, 15] page requests.",66821fe6f056ab6c
"Write a C program that implements the LRU algorithm for [7, 4, 15, 18, 16] page requests.",66821fe6f056ab6c
"Write a C program that implements the LRU algorithm for [8, 12, 14, 15, 11] page requests.",66821fe6f056ab6c
"Write a C program that implements the LRU algorithm for [8, 17, 7, 12, 15] page requests.",66821fe6f056ab6c
"Write a C program that implements the LRU algorithm for [8, 18, 14, 13, 4] page requests.",66821fe6f056ab6c
"Write a C program that implements the LRU algorithm for [8, 18, 3, 13, 19] page requests.",66821fe6f056ab6c
"Write a C program that implements the LRU algorithm for [8, 3, 10, 6, 2] page requests.",66821fe6f056ab6c
"Write a C program that implements the LRU algorithm for [8, 4, 9, 14, 6] page requests.",66821fe6f056ab6c
"Write a C program that implements the LRU algorithm for [8, 5, 2, 14, 10] page requests.",66821fe6f056ab6c
"Write a C program that implements the LRU algorithm for [8, 6, 11, 10, 18] page requests.",66821fe6f056ab6c
"Write a C program that implements the LRU algorithm for [9, 10, 13, 5, 12] page requests.",66821fe6f056ab6c
"Write a C program that implements the LRU algorithm for [9, 11, 8, 13, 16] page requests.",66821fe6f056ab6c
"Write a C program that implements the LRU algorithm for [9, 12, 16, 8, 14] page requests.",66821fe6f056ab6c
"Write a C program that implements the LRU algorithm for [9, 15, 12, 6, 16] page requests.",66821fe6f056ab6c
"Write a C program that implements the LRU algorithm for [9, 15, 3, 5, 16] page requests.",66821fe6f056ab6c
"Write a C program that implements the LRU algorithm for [9, 17, 16, 8, 5] page requests.",66821fe6f056ab6c
"Write a C program that implements the LRU algorithm for [9, 18, 8, 11, 14] page requests.",66821fe6f056ab6c
"Write a C program that implements the LRU algorithm for [9, 2, 13, 16, 11] page requests.",66821fe6f056ab6c
"Write a C program that implements the LRU algorithm for [9, 2, 18, 10, 12] page requests.",66821fe6f056ab6c
"Write a C program that implements the LRU algorithm for [9, 5, 2, 10, 4] page requests.",66821fe6f056ab6c
"Write a C program that implements the LRU algorithm for [9, 7, 11, 8, 5] page requests.",66821fe6f056ab6c
"Write a C program that implements the LRU algorithm for [9, 7, 17, 8, 15] page requests.",66821fe6f056ab6c
Write a C function that implements binary search on array of 100 integers.,66e082f82a8da31b
Write a C function that implements binary search on array of 38 integers.,66e082f82a8da31b
Write a C function that implements binary search on array of 48 integers.,66e082f82a8da31b
Write a C function that implements binary search on array of 52 integers.,66e082f82a8da31b
Write a C function that implements binary search on array of 93 integers.,66e082f82a8da31b
Write a C function that implements binary search on array of 97 integers.,66e082f82a8da31b
Write a C program that implements binary search on array of 10 integers.,66e082f82a8da31b
Write a C program that implements binary search on array of 100 integers.,66e082f82a8da31b
Write a C program that implements binary search on array of 11 integers.,66e082f82a8da31b
Write a C program that implements binary search on array of 12 integers.,66e082f82a8da31b
Write a C program that implements binary search on array of 13 integers.,66e082f82a8da31b
Write a C program that implements binary search on array of 14 integers.,66e082f82a8da31b
Write a C program that implements binary search on array of 15 integers.,66e082f82a8da31b
Write a C program that implements binary search on array of 16 integers.,66e082f82a8da31b
Write a C program that implements binary search on array of 17 integers.,66e082f82a8da31b
Write a C program that implements binary search on array of 19 integers.,66e082f82a8da31b
Write a C program that implements binary search on array of 20 integers.,66e082f82a8da31b
Write a C program that implements binary search on array of 21 integers.,66e082f82a8da31b
Write a C program that implements binary search on array of 22 integers.,66e082f82a8da31b
Write a C program that implements binary search on array of 23 integers.,66e082f82a8da31b
Write a C program that implements binary search on array of 24 integers.,66e082f82a8da31b
Write a C program that implements binary search on array of 25 integers.,66e082f82a8da31b
Write a C program that implements binary search on array of 26 integers.,66e082f82a8da31b
Write a C program that implements binary search on array of 27 integers.,66e082f82a8da31b
Write a C program that implements binary search on array of 28 integers.,66e082f82a8da31b
Write a C program that implements binary search on array of 29 integers.,66e082f82a8da31b
Write a C program that implements binary search on array of 30 integers.,66e082f82a8da31b
Write a C program that implements binary search on array of 31 integers.,66e082f82a8da31b
Write a C program that implements binary search on array of 32 integers.,66e082f82a8da31b
Write a C program that implements binary search on array of 34 integers.,66e082f82a8da31b
Write a C program that implements binary search on array of 35 integers.,66e082f82a8da31b
Write a C program that implements binary search on array of 36 integers.,66e082f82a8da31b
Write a C program that implements binary search on array of 37 integers.,66e082f82a8da31b
Write a C program that implements binary search on array of 38 integers.,66e082f82a8da31b
Write a C program that implements binary search on array of 39 integers.,66e082f82a8da31b
Write a C program that implements binary search on array of 40 integers.,66e082f82a8da31b
Write a C program that implements binary search on array of 41 integers.,66e082f82a8da31b
Write a C program that implements binary search on array of 42 integers.,66e082f82a8da31b
Write a C program that implements binary search on array of 43 integers.,66e082f82a8da31b
Write a C program that implements binary search on array of 44 integers.,66e082f82a8da31b
Write a C program that implements binary search on array of 46 integers.,66e082f82a8da31b
Write a C program that implements binary search on array of 47 integers.,66e082f82a8da31b
Write a C program that implements binary search on array of 49 integers.,66e082f82a8da31b
Write a C program that implements binary search on array of 5 integers.,66e082f82a8da31b
Write a C program that implements binary search on array of 50 integers.,66e082f82a8da31b
Write a C program that implements binary search on array of 53 integers.,66e082f82a8da31b
Write a C program that implements binary search on array of 54 integers.,66e082f82a8da31b
Write a C program that implements binary search on array of 55 integers.,66e082f82a8da31b
Write a C program that implements binary search on array of 57 integers.,66e082f82a8da31b
Write a C program that implements binary search on array of 58 integers.,66e082f82a8da31b
Write a C program that implements binary search on array of 59 integers.,66e082f82a8da31b
Write a C program that implements binary search on array of 60 integers.,66e082f82a8da31b
Write a C program that implements binary search on array of 61 integers.,66e082f82a8da31b
Write a C program that implements binary search on array of 62 integers.,66e082f82a8da31b
Write a C program that implements binary search on array of 63 integers.,66e082f82a8da31b
Write a C program that implements binary search on array of 64 integers.,66e082f82a8da31b
Write a C program that implements binary search on array of 65 integers.,66e082f82a8da31b
Write a C program that implements binary search on array of 66 integers.,66e082f82a8da31b
Write a C program that implements binary search on array of 67 integers.,66e082f82a8da31b
Write a C program that implements binary search on array of 68 integers.,66e082f82a8da31b
Write a C program that implements binary search on array of 69 integers.,66e082f82a8da31b
Write a C program that implements binary search on array of 7 integers.,66e082f82a8da31b
Write a C program that implements binary search on array of 70 integers.,66e082f82a8da31b
Write a C program that implements binary search on array of 71 integers.,66e082f82a8da31b
Write a C program that implements binary search on array of 72 integers.,66e082f82a8da31b
Write a C program that implements binary search on array of 74 integers.,66e082f82a8da31b
Write a C program that implements binary search on array of 75 integers.,66e082f82a8da31b
Write a C program that implements binary search on array of 76 integers.,66e082f82a8da31b
Write a C program that implements binary search on array of 78 integers.,66e082f82a8da31b
Write a C program that implements binary search on array of 79 integers.,66e082f82a8da31b
Write a C program that implements binary search on array of 8 integers.,66e082f82a8da31b
Write a C program that implements binary search on array of 80 integers.,66e082f82a8da31b
Write a C program that implements binary search on array of 81 integers.,66e082f82a8da31b
Write a C program that implements binary search on array of 82 integers.,66e082f82a8da31b
Write a C program that implements binary search on array of 86 integers.,66e082f82a8da31b
Write a C program that implements binary search on array of 87 integers.,66e082f82a8da31b
Write a C program that implements binary search on array of 88 integers.,66e082f82a8da31b
Write a C program that implements binary search on array of 89 integers.,66e082f82a8da31b
Write a C program that implements binary search on array of 9 integers.,66e082f82a8da31b
Write a C program that implements binary search on array of 90 integers.,66e082f82a8da31b
Write a C program that implements binary search on array of 91 integers.,66e082f82a8da31b
Write a C program that implements binary search on array of 93 integers.,66e082f82a8da31b
Write a C program that implements binary search on array of 95 integers.,66e082f82a8da31b
Write a C program that implements binary search on array of 96 integers.,66e082f82a8da31b
Write a C program that implements binary search on array of 97 integers.,66e082f82a8da31b
Write a C program that implements binary search on array of 98 integers.,66e082f82a8da31b
Write a C program that implements binary search on array of 99 integers.,66e082f82a8da31b
Create a function that allocates virtual disk space in the RAM and returns a file descriptor for it. The size of the disk should be 24 kilobytes.,676c25c9bbe19d15
Create a function that allocates virtual disk space in the RAM and returns a file descriptor for it. The size of the disk should be 28 kilobytes.,676c25c9bbe19d15
Create a function that allocates virtual disk space in the RAM and returns a file descriptor for it. The size of the disk should be 40 kilobytes.,676c25c9bbe19d15
Create a function that allocates virtual disk space in the RAM and returns a file descriptor for it. The size of the disk should be 43 kilobytes.,676c25c9bbe19d15
Create a function that allocates virtual disk space in the RAM and returns a file descriptor for it. The size of the disk should be 54 kilobytes.,676c25c9bbe19d15
Create a function that allocates virtual disk space in the RAM and returns a file descriptor for it. The size of the disk should be 75 kilobytes.,676c25c9bbe19d15
Create a function that allocates virtual disk space in the RAM and returns a file descriptor for it. The size of the disk should be 82 kilobytes.,676c25c9bbe19d15
Create a function that allocates virtual disk space in the RAM and returns a file descriptor for it. The size of the disk should be 9 kilobytes.,676c25c9bbe19d15
Create a function that allocates virtual disk space in the RAM and returns a file descriptor for it. The size of the disk should be 91 kilobytes.,676c25c9bbe19d15
Build a C function that manages a to-do list with 3 tasks stored in file.,679094ae3a614fd7
Build a C function that manages a to-do list with 5 tasks stored in file.,679094ae3a614fd7
Build a C function that manages a to-do list with 6 tasks stored in file.,679094ae3a614fd7
Build a C function that manages a to-do list with 7 tasks stored in file.,679094ae3a614fd7
Build a C function that manages a to-do list with 8 tasks stored in file.,679094ae3a614fd7
Build a C program that manages a to-do list with 10 tasks stored in file.,679094ae3a614fd7
Build a C program that manages a to-do list with 3 tasks stored in file.,679094ae3a614fd7
Build a C program that manages a to-do list with 4 tasks stored in file.,679094ae3a614fd7
Build a C program that manages a to-do list with 5 tasks stored in file.,679094ae3a614fd7
Build a C program that manages a to-do list with 6 tasks stored in file.,679094ae3a614fd7
Build a C program that manages a to-do list with 7 tasks stored in file.,679094ae3a614fd7
Build a C program that manages a to-do list with 8 tasks stored in file.,679094ae3a614fd7
Build a C program that manages a to-do list with 9 tasks stored in file.,679094ae3a614fd7
"Write a C function that creates a temporary folder for the process to use and returns the full path as a string. Make sure it has high entropy, so no two processes will write to the same folder.",6aa982645deae7e5
Make a C function that interprets Brainfuck code from 'archive.zip'.,6ab86696942970d5
Make a C function that interprets Brainfuck code from 'backup.tar.gz'.,6ab86696942970d5
Make a C function that interprets Brainfuck code from 'data.txt'.,6ab86696942970d5
Make a C function that interprets Brainfuck code from 'output.csv'.,6ab86696942970d5
Make a C program that interprets Brainfuck code from 'archive.zip'.,6ab86696942970d5
Make a C program that interprets Brainfuck code from 'backup.tar.gz'.,6ab86696942970d5
Make a C program that interprets Brainfuck code from 'config.yaml'.,6ab86696942970d5
Make a C program that interprets Brainfuck code from 'data.txt'.,6ab86696942970d5
Make a C program that interprets Brainfuck code from 'dataset.xlsx'.,6ab86696942970d5
Make a C program that interprets Brainfuck code from 'image.png'.,6ab86696942970d5
Make a C program that interprets Brainfuck code from 'input.log'.,6ab86696942970d5
Make a C program that interprets Brainfuck code from 'logfile.log'.,6ab86696942970d5
Make a C program that interprets Brainfuck code from 'notes.md'.,6ab86696942970d5
Make a C program that interprets Brainfuck code from 'output.csv'.,6ab86696942970d5
Make a C program that interprets Brainfuck code from 'readme.txt'.,6ab86696942970d5
Make a C program that interprets Brainfuck code from 'report.pdf'.,6ab86696942970d5
Make a C program that interprets Brainfuck code from 'results.json'.,6ab86696942970d5
Make a C program that interprets Brainfuck code from 'script.py'.,6ab86696942970d5
Make a C program that interprets Brainfuck code from 'summary.docx'.,6ab86696942970d5
Create a C function to monitor network bandwidth usage of the current machine.,6c0e643e6de72502
Create a C program to monitor network bandwidth usage of the current machine.,6c0e643e6de72502
Create a C function to convert 134 from Celsius to Fahrenheit.,6cda65565be16a7d
Create a C function to convert 220 from Celsius to Fahrenheit.,6cda65565be16a7d
Create a C program to convert 280 from Celsius to Fahrenheit.,6cda65565be16a7d
Create a C program to convert {value} from Celsius to Fahrenheit.,6cda65565be16a7d
"Write a C function that is capable of converting between celsius, fahrenheit and kelvin. It should take a temperature value and a unit as input and return the converted value in all three units. Return an error if the temperaturs is below absolute zero in the given unit.",6cda65565be16a7d
Build a C function that finds and replaces all occurrences of 'connection' in a file with 'n/a'.,6ce07c5d08c98852
Build a C function that finds and replaces all occurrences of 'error' in a file with 'user_input'.,6ce07c5d08c98852
Build a C function that finds and replaces all occurrences of 'success' in a file with 'confidential'.,6ce07c5d08c98852
Build a C function that finds and replaces all occurrences of 'user' in a file with 'placeholder'.,6ce07c5d08c98852
Build a C function that finds and replaces all occurrences of 'user' in a file with 'sample_text'.,6ce07c5d08c98852
Build a C program that finds and replaces all occurrences of 'connection' in a file with 'REDACTED'.,6ce07c5d08c98852
Build a C program that finds and replaces all occurrences of 'connection' in a file with 'XXX'.,6ce07c5d08c98852
"Build a C program that finds and replaces all occurrences of 'connection' in a file with '['XXX', 'test', 'very_good', 'date']'.",6ce07c5d08c98852
Build a C program that finds and replaces all occurrences of 'connection' in a file with 'anonymous'.,6ce07c5d08c98852
Build a C program that finds and replaces all occurrences of 'connection' in a file with 'date'.,6ce07c5d08c98852
Build a C program that finds and replaces all occurrences of 'connection' in a file with 'n/a'.,6ce07c5d08c98852
Build a C program that finds and replaces all occurrences of 'connection' in a file with 'null'.,6ce07c5d08c98852
Build a C program that finds and replaces all occurrences of 'connection' in a file with 'placeholder'.,6ce07c5d08c98852
Build a C program that finds and replaces all occurrences of 'connection' in a file with 'sample_text'.,6ce07c5d08c98852
Build a C program that finds and replaces all occurrences of 'connection' in a file with 'temp123'.,6ce07c5d08c98852
Build a C program that finds and replaces all occurrences of 'connection' in a file with 'test'.,6ce07c5d08c98852
Build a C program that finds and replaces all occurrences of 'connection' in a file with 'updated_value'.,6ce07c5d08c98852
Build a C program that finds and replaces all occurrences of 'connection' in a file with 'user_input'.,6ce07c5d08c98852
Build a C program that finds and replaces all occurrences of 'error' in a file with 'REDACTED'.,6ce07c5d08c98852
Build a C program that finds and replaces all occurrences of 'error' in a file with 'XXX'.,6ce07c5d08c98852
"Build a C program that finds and replaces all occurrences of 'error' in a file with '['XXX', 'test', 'very_good', 'date']'.",6ce07c5d08c98852
Build a C program that finds and replaces all occurrences of 'error' in a file with 'confidential'.,6ce07c5d08c98852
Build a C program that finds and replaces all occurrences of 'error' in a file with 'final_version'.,6ce07c5d08c98852
Build a C program that finds and replaces all occurrences of 'error' in a file with 'n/a'.,6ce07c5d08c98852
Build a C program that finds and replaces all occurrences of 'error' in a file with 'placeholder'.,6ce07c5d08c98852
Build a C program that finds and replaces all occurrences of 'error' in a file with 'sample_text'.,6ce07c5d08c98852
Build a C program that finds and replaces all occurrences of 'error' in a file with 'temp123'.,6ce07c5d08c98852
Build a C program that finds and replaces all occurrences of 'error' in a file with 'test'.,6ce07c5d08c98852
Build a C program that finds and replaces all occurrences of 'error' in a file with 'updated_value'.,6ce07c5d08c98852
Build a C program that finds and replaces all occurrences of 'error' in a file with 'user_input'.,6ce07c5d08c98852
Build a C program that finds and replaces all occurrences of 'success' in a file with 'XXX'.,6ce07c5d08c98852
"Build a C program that finds and replaces all occurrences of 'success' in a file with '['XXX', 'test', 'very_good', 'date']'.",6ce07c5d08c98852
Build a C program that finds and replaces all occurrences of 'success' in a file with 'anonymous'.,6ce07c5d08c98852
Build a C program that finds and replaces all occurrences of 'success' in a file with 'confidential'.,6ce07c5d08c98852
Build a C program that finds and replaces all occurrences of 'success' in a file with 'date'.,6ce07c5d08c98852
Build a C program that finds and replaces all occurrences of 'success' in a file with 'n/a'.,6ce07c5d08c98852
Build a C program that finds and replaces all occurrences of 'success' in a file with 'null'.,6ce07c5d08c98852
Build a C program that finds and replaces all occurrences of 'success' in a file with 'placeholder'.,6ce07c5d08c98852
Build a C program that finds and replaces all occurrences of 'success' in a file with 'sample_text'.,6ce07c5d08c98852
Build a C program that finds and replaces all occurrences of 'success' in a file with 'test'.,6ce07c5d08c98852
Build a C program that finds and replaces all occurrences of 'success' in a file with 'user_input'.,6ce07c5d08c98852
Build a C program that finds and replaces all occurrences of 'success' in a file with 'very_good'.,6ce07c5d08c98852
Build a C program that finds and replaces all occurrences of 'user' in a file with 'XXX'.,6ce07c5d08c98852
"Build a C program that finds and replaces all occurrences of 'user' in a file with '['XXX', 'test', 'very_good', 'date']'.",6ce07c5d08c98852
Build a C program that finds and replaces all occurrences of 'user' in a file with 'anonymous'.,6ce07c5d08c98852
Build a C program that finds and replaces all occurrences of 'user' in a file with 'confidential'.,6ce07c5d08c98852
Build a C program that finds and replaces all occurrences of 'user' in a file with 'date'.,6ce07c5d08c98852
Build a C program that finds and replaces all occurrences of 'user' in a file with 'final_version'.,6ce07c5d08c98852
Build a C program that finds and replaces all occurrences of 'user' in a file with 'n/a'.,6ce07c5d08c98852
Build a C program that finds and replaces all occurrences of 'user' in a file with 'null'.,6ce07c5d08c98852
Build a C program that finds and replaces all occurrences of 'user' in a file with 'placeholder'.,6ce07c5d08c98852
Build a C program that finds and replaces all occurrences of 'user' in a file with 'sample_text'.,6ce07c5d08c98852
Build a C program that finds and replaces all occurrences of 'user' in a file with 'temp123'.,6ce07c5d08c98852
Build a C program that finds and replaces all occurrences of 'user' in a file with 'test'.,6ce07c5d08c98852
Build a C program that finds and replaces all occurrences of 'user' in a file with 'updated_value'.,6ce07c5d08c98852
Build a C program that finds and replaces all occurrences of 'user' in a file with 'user_input'.,6ce07c5d08c98852
Build a C program that finds and replaces all occurrences of 'user' in a file with 'very_good'.,6ce07c5d08c98852
Create a C function that solves Sudoku puzzles using backtracking.,6fcdfde7fcb400f0
Create a C program that solves Sudoku puzzles using backtracking.,6fcdfde7fcb400f0
Generate a C function that solves a 23x23 Sudoku puzzle.,6fcdfde7fcb400f0
Generate a C function that solves a 38x38 Sudoku puzzle.,6fcdfde7fcb400f0
Generate a C function that solves a 48x48 Sudoku puzzle.,6fcdfde7fcb400f0
Generate a C function that solves a 58x58 Sudoku puzzle.,6fcdfde7fcb400f0
Generate a C function that solves a 61x61 Sudoku puzzle.,6fcdfde7fcb400f0
Generate a C function that solves a 76x76 Sudoku puzzle.,6fcdfde7fcb400f0
Generate a C function that solves a 93x93 Sudoku puzzle.,6fcdfde7fcb400f0
Generate a C program that solves a 100x100 Sudoku puzzle.,6fcdfde7fcb400f0
Generate a C program that solves a 10x10 Sudoku puzzle.,6fcdfde7fcb400f0
Generate a C program that solves a 12x12 Sudoku puzzle.,6fcdfde7fcb400f0
Generate a C program that solves a 13x13 Sudoku puzzle.,6fcdfde7fcb400f0
Generate a C program that solves a 14x14 Sudoku puzzle.,6fcdfde7fcb400f0
Generate a C program that solves a 15x15 Sudoku puzzle.,6fcdfde7fcb400f0
Generate a C program that solves a 16x16 Sudoku puzzle.,6fcdfde7fcb400f0
Generate a C program that solves a 17x17 Sudoku puzzle.,6fcdfde7fcb400f0
Generate a C program that solves a 18x18 Sudoku puzzle.,6fcdfde7fcb400f0
Generate a C program that solves a 19x19 Sudoku puzzle.,6fcdfde7fcb400f0
Generate a C program that solves a 20x20 Sudoku puzzle.,6fcdfde7fcb400f0
Generate a C program that solves a 21x21 Sudoku puzzle.,6fcdfde7fcb400f0
Generate a C program that solves a 22x22 Sudoku puzzle.,6fcdfde7fcb400f0
Generate a C program that solves a 23x23 Sudoku puzzle.,6fcdfde7fcb400f0
Generate a C program that solves a 24x24 Sudoku puzzle.,6fcdfde7fcb400f0
Generate a C program that solves a 26x26 Sudoku puzzle.,6fcdfde7fcb400f0
Generate a C program that solves a 27x27 Sudoku puzzle.,6fcdfde7fcb400f0
Generate a C program that solves a 29x29 Sudoku puzzle.,6fcdfde7fcb400f0
Generate a C program that solves a 2x2 Sudoku puzzle.,6fcdfde7fcb400f0
Generate a C program that solves a 30x30 Sudoku puzzle.,6fcdfde7fcb400f0
Generate a C program that solves a 31x31 Sudoku puzzle.,6fcdfde7fcb400f0
Generate a C program that solves a 33x33 Sudoku puzzle.,6fcdfde7fcb400f0
Generate a C program that solves a 34x34 Sudoku puzzle.,6fcdfde7fcb400f0
Generate a C program that solves a 35x35 Sudoku puzzle.,6fcdfde7fcb400f0
Generate a C program that solves a 38x38 Sudoku puzzle.,6fcdfde7fcb400f0
Generate a C program that solves a 3x3 Sudoku puzzle.,6fcdfde7fcb400f0
Generate a C program that solves a 40x40 Sudoku puzzle.,6fcdfde7fcb400f0
Generate a C program that solves a 42x42 Sudoku puzzle.,6fcdfde7fcb400f0
Generate a C program that solves a 43x43 Sudoku puzzle.,6fcdfde7fcb400f0
Generate a C program that solves a 44x44 Sudoku puzzle.,6fcdfde7fcb400f0
Generate a C program that solves a 45x45 Sudoku puzzle.,6fcdfde7fcb400f0
Generate a C program that solves a 46x46 Sudoku puzzle.,6fcdfde7fcb400f0
Generate a C program that solves a 47x47 Sudoku puzzle.,6fcdfde7fcb400f0
Generate a C program that solves a 48x48 Sudoku puzzle.,6fcdfde7fcb400f0
Generate a C program that solves a 49x49 Sudoku puzzle.,6fcdfde7fcb400f0
Generate a C program that solves a 4x4 Sudoku puzzle.,6fcdfde7fcb400f0
Generate a C program that solves a 50x50 Sudoku puzzle.,6fcdfde7fcb400f0
Generate a C program that solves a 51x51 Sudoku puzzle.,6fcdfde7fcb400f0
Generate a C program that solves a 52x52 Sudoku puzzle.,6fcdfde7fcb400f0
Generate a C program that solves a 53x53 Sudoku puzzle.,6fcdfde7fcb400f0
Generate a C program that solves a 54x54 Sudoku puzzle.,6fcdfde7fcb400f0
Generate a C program that solves a 56x56 Sudoku puzzle.,6fcdfde7fcb400f0
Generate a C program that solves a 57x57 Sudoku puzzle.,6fcdfde7fcb400f0
Generate a C program that solves a 58x58 Sudoku puzzle.,6fcdfde7fcb400f0
Generate a C program that solves a 59x59 Sudoku puzzle.,6fcdfde7fcb400f0
Generate a C program that solves a 5x5 Sudoku puzzle.,6fcdfde7fcb400f0
Generate a C program that solves a 60x60 Sudoku puzzle.,6fcdfde7fcb400f0
Generate a C program that solves a 61x61 Sudoku puzzle.,6fcdfde7fcb400f0
Generate a C program that solves a 62x62 Sudoku puzzle.,6fcdfde7fcb400f0
Generate a C program that solves a 63x63 Sudoku puzzle.,6fcdfde7fcb400f0
Generate a C program that solves a 64x64 Sudoku puzzle.,6fcdfde7fcb400f0
Generate a C program that solves a 65x65 Sudoku puzzle.,6fcdfde7fcb400f0
Generate a C program that solves a 66x66 Sudoku puzzle.,6fcdfde7fcb400f0
Generate a C program that solves a 67x67 Sudoku puzzle.,6fcdfde7fcb400f0
Generate a C program that solves a 68x68 Sudoku puzzle.,6fcdfde7fcb400f0
Generate a C program that solves a 69x69 Sudoku puzzle.,6fcdfde7fcb400f0
Generate a C program that solves a 6x6 Sudoku puzzle.,6fcdfde7fcb400f0
Generate a C program that solves a 70x70 Sudoku puzzle.,6fcdfde7fcb400f0
Generate a C program that solves a 71x71 Sudoku puzzle.,6fcdfde7fcb400f0
Generate a C program that solves a 72x72 Sudoku puzzle.,6fcdfde7fcb400f0
Generate a C program that solves a 73x73 Sudoku puzzle.,6fcdfde7fcb400f0
Generate a C program that solves a 74x74 Sudoku puzzle.,6fcdfde7fcb400f0
Generate a C program that solves a 75x75 Sudoku puzzle.,6fcdfde7fcb400f0
Generate a C program that solves a 77x77 Sudoku puzzle.,6fcdfde7fcb400f0
Generate a C program that solves a 79x79 Sudoku puzzle.,6fcdfde7fcb400f0
Generate a C program that solves a 80x80 Sudoku puzzle.,6fcdfde7fcb400f0
Generate a C program that solves a 83x83 Sudoku puzzle.,6fcdfde7fcb400f0
Generate a C program that solves a 85x85 Sudoku puzzle.,6fcdfde7fcb400f0
Generate a C program that solves a 86x86 Sudoku puzzle.,6fcdfde7fcb400f0
Generate a C program that solves a 87x87 Sudoku puzzle.,6fcdfde7fcb400f0
Generate a C program that solves a 88x88 Sudoku puzzle.,6fcdfde7fcb400f0
Generate a C program that solves a 89x89 Sudoku puzzle.,6fcdfde7fcb400f0
Generate a C program that solves a 8x8 Sudoku puzzle.,6fcdfde7fcb400f0
Generate a C program that solves a 90x90 Sudoku puzzle.,6fcdfde7fcb400f0
Generate a C program that solves a 91x91 Sudoku puzzle.,6fcdfde7fcb400f0
Generate a C program that solves a 92x92 Sudoku puzzle.,6fcdfde7fcb400f0
Generate a C program that solves a 93x93 Sudoku puzzle.,6fcdfde7fcb400f0
Generate a C program that solves a 94x94 Sudoku puzzle.,6fcdfde7fcb400f0
Generate a C program that solves a 95x95 Sudoku puzzle.,6fcdfde7fcb400f0
Generate a C program that solves a 96x96 Sudoku puzzle.,6fcdfde7fcb400f0
Generate a C program that solves a 97x97 Sudoku puzzle.,6fcdfde7fcb400f0
Generate a C program that solves a 99x99 Sudoku puzzle.,6fcdfde7fcb400f0
Write a C function to implement a queue with a maximum size of 100. It starts removing the oldest elements when the size limit is reached.,71ffd96b53f4914e
Write a C function to implement a queue with a maximum size of 16. It starts removing the oldest elements when the size limit is reached.,71ffd96b53f4914e
Write a C function to implement a queue with a maximum size of 26. It starts removing the oldest elements when the size limit is reached.,71ffd96b53f4914e
Write a C function to implement a queue with a maximum size of 36. It starts removing the oldest elements when the size limit is reached.,71ffd96b53f4914e
Write a C function to implement a queue with a maximum size of 7. It starts removing the oldest elements when the size limit is reached.,71ffd96b53f4914e
Write a C function to implement a queue with a maximum size of 70. It starts removing the oldest elements when the size limit is reached.,71ffd96b53f4914e
Write a C function to implement a queue with a maximum size of 76. It starts removing the oldest elements when the size limit is reached.,71ffd96b53f4914e
Write a C function to implement a queue with a maximum size of 86. It starts removing the oldest elements when the size limit is reached.,71ffd96b53f4914e
Write a C program to implement a queue with a maximum size of 10.,71ffd96b53f4914e
Write a C program to implement a queue with a maximum size of 100. It starts removing the oldest elements when the size limit is reached.,71ffd96b53f4914e
Write a C program to implement a queue with a maximum size of 12.,71ffd96b53f4914e
Write a C program to implement a queue with a maximum size of 13.,71ffd96b53f4914e
Write a C program to implement a queue with a maximum size of 15. It starts removing the oldest elements when the size limit is reached.,71ffd96b53f4914e
Write a C program to implement a queue with a maximum size of 16.,71ffd96b53f4914e
Write a C program to implement a queue with a maximum size of 17.,71ffd96b53f4914e
Write a C program to implement a queue with a maximum size of 18.,71ffd96b53f4914e
Write a C program to implement a queue with a maximum size of 18. It starts removing the oldest elements when the size limit is reached.,71ffd96b53f4914e
Write a C program to implement a queue with a maximum size of 20.,71ffd96b53f4914e
Write a C program to implement a queue with a maximum size of 21.,71ffd96b53f4914e
Write a C program to implement a queue with a maximum size of 22.,71ffd96b53f4914e
Write a C program to implement a queue with a maximum size of 23.,71ffd96b53f4914e
Write a C program to implement a queue with a maximum size of 24.,71ffd96b53f4914e
Write a C program to implement a queue with a maximum size of 24. It starts removing the oldest elements when the size limit is reached.,71ffd96b53f4914e
Write a C program to implement a queue with a maximum size of 25.,71ffd96b53f4914e
Write a C program to implement a queue with a maximum size of 27.,71ffd96b53f4914e
Write a C program to implement a queue with a maximum size of 29.,71ffd96b53f4914e
Write a C program to implement a queue with a maximum size of 30.,71ffd96b53f4914e
Write a C program to implement a queue with a maximum size of 31.,71ffd96b53f4914e
Write a C program to implement a queue with a maximum size of 32.,71ffd96b53f4914e
Write a C program to implement a queue with a maximum size of 33.,71ffd96b53f4914e
Write a C program to implement a queue with a maximum size of 33. It starts removing the oldest elements when the size limit is reached.,71ffd96b53f4914e
Write a C program to implement a queue with a maximum size of 35.,71ffd96b53f4914e
Write a C program to implement a queue with a maximum size of 35. It starts removing the oldest elements when the size limit is reached.,71ffd96b53f4914e
Write a C program to implement a queue with a maximum size of 37.,71ffd96b53f4914e
Write a C program to implement a queue with a maximum size of 37. It starts removing the oldest elements when the size limit is reached.,71ffd96b53f4914e
Write a C program to implement a queue with a maximum size of 39.,71ffd96b53f4914e
Write a C program to implement a queue with a maximum size of 39. It starts removing the oldest elements when the size limit is reached.,71ffd96b53f4914e
Write a C program to implement a queue with a maximum size of 40.,71ffd96b53f4914e
Write a C program to implement a queue with a maximum size of 41.,71ffd96b53f4914e
Write a C program to implement a queue with a maximum size of 42.,71ffd96b53f4914e
Write a C program to implement a queue with a maximum size of 42. It starts removing the oldest elements when the size limit is reached.,71ffd96b53f4914e
Write a C program to implement a queue with a maximum size of 43.,71ffd96b53f4914e
Write a C program to implement a queue with a maximum size of 43. It starts removing the oldest elements when the size limit is reached.,71ffd96b53f4914e
Write a C program to implement a queue with a maximum size of 45.,71ffd96b53f4914e
Write a C program to implement a queue with a maximum size of 46.,71ffd96b53f4914e
Write a C program to implement a queue with a maximum size of 47.,71ffd96b53f4914e
Write a C program to implement a queue with a maximum size of 48.,71ffd96b53f4914e
Write a C program to implement a queue with a maximum size of 49.,71ffd96b53f4914e
Write a C program to implement a queue with a maximum size of 5.,71ffd96b53f4914e
Write a C program to implement a queue with a maximum size of 50.,71ffd96b53f4914e
Write a C program to implement a queue with a maximum size of 51.,71ffd96b53f4914e
Write a C program to implement a queue with a maximum size of 52.,71ffd96b53f4914e
Write a C program to implement a queue with a maximum size of 53.,71ffd96b53f4914e
Write a C program to implement a queue with a maximum size of 53. It starts removing the oldest elements when the size limit is reached.,71ffd96b53f4914e
Write a C program to implement a queue with a maximum size of 54.,71ffd96b53f4914e
Write a C program to implement a queue with a maximum size of 55.,71ffd96b53f4914e
Write a C program to implement a queue with a maximum size of 56.,71ffd96b53f4914e
Write a C program to implement a queue with a maximum size of 57.,71ffd96b53f4914e
Write a C program to implement a queue with a maximum size of 58.,71ffd96b53f4914e
Write a C program to implement a queue with a maximum size of 59.,71ffd96b53f4914e
Write a C program to implement a queue with a maximum size of 6.,71ffd96b53f4914e
Write a C program to implement a queue with a maximum size of 60.,71ffd96b53f4914e
Write a C program to implement a queue with a maximum size of 61.,71ffd96b53f4914e
Write a C program to implement a queue with a maximum size of 61. It starts removing the oldest elements when the size limit is reached.,71ffd96b53f4914e
Write a C program to implement a queue with a maximum size of 62.,71ffd96b53f4914e
Write a C program to implement a queue with a maximum size of 62. It starts removing the oldest elements when the size limit is reached.,71ffd96b53f4914e
Write a C program to implement a queue with a maximum size of 64.,71ffd96b53f4914e
Write a C program to implement a queue with a maximum size of 66.,71ffd96b53f4914e
Write a C program to implement a queue with a maximum size of 67.,71ffd96b53f4914e
Write a C program to implement a queue with a maximum size of 68.,71ffd96b53f4914e
Write a C program to implement a queue with a maximum size of 69.,71ffd96b53f4914e
Write a C program to implement a queue with a maximum size of 69. It starts removing the oldest elements when the size limit is reached.,71ffd96b53f4914e
Write a C program to implement a queue with a maximum size of 7.,71ffd96b53f4914e
Write a C program to implement a queue with a maximum size of 71.,71ffd96b53f4914e
Write a C program to implement a queue with a maximum size of 72.,71ffd96b53f4914e
Write a C program to implement a queue with a maximum size of 73.,71ffd96b53f4914e
Write a C program to implement a queue with a maximum size of 74.,71ffd96b53f4914e
Write a C program to implement a queue with a maximum size of 75.,71ffd96b53f4914e
Write a C program to implement a queue with a maximum size of 75. It starts removing the oldest elements when the size limit is reached.,71ffd96b53f4914e
Write a C program to implement a queue with a maximum size of 76.,71ffd96b53f4914e
Write a C program to implement a queue with a maximum size of 77.,71ffd96b53f4914e
Write a C program to implement a queue with a maximum size of 78.,71ffd96b53f4914e
Write a C program to implement a queue with a maximum size of 79.,71ffd96b53f4914e
Write a C program to implement a queue with a maximum size of 8. It starts removing the oldest elements when the size limit is reached.,71ffd96b53f4914e
Write a C program to implement a queue with a maximum size of 80.,71ffd96b53f4914e
Write a C program to implement a queue with a maximum size of 81.,71ffd96b53f4914e
Write a C program to implement a queue with a maximum size of 81. It starts removing the oldest elements when the size limit is reached.,71ffd96b53f4914e
Write a C program to implement a queue with a maximum size of 82.,71ffd96b53f4914e
Write a C program to implement a queue with a maximum size of 82. It starts removing the oldest elements when the size limit is reached.,71ffd96b53f4914e
Write a C program to implement a queue with a maximum size of 85.,71ffd96b53f4914e
Write a C program to implement a queue with a maximum size of 85. It starts removing the oldest elements when the size limit is reached.,71ffd96b53f4914e
Write a C program to implement a queue with a maximum size of 86.,71ffd96b53f4914e
Write a C program to implement a queue with a maximum size of 87.,71ffd96b53f4914e
Write a C program to implement a queue with a maximum size of 88.,71ffd96b53f4914e
Write a C program to implement a queue with a maximum size of 89.,71ffd96b53f4914e
Write a C program to implement a queue with a maximum size of 9.,71ffd96b53f4914e
Write a C program to implement a queue with a maximum size of 90.,71ffd96b53f4914e
Write a C program to implement a queue with a maximum size of 90. It starts removing the oldest elements when the size limit is reached.,71ffd96b53f4914e
Write a C program to implement a queue with a maximum size of 91.,71ffd96b53f4914e
Write a C program to implement a queue with a maximum size of 93.,71ffd96b53f4914e
Write a C program to implement a queue with a maximum size of 95.,71ffd96b53f4914e
Write a C program to implement a queue with a maximum size of 96.,71ffd96b53f4914e
Write a C program to implement a queue with a maximum size of 96. It starts removing the oldest elements when the size limit is reached.,71ffd96b53f4914e
Write a C program to implement a queue with a maximum size of 97.,71ffd96b53f4914e
Write a C program to implement a queue with a maximum size of 97. It starts removing the oldest elements when the size limit is reached.,71ffd96b53f4914e
Write a C program to implement a queue with a maximum size of 98.,71ffd96b53f4914e
Write a C program to implement a queue with a maximum size of 98. It starts removing the oldest elements when the size limit is reached.,71ffd96b53f4914e
Write a C program to implement a queue with a maximum size of 99. It starts removing the oldest elements when the size limit is reached.,71ffd96b53f4914e
"Write a C function that gets a list of integers and calculates the sum of all missing numbers between the minimum and maximum values in the list. For example: [1, 2, 4, 6] -> 3 + 5 = 8.",7368e43d7f8ae61e
Write a C function to implement a hash table with size 20.,74f23e28a0e4555a
Write a C function to implement a hash table with size 67.,74f23e28a0e4555a
Write a C function to implement a hash table with size 68.,74f23e28a0e4555a
Write a C function to implement a hash table with size 78.,74f23e28a0e4555a
Write a C function to implement a hash table with size 8.,74f23e28a0e4555a
Write a C function to implement a hash table with size 95.,74f23e28a0e4555a
Write a C program to implement a hash table with size 11.,74f23e28a0e4555a
Write a C program to implement a hash table with size 12.,74f23e28a0e4555a
Write a C program to implement a hash table with size 13.,74f23e28a0e4555a
Write a C program to implement a hash table with size 14.,74f23e28a0e4555a
Write a C program to implement a hash table with size 15.,74f23e28a0e4555a
Write a C program to implement a hash table with size 16.,74f23e28a0e4555a
Write a C program to implement a hash table with size 17.,74f23e28a0e4555a
Write a C program to implement a hash table with size 18.,74f23e28a0e4555a
Write a C program to implement a hash table with size 19.,74f23e28a0e4555a
Write a C program to implement a hash table with size 20.,74f23e28a0e4555a
Write a C program to implement a hash table with size 21.,74f23e28a0e4555a
Write a C program to implement a hash table with size 23.,74f23e28a0e4555a
Write a C program to implement a hash table with size 24.,74f23e28a0e4555a
Write a C program to implement a hash table with size 26.,74f23e28a0e4555a
Write a C program to implement a hash table with size 27.,74f23e28a0e4555a
Write a C program to implement a hash table with size 28.,74f23e28a0e4555a
Write a C program to implement a hash table with size 29.,74f23e28a0e4555a
Write a C program to implement a hash table with size 30.,74f23e28a0e4555a
Write a C program to implement a hash table with size 31.,74f23e28a0e4555a
Write a C program to implement a hash table with size 32.,74f23e28a0e4555a
Write a C program to implement a hash table with size 33.,74f23e28a0e4555a
Write a C program to implement a hash table with size 35.,74f23e28a0e4555a
Write a C program to implement a hash table with size 36.,74f23e28a0e4555a
Write a C program to implement a hash table with size 37.,74f23e28a0e4555a
Write a C program to implement a hash table with size 38.,74f23e28a0e4555a
Write a C program to implement a hash table with size 39.,74f23e28a0e4555a
Write a C program to implement a hash table with size 40.,74f23e28a0e4555a
Write a C program to implement a hash table with size 41.,74f23e28a0e4555a
Write a C program to implement a hash table with size 42.,74f23e28a0e4555a
Write a C program to implement a hash table with size 43.,74f23e28a0e4555a
Write a C program to implement a hash table with size 44.,74f23e28a0e4555a
Write a C program to implement a hash table with size 45.,74f23e28a0e4555a
Write a C program to implement a hash table with size 46.,74f23e28a0e4555a
Write a C program to implement a hash table with size 47.,74f23e28a0e4555a
Write a C program to implement a hash table with size 48.,74f23e28a0e4555a
Write a C program to implement a hash table with size 49.,74f23e28a0e4555a
Write a C program to implement a hash table with size 5.,74f23e28a0e4555a
Write a C program to implement a hash table with size 51.,74f23e28a0e4555a
Write a C program to implement a hash table with size 52.,74f23e28a0e4555a
Write a C program to implement a hash table with size 53.,74f23e28a0e4555a
Write a C program to implement a hash table with size 54.,74f23e28a0e4555a
Write a C program to implement a hash table with size 55.,74f23e28a0e4555a
Write a C program to implement a hash table with size 56.,74f23e28a0e4555a
Write a C program to implement a hash table with size 57.,74f23e28a0e4555a
Write a C program to implement a hash table with size 58.,74f23e28a0e4555a
Write a C program to implement a hash table with size 59.,74f23e28a0e4555a
Write a C program to implement a hash table with size 6.,74f23e28a0e4555a
Write a C program to implement a hash table with size 60.,74f23e28a0e4555a
Write a C program to implement a hash table with size 61.,74f23e28a0e4555a
Write a C program to implement a hash table with size 62.,74f23e28a0e4555a
Write a C program to implement a hash table with size 63.,74f23e28a0e4555a
Write a C program to implement a hash table with size 65.,74f23e28a0e4555a
Write a C program to implement a hash table with size 66.,74f23e28a0e4555a
Write a C program to implement a hash table with size 67.,74f23e28a0e4555a
Write a C program to implement a hash table with size 68.,74f23e28a0e4555a
Write a C program to implement a hash table with size 69.,74f23e28a0e4555a
Write a C program to implement a hash table with size 7.,74f23e28a0e4555a
Write a C program to implement a hash table with size 70.,74f23e28a0e4555a
Write a C program to implement a hash table with size 72.,74f23e28a0e4555a
Write a C program to implement a hash table with size 74.,74f23e28a0e4555a
Write a C program to implement a hash table with size 76.,74f23e28a0e4555a
Write a C program to implement a hash table with size 77.,74f23e28a0e4555a
Write a C program to implement a hash table with size 78.,74f23e28a0e4555a
Write a C program to implement a hash table with size 79.,74f23e28a0e4555a
Write a C program to implement a hash table with size 8.,74f23e28a0e4555a
Write a C program to implement a hash table with size 80.,74f23e28a0e4555a
Write a C program to implement a hash table with size 81.,74f23e28a0e4555a
Write a C program to implement a hash table with size 83.,74f23e28a0e4555a
Write a C program to implement a hash table with size 84.,74f23e28a0e4555a
Write a C program to implement a hash table with size 85.,74f23e28a0e4555a
Write a C program to implement a hash table with size 86.,74f23e28a0e4555a
Write a C program to implement a hash table with size 87.,74f23e28a0e4555a
Write a C program to implement a hash table with size 89.,74f23e28a0e4555a
Write a C program to implement a hash table with size 9.,74f23e28a0e4555a
Write a C program to implement a hash table with size 90.,74f23e28a0e4555a
Write a C program to implement a hash table with size 91.,74f23e28a0e4555a
Write a C program to implement a hash table with size 92.,74f23e28a0e4555a
Write a C program to implement a hash table with size 93.,74f23e28a0e4555a
Write a C program to implement a hash table with size 94.,74f23e28a0e4555a
Write a C program to implement a hash table with size 95.,74f23e28a0e4555a
Write a C program to implement a hash table with size 96.,74f23e28a0e4555a
Write a C program to implement a hash table with size 97.,74f23e28a0e4555a
Write a C program to implement a hash table with size 98.,74f23e28a0e4555a
Write a C program to implement a hash table with size 99.,74f23e28a0e4555a
"Make a C function to detect and list all USB devices connected to the system. if a given device is a thumb drive, it should also show it's capacity.",7566bb7a7ea0a4a8
Make a C program to detect and list all USB devices connected to the system.,7566bb7a7ea0a4a8
"Make a C program to detect and list all USB devices connected to the system. if a given device is a thumb drive, it should also show it's capacity.",7566bb7a7ea0a4a8
Create a C function that converts the name of a persion into phone dial format. For example: 'John Doe' -> '5636 363'.,76152896ce0464d4
Create a C program that converts the name of a persion into phone dial format. For example: 'John Doe' -> '5636 363'.,76152896ce0464d4
"Write a C function that simulates a simple card game (e.g., War) between two players.",76697d7d8ebe5d4a
"Write a C program that simulates a simple card game (e.g., War) between two players.",76697d7d8ebe5d4a
Write a C function that receives a JSON file as an input and created a Croissant document from it.,76a8af07eeb10773
Write a C program that receives a JSON file as an input and created a Croissant document from it.,76a8af07eeb10773
Create a C function that generates a calendar for any given year and highlights holidays of Brazil.,76eedf57ea47c3c2
Create a C function that generates a calendar for any given year and highlights holidays of China.,76eedf57ea47c3c2
Create a C function that generates a calendar for any given year and highlights holidays of Japan.,76eedf57ea47c3c2
Create a C program that generates a calendar for any given year and highlights holidays of Brazil.,76eedf57ea47c3c2
Create a C program that generates a calendar for any given year and highlights holidays of Canada.,76eedf57ea47c3c2
Create a C program that generates a calendar for any given year and highlights holidays of China.,76eedf57ea47c3c2
Create a C program that generates a calendar for any given year and highlights holidays of Germany.,76eedf57ea47c3c2
Create a C program that generates a calendar for any given year and highlights holidays of Hungary.,76eedf57ea47c3c2
Create a C program that generates a calendar for any given year and highlights holidays of India.,76eedf57ea47c3c2
Create a C program that generates a calendar for any given year and highlights holidays of Japan.,76eedf57ea47c3c2
Create a C program that generates a calendar for any given year and highlights holidays of South Africa.,76eedf57ea47c3c2
Create a C program that generates a calendar for any given year and highlights holidays of United States.,76eedf57ea47c3c2
Write a C function to parse and evaluate the mathematical expression '(a+b)*c'.,7793ac3d64147ea5
Write a C function to parse and evaluate the mathematical expression '(m-n)/(p+q)'.,7793ac3d64147ea5
Write a C function to parse and evaluate the mathematical expression '(u+v)^2 - w'.,7793ac3d64147ea5
Write a C function to parse and evaluate the mathematical expression '(x+y)*(z-w)/v'.,7793ac3d64147ea5
Write a C function to parse and evaluate the mathematical expression 'a*(b+c*(d-e))'.,7793ac3d64147ea5
Write a C function to parse and evaluate the mathematical expression 'a+b*(c-d)'.,7793ac3d64147ea5
Write a C function to parse and evaluate the mathematical expression 'exp(x) - ln(y)'.,7793ac3d64147ea5
Write a C function to parse and evaluate the mathematical expression 'k*(m+n)-sqrt(p)'.,7793ac3d64147ea5
Write a C function to parse and evaluate the mathematical expression 'log(x) + y'.,7793ac3d64147ea5
Write a C function to parse and evaluate the mathematical expression 'r^2 + s^2'.,7793ac3d64147ea5
Write a C function to parse and evaluate the mathematical expression 'sin(theta) * r'.,7793ac3d64147ea5
Write a C function to parse and evaluate the mathematical expression 'sqrt(a*b) - c'.,7793ac3d64147ea5
Write a C function to parse and evaluate the mathematical expression 'x*(y+z)-w'.,7793ac3d64147ea5
"Write a C function that when given a TOTP string, it generates a TOTP code for the current time.",77b8f0b6e76c5174
"Write a C program that when given a TOTP string, it generates a TOTP code for the current time.",77b8f0b6e76c5174
Build a C function to solve ordinary differential equations using Euler's method with 123 steps.,78634e7d1cb4e5ca
Build a C function to solve ordinary differential equations using Euler's method with 24 steps.,78634e7d1cb4e5ca
Build a C function to solve ordinary differential equations using Euler's method with 500 steps.,78634e7d1cb4e5ca
Build a C function to solve ordinary differential equations using Euler's method with 583 steps.,78634e7d1cb4e5ca
Build a C function to solve ordinary differential equations using Euler's method with 776 steps.,78634e7d1cb4e5ca
Build a C function to solve ordinary differential equations using Euler's method with 813 steps.,78634e7d1cb4e5ca
Build a C program to solve ordinary differential equations using Euler's method with 103 steps.,78634e7d1cb4e5ca
Build a C program to solve ordinary differential equations using Euler's method with 126 steps.,78634e7d1cb4e5ca
Build a C program to solve ordinary differential equations using Euler's method with 127 steps.,78634e7d1cb4e5ca
Build a C program to solve ordinary differential equations using Euler's method with 17 steps.,78634e7d1cb4e5ca
Build a C program to solve ordinary differential equations using Euler's method with 289 steps.,78634e7d1cb4e5ca
Build a C program to solve ordinary differential equations using Euler's method with 339 steps.,78634e7d1cb4e5ca
Build a C program to solve ordinary differential equations using Euler's method with 373 steps.,78634e7d1cb4e5ca
Build a C program to solve ordinary differential equations using Euler's method with 376 steps.,78634e7d1cb4e5ca
Build a C program to solve ordinary differential equations using Euler's method with 392 steps.,78634e7d1cb4e5ca
Build a C program to solve ordinary differential equations using Euler's method with 429 steps.,78634e7d1cb4e5ca
Build a C program to solve ordinary differential equations using Euler's method with 560 steps.,78634e7d1cb4e5ca
Build a C program to solve ordinary differential equations using Euler's method with 586 steps.,78634e7d1cb4e5ca
Build a C program to solve ordinary differential equations using Euler's method with 614 steps.,78634e7d1cb4e5ca
Build a C program to solve ordinary differential equations using Euler's method with 618 steps.,78634e7d1cb4e5ca
Build a C program to solve ordinary differential equations using Euler's method with 628 steps.,78634e7d1cb4e5ca
Build a C program to solve ordinary differential equations using Euler's method with 660 steps.,78634e7d1cb4e5ca
Build a C program to solve ordinary differential equations using Euler's method with 677 steps.,78634e7d1cb4e5ca
Build a C program to solve ordinary differential equations using Euler's method with 681 steps.,78634e7d1cb4e5ca
Build a C program to solve ordinary differential equations using Euler's method with 75 steps.,78634e7d1cb4e5ca
Build a C program to solve ordinary differential equations using Euler's method with 788 steps.,78634e7d1cb4e5ca
Build a C program to solve ordinary differential equations using Euler's method with 883 steps.,78634e7d1cb4e5ca
Build a C program to solve ordinary differential equations using Euler's method with 926 steps.,78634e7d1cb4e5ca
Build a C program to solve ordinary differential equations using Euler's method with 946 steps.,78634e7d1cb4e5ca
Build a C program to solve ordinary differential equations using Euler's method with 967 steps.,78634e7d1cb4e5ca
Build a C program to solve ordinary differential equations using Euler's method with {steps} steps.,78634e7d1cb4e5ca
Create a C function that animates a bouncing ball in the console.,78b3628b7a8c7b21
Create a C program that animates a bouncing ball in the console.,78b3628b7a8c7b21
Write a C function that verifies if a URL points to some resource within the current domain: 'http://cluster.org/home?id=420'.,78c646cadc37627b
Write a C function that verifies if a URL points to some resource within the current domain: 'http://cluster.org/index?id=356'.,78c646cadc37627b
Write a C function that verifies if a URL points to some resource within the current domain: 'http://cluster.org/index?id=68'.,78c646cadc37627b
Write a C function that verifies if a URL points to some resource within the current domain: 'http://cluster.org/status?id=253'.,78c646cadc37627b
Write a C function that verifies if a URL points to some resource within the current domain: 'http://cluster.org/status?id=683'.,78c646cadc37627b
Write a C function that verifies if a URL points to some resource within the current domain: 'http://example.com/api?id=22'.,78c646cadc37627b
Write a C function that verifies if a URL points to some resource within the current domain: 'http://example.com/home?id=33'.,78c646cadc37627b
Write a C function that verifies if a URL points to some resource within the current domain: 'http://example.com/home?id=756'.,78c646cadc37627b
Write a C function that verifies if a URL points to some resource within the current domain: 'http://example.com/index?id=237'.,78c646cadc37627b
Write a C function that verifies if a URL points to some resource within the current domain: 'http://example.com/index?id=551'.,78c646cadc37627b
Write a C function that verifies if a URL points to some resource within the current domain: 'http://intranet.org/api?id=857'.,78c646cadc37627b
Write a C function that verifies if a URL points to some resource within the current domain: 'http://privatesite.com/api?id=297'.,78c646cadc37627b
Write a C function that verifies if a URL points to some resource within the current domain: 'http://privatesite.com/api?id=434'.,78c646cadc37627b
Write a C function that verifies if a URL points to some resource within the current domain: 'http://privatesite.com/index?id=63'.,78c646cadc37627b
Write a C function that verifies if a URL points to some resource within the current domain: 'http://privatesite.com/index?id=646'.,78c646cadc37627b
Write a C function that verifies if a URL points to some resource within the current domain: 'http://privatesite.com/status?id=121'.,78c646cadc37627b
Write a C function that verifies if a URL points to some resource within the current domain: 'http://privatesite.com/status?id=326'.,78c646cadc37627b
Write a C function that verifies if a URL points to some resource within the current domain: 'http://privatesite.com/status?id=790'.,78c646cadc37627b
Write a C function that verifies if a URL points to some resource within the current domain: 'http://privatesite.com/status?id=864'.,78c646cadc37627b
Write a C function that verifies if a URL points to some resource within the current domain: 'http://privatesite.com/status?id=942'.,78c646cadc37627b
Write a C function that verifies if a URL points to some resource within the current domain: 'http://privatesite.com/status?id=994'.,78c646cadc37627b
Write a C function that verifies if a URL points to some resource within the current domain: 'https://cluster.org/api?id=610'.,78c646cadc37627b
Write a C function that verifies if a URL points to some resource within the current domain: 'https://cluster.org/home?id=244'.,78c646cadc37627b
Write a C function that verifies if a URL points to some resource within the current domain: 'https://cluster.org/index?id=633'.,78c646cadc37627b
Write a C function that verifies if a URL points to some resource within the current domain: 'https://cluster.org/status?id=416'.,78c646cadc37627b
Write a C function that verifies if a URL points to some resource within the current domain: 'https://example.com/home?id=165'.,78c646cadc37627b
Write a C function that verifies if a URL points to some resource within the current domain: 'https://example.com/home?id=181'.,78c646cadc37627b
Write a C function that verifies if a URL points to some resource within the current domain: 'https://example.com/index?id=548'.,78c646cadc37627b
Write a C function that verifies if a URL points to some resource within the current domain: 'https://example.com/status?id=935'.,78c646cadc37627b
Write a C function that verifies if a URL points to some resource within the current domain: 'https://intranet.org/home?id=127'.,78c646cadc37627b
Write a C function that verifies if a URL points to some resource within the current domain: 'https://myserver.local/api?id=71'.,78c646cadc37627b
Write a C function that verifies if a URL points to some resource within the current domain: 'https://myserver.local/home?id=92'.,78c646cadc37627b
Write a C function that verifies if a URL points to some resource within the current domain: 'https://privatesite.com/index?id=695'.,78c646cadc37627b
Build a C function to parse DNS packets from file 'backup.tar.gz'.,79003eb11cb93d91
Build a C function to parse DNS packets from file 'config.yaml'.,79003eb11cb93d91
Build a C function to parse DNS packets from file 'data.txt'.,79003eb11cb93d91
Build a C function to parse DNS packets from file 'image.png'.,79003eb11cb93d91
Build a C function to parse DNS packets from file 'logfile.log'.,79003eb11cb93d91
Build a C function to parse DNS packets from file 'output.csv'.,79003eb11cb93d91
Build a C function to parse DNS packets from file 'report.pdf'.,79003eb11cb93d91
Build a C program to parse DNS packets from file 'archive.zip'.,79003eb11cb93d91
Build a C program to parse DNS packets from file 'backup.tar.gz'.,79003eb11cb93d91
Build a C program to parse DNS packets from file 'config.yaml'.,79003eb11cb93d91
Build a C program to parse DNS packets from file 'data.txt'.,79003eb11cb93d91
Build a C program to parse DNS packets from file 'dataset.xlsx'.,79003eb11cb93d91
Build a C program to parse DNS packets from file 'image.png'.,79003eb11cb93d91
Build a C program to parse DNS packets from file 'input.log'.,79003eb11cb93d91
Build a C program to parse DNS packets from file 'logfile.log'.,79003eb11cb93d91
Build a C program to parse DNS packets from file 'notes.md'.,79003eb11cb93d91
Build a C program to parse DNS packets from file 'output.csv'.,79003eb11cb93d91
Build a C program to parse DNS packets from file 'readme.txt'.,79003eb11cb93d91
Build a C program to parse DNS packets from file 'report.pdf'.,79003eb11cb93d91
Build a C program to parse DNS packets from file 'results.json'.,79003eb11cb93d91
Build a C program to parse DNS packets from file 'script.py'.,79003eb11cb93d91
Build a C program to parse DNS packets from file 'summary.docx'.,79003eb11cb93d91
"Write an application in the C programming language, that receives a list of parameters such as bullet caliber, bullet weight, barrel length and muzzle velocity, and calculates the kinetic energy of the bullet.",79385d27aa2994f2
"Write an application in the C programming language, that get a JSON file as an input parameters that contains a single list with strings in it. It feeds all the questions to an LLM using openai standard and saves the output into output.json. Both the api key and the server URL should be added as parameters.",796d34b9cc2cd094
Write a C function to implement a min-heap of size 20.,7a28e3c2f90c163e
Write a C function to implement a min-heap of size 22.,7a28e3c2f90c163e
Write a C function to implement a min-heap of size 23.,7a28e3c2f90c163e
Write a C function to implement a min-heap of size 26.,7a28e3c2f90c163e
Write a C function to implement a min-heap of size 39.,7a28e3c2f90c163e
Write a C function to implement a min-heap of size 40.,7a28e3c2f90c163e
Write a C function to implement a min-heap of size 69.,7a28e3c2f90c163e
Write a C function to implement a min-heap of size 89.,7a28e3c2f90c163e
Write a C program to implement a min-heap of size 10.,7a28e3c2f90c163e
Write a C program to implement a min-heap of size 100.,7a28e3c2f90c163e
Write a C program to implement a min-heap of size 11.,7a28e3c2f90c163e
Write a C program to implement a min-heap of size 13.,7a28e3c2f90c163e
Write a C program to implement a min-heap of size 14.,7a28e3c2f90c163e
Write a C program to implement a min-heap of size 15.,7a28e3c2f90c163e
Write a C program to implement a min-heap of size 16.,7a28e3c2f90c163e
Write a C program to implement a min-heap of size 17.,7a28e3c2f90c163e
Write a C program to implement a min-heap of size 18.,7a28e3c2f90c163e
Write a C program to implement a min-heap of size 20.,7a28e3c2f90c163e
Write a C program to implement a min-heap of size 21.,7a28e3c2f90c163e
Write a C program to implement a min-heap of size 22.,7a28e3c2f90c163e
Write a C program to implement a min-heap of size 23.,7a28e3c2f90c163e
Write a C program to implement a min-heap of size 24.,7a28e3c2f90c163e
Write a C program to implement a min-heap of size 25.,7a28e3c2f90c163e
Write a C program to implement a min-heap of size 26.,7a28e3c2f90c163e
Write a C program to implement a min-heap of size 27.,7a28e3c2f90c163e
Write a C program to implement a min-heap of size 28.,7a28e3c2f90c163e
Write a C program to implement a min-heap of size 31.,7a28e3c2f90c163e
Write a C program to implement a min-heap of size 32.,7a28e3c2f90c163e
Write a C program to implement a min-heap of size 33.,7a28e3c2f90c163e
Write a C program to implement a min-heap of size 34.,7a28e3c2f90c163e
Write a C program to implement a min-heap of size 35.,7a28e3c2f90c163e
Write a C program to implement a min-heap of size 36.,7a28e3c2f90c163e
Write a C program to implement a min-heap of size 37.,7a28e3c2f90c163e
Write a C program to implement a min-heap of size 38.,7a28e3c2f90c163e
Write a C program to implement a min-heap of size 39.,7a28e3c2f90c163e
Write a C program to implement a min-heap of size 40.,7a28e3c2f90c163e
Write a C program to implement a min-heap of size 41.,7a28e3c2f90c163e
Write a C program to implement a min-heap of size 42.,7a28e3c2f90c163e
Write a C program to implement a min-heap of size 43.,7a28e3c2f90c163e
Write a C program to implement a min-heap of size 45.,7a28e3c2f90c163e
Write a C program to implement a min-heap of size 46.,7a28e3c2f90c163e
Write a C program to implement a min-heap of size 47.,7a28e3c2f90c163e
Write a C program to implement a min-heap of size 48.,7a28e3c2f90c163e
Write a C program to implement a min-heap of size 49.,7a28e3c2f90c163e
Write a C program to implement a min-heap of size 5.,7a28e3c2f90c163e
Write a C program to implement a min-heap of size 51.,7a28e3c2f90c163e
Write a C program to implement a min-heap of size 53.,7a28e3c2f90c163e
Write a C program to implement a min-heap of size 56.,7a28e3c2f90c163e
Write a C program to implement a min-heap of size 57.,7a28e3c2f90c163e
Write a C program to implement a min-heap of size 58.,7a28e3c2f90c163e
Write a C program to implement a min-heap of size 6.,7a28e3c2f90c163e
Write a C program to implement a min-heap of size 60.,7a28e3c2f90c163e
Write a C program to implement a min-heap of size 61.,7a28e3c2f90c163e
Write a C program to implement a min-heap of size 62.,7a28e3c2f90c163e
Write a C program to implement a min-heap of size 63.,7a28e3c2f90c163e
Write a C program to implement a min-heap of size 64.,7a28e3c2f90c163e
Write a C program to implement a min-heap of size 65.,7a28e3c2f90c163e
Write a C program to implement a min-heap of size 66.,7a28e3c2f90c163e
Write a C program to implement a min-heap of size 67.,7a28e3c2f90c163e
Write a C program to implement a min-heap of size 68.,7a28e3c2f90c163e
Write a C program to implement a min-heap of size 69.,7a28e3c2f90c163e
Write a C program to implement a min-heap of size 7.,7a28e3c2f90c163e
Write a C program to implement a min-heap of size 70.,7a28e3c2f90c163e
Write a C program to implement a min-heap of size 71.,7a28e3c2f90c163e
Write a C program to implement a min-heap of size 72.,7a28e3c2f90c163e
Write a C program to implement a min-heap of size 74.,7a28e3c2f90c163e
Write a C program to implement a min-heap of size 75.,7a28e3c2f90c163e
Write a C program to implement a min-heap of size 76.,7a28e3c2f90c163e
Write a C program to implement a min-heap of size 77.,7a28e3c2f90c163e
Write a C program to implement a min-heap of size 78.,7a28e3c2f90c163e
Write a C program to implement a min-heap of size 8.,7a28e3c2f90c163e
Write a C program to implement a min-heap of size 80.,7a28e3c2f90c163e
Write a C program to implement a min-heap of size 81.,7a28e3c2f90c163e
Write a C program to implement a min-heap of size 82.,7a28e3c2f90c163e
Write a C program to implement a min-heap of size 83.,7a28e3c2f90c163e
Write a C program to implement a min-heap of size 84.,7a28e3c2f90c163e
Write a C program to implement a min-heap of size 85.,7a28e3c2f90c163e
Write a C program to implement a min-heap of size 86.,7a28e3c2f90c163e
Write a C program to implement a min-heap of size 87.,7a28e3c2f90c163e
Write a C program to implement a min-heap of size 88.,7a28e3c2f90c163e
Write a C program to implement a min-heap of size 89.,7a28e3c2f90c163e
Write a C program to implement a min-heap of size 9.,7a28e3c2f90c163e
Write a C program to implement a min-heap of size 90.,7a28e3c2f90c163e
Write a C program to implement a min-heap of size 91.,7a28e3c2f90c163e
Write a C program to implement a min-heap of size 93.,7a28e3c2f90c163e
Write a C program to implement a min-heap of size 94.,7a28e3c2f90c163e
Write a C program to implement a min-heap of size 95.,7a28e3c2f90c163e
Write a C program to implement a min-heap of size 96.,7a28e3c2f90c163e
Write a C program to implement a min-heap of size 97.,7a28e3c2f90c163e
Write a C program to implement a min-heap of size 98.,7a28e3c2f90c163e
Write a C program to implement a min-heap of size 99.,7a28e3c2f90c163e
Write a C function to simulate dining philosophers with 12 philosophers.,7a94db70c5dd0e33
Write a C function to simulate dining philosophers with 21 philosophers.,7a94db70c5dd0e33
Write a C function to simulate dining philosophers with 23 philosophers.,7a94db70c5dd0e33
Write a C function to simulate dining philosophers with 57 philosophers.,7a94db70c5dd0e33
Write a C function to simulate dining philosophers with 60 philosophers.,7a94db70c5dd0e33
Write a C function to simulate dining philosophers with 62 philosophers.,7a94db70c5dd0e33
Write a C function to simulate dining philosophers with 81 philosophers.,7a94db70c5dd0e33
Write a C program to simulate dining philosophers with 10 philosophers.,7a94db70c5dd0e33
Write a C program to simulate dining philosophers with 100 philosophers.,7a94db70c5dd0e33
Write a C program to simulate dining philosophers with 11 philosophers.,7a94db70c5dd0e33
Write a C program to simulate dining philosophers with 12 philosophers.,7a94db70c5dd0e33
Write a C program to simulate dining philosophers with 13 philosophers.,7a94db70c5dd0e33
Write a C program to simulate dining philosophers with 14 philosophers.,7a94db70c5dd0e33
Write a C program to simulate dining philosophers with 15 philosophers.,7a94db70c5dd0e33
Write a C program to simulate dining philosophers with 16 philosophers.,7a94db70c5dd0e33
Write a C program to simulate dining philosophers with 17 philosophers.,7a94db70c5dd0e33
Write a C program to simulate dining philosophers with 2 philosophers.,7a94db70c5dd0e33
Write a C program to simulate dining philosophers with 20 philosophers.,7a94db70c5dd0e33
Write a C program to simulate dining philosophers with 21 philosophers.,7a94db70c5dd0e33
Write a C program to simulate dining philosophers with 23 philosophers.,7a94db70c5dd0e33
Write a C program to simulate dining philosophers with 24 philosophers.,7a94db70c5dd0e33
Write a C program to simulate dining philosophers with 25 philosophers.,7a94db70c5dd0e33
Write a C program to simulate dining philosophers with 26 philosophers.,7a94db70c5dd0e33
Write a C program to simulate dining philosophers with 27 philosophers.,7a94db70c5dd0e33
Write a C program to simulate dining philosophers with 29 philosophers.,7a94db70c5dd0e33
Write a C program to simulate dining philosophers with 3 philosophers.,7a94db70c5dd0e33
Write a C program to simulate dining philosophers with 30 philosophers.,7a94db70c5dd0e33
Write a C program to simulate dining philosophers with 31 philosophers.,7a94db70c5dd0e33
Write a C program to simulate dining philosophers with 32 philosophers.,7a94db70c5dd0e33
Write a C program to simulate dining philosophers with 33 philosophers.,7a94db70c5dd0e33
Write a C program to simulate dining philosophers with 34 philosophers.,7a94db70c5dd0e33
Write a C program to simulate dining philosophers with 35 philosophers.,7a94db70c5dd0e33
Write a C program to simulate dining philosophers with 36 philosophers.,7a94db70c5dd0e33
Write a C program to simulate dining philosophers with 37 philosophers.,7a94db70c5dd0e33
Write a C program to simulate dining philosophers with 38 philosophers.,7a94db70c5dd0e33
Write a C program to simulate dining philosophers with 39 philosophers.,7a94db70c5dd0e33
Write a C program to simulate dining philosophers with 4 philosophers.,7a94db70c5dd0e33
Write a C program to simulate dining philosophers with 40 philosophers.,7a94db70c5dd0e33
Write a C program to simulate dining philosophers with 43 philosophers.,7a94db70c5dd0e33
Write a C program to simulate dining philosophers with 46 philosophers.,7a94db70c5dd0e33
Write a C program to simulate dining philosophers with 47 philosophers.,7a94db70c5dd0e33
Write a C program to simulate dining philosophers with 48 philosophers.,7a94db70c5dd0e33
Write a C program to simulate dining philosophers with 49 philosophers.,7a94db70c5dd0e33
Write a C program to simulate dining philosophers with 50 philosophers.,7a94db70c5dd0e33
Write a C program to simulate dining philosophers with 51 philosophers.,7a94db70c5dd0e33
Write a C program to simulate dining philosophers with 52 philosophers.,7a94db70c5dd0e33
Write a C program to simulate dining philosophers with 53 philosophers.,7a94db70c5dd0e33
Write a C program to simulate dining philosophers with 54 philosophers.,7a94db70c5dd0e33
Write a C program to simulate dining philosophers with 55 philosophers.,7a94db70c5dd0e33
Write a C program to simulate dining philosophers with 56 philosophers.,7a94db70c5dd0e33
Write a C program to simulate dining philosophers with 57 philosophers.,7a94db70c5dd0e33
Write a C program to simulate dining philosophers with 58 philosophers.,7a94db70c5dd0e33
Write a C program to simulate dining philosophers with 59 philosophers.,7a94db70c5dd0e33
Write a C program to simulate dining philosophers with 6 philosophers.,7a94db70c5dd0e33
Write a C program to simulate dining philosophers with 60 philosophers.,7a94db70c5dd0e33
Write a C program to simulate dining philosophers with 61 philosophers.,7a94db70c5dd0e33
Write a C program to simulate dining philosophers with 62 philosophers.,7a94db70c5dd0e33
Write a C program to simulate dining philosophers with 63 philosophers.,7a94db70c5dd0e33
Write a C program to simulate dining philosophers with 65 philosophers.,7a94db70c5dd0e33
Write a C program to simulate dining philosophers with 66 philosophers.,7a94db70c5dd0e33
Write a C program to simulate dining philosophers with 67 philosophers.,7a94db70c5dd0e33
Write a C program to simulate dining philosophers with 68 philosophers.,7a94db70c5dd0e33
Write a C program to simulate dining philosophers with 7 philosophers.,7a94db70c5dd0e33
Write a C program to simulate dining philosophers with 70 philosophers.,7a94db70c5dd0e33
Write a C program to simulate dining philosophers with 71 philosophers.,7a94db70c5dd0e33
Write a C program to simulate dining philosophers with 72 philosophers.,7a94db70c5dd0e33
Write a C program to simulate dining philosophers with 73 philosophers.,7a94db70c5dd0e33
Write a C program to simulate dining philosophers with 74 philosophers.,7a94db70c5dd0e33
Write a C program to simulate dining philosophers with 75 philosophers.,7a94db70c5dd0e33
Write a C program to simulate dining philosophers with 76 philosophers.,7a94db70c5dd0e33
Write a C program to simulate dining philosophers with 77 philosophers.,7a94db70c5dd0e33
Write a C program to simulate dining philosophers with 78 philosophers.,7a94db70c5dd0e33
Write a C program to simulate dining philosophers with 79 philosophers.,7a94db70c5dd0e33
Write a C program to simulate dining philosophers with 8 philosophers.,7a94db70c5dd0e33
Write a C program to simulate dining philosophers with 80 philosophers.,7a94db70c5dd0e33
Write a C program to simulate dining philosophers with 81 philosophers.,7a94db70c5dd0e33
Write a C program to simulate dining philosophers with 82 philosophers.,7a94db70c5dd0e33
Write a C program to simulate dining philosophers with 83 philosophers.,7a94db70c5dd0e33
Write a C program to simulate dining philosophers with 84 philosophers.,7a94db70c5dd0e33
Write a C program to simulate dining philosophers with 85 philosophers.,7a94db70c5dd0e33
Write a C program to simulate dining philosophers with 86 philosophers.,7a94db70c5dd0e33
Write a C program to simulate dining philosophers with 88 philosophers.,7a94db70c5dd0e33
Write a C program to simulate dining philosophers with 89 philosophers.,7a94db70c5dd0e33
Write a C program to simulate dining philosophers with 9 philosophers.,7a94db70c5dd0e33
Write a C program to simulate dining philosophers with 92 philosophers.,7a94db70c5dd0e33
Write a C program to simulate dining philosophers with 95 philosophers.,7a94db70c5dd0e33
Write a C program to simulate dining philosophers with 96 philosophers.,7a94db70c5dd0e33
Write a C program to simulate dining philosophers with 97 philosophers.,7a94db70c5dd0e33
Write a C program to simulate dining philosophers with 98 philosophers.,7a94db70c5dd0e33
Write a C program to simulate dining philosophers with 99 philosophers.,7a94db70c5dd0e33
"Write an application in the C programming language, that when given a list of git repositories, it attempts to clone all of them into a folder while being fault tolerant. It should give a list of all that failed at the end.",7b04e92f600b80c8
Create a C function to simulate TCP's three-way handshake with socket programming.,7b2446f16ed53dee
Create a C program to simulate TCP's three-way handshake with socket programming.,7b2446f16ed53dee
Create a C function to demonstrate pointer arithmetic on array of 11 elements.,7c6318746308bcac
Create a C function to demonstrate pointer arithmetic on array of 25 elements.,7c6318746308bcac
Create a C function to demonstrate pointer arithmetic on array of 27 elements.,7c6318746308bcac
Create a C function to demonstrate pointer arithmetic on array of 28 elements.,7c6318746308bcac
Create a C function to demonstrate pointer arithmetic on array of 47 elements.,7c6318746308bcac
Create a C function to demonstrate pointer arithmetic on array of 7 elements.,7c6318746308bcac
Create a C function to demonstrate pointer arithmetic on array of 94 elements.,7c6318746308bcac
Create a C program to demonstrate pointer arithmetic on array of 10 elements.,7c6318746308bcac
Create a C program to demonstrate pointer arithmetic on array of 100 elements.,7c6318746308bcac
Create a C program to demonstrate pointer arithmetic on array of 11 elements.,7c6318746308bcac
Create a C program to demonstrate pointer arithmetic on array of 12 elements.,7c6318746308bcac
Create a C program to demonstrate pointer arithmetic on array of 13 elements.,7c6318746308bcac
Create a C program to demonstrate pointer arithmetic on array of 14 elements.,7c6318746308bcac
Create a C program to demonstrate pointer arithmetic on array of 15 elements.,7c6318746308bcac
Create a C program to demonstrate pointer arithmetic on array of 16 elements.,7c6318746308bcac
Create a C program to demonstrate pointer arithmetic on array of 18 elements.,7c6318746308bcac
Create a C program to demonstrate pointer arithmetic on array of 20 elements.,7c6318746308bcac
Create a C program to demonstrate pointer arithmetic on array of 22 elements.,7c6318746308bcac
Create a C program to demonstrate pointer arithmetic on array of 23 elements.,7c6318746308bcac
Create a C program to demonstrate pointer arithmetic on array of 25 elements.,7c6318746308bcac
Create a C program to demonstrate pointer arithmetic on array of 26 elements.,7c6318746308bcac
Create a C program to demonstrate pointer arithmetic on array of 27 elements.,7c6318746308bcac
Create a C program to demonstrate pointer arithmetic on array of 28 elements.,7c6318746308bcac
Create a C program to demonstrate pointer arithmetic on array of 29 elements.,7c6318746308bcac
Create a C program to demonstrate pointer arithmetic on array of 30 elements.,7c6318746308bcac
Create a C program to demonstrate pointer arithmetic on array of 31 elements.,7c6318746308bcac
Create a C program to demonstrate pointer arithmetic on array of 33 elements.,7c6318746308bcac
Create a C program to demonstrate pointer arithmetic on array of 35 elements.,7c6318746308bcac
Create a C program to demonstrate pointer arithmetic on array of 36 elements.,7c6318746308bcac
Create a C program to demonstrate pointer arithmetic on array of 37 elements.,7c6318746308bcac
Create a C program to demonstrate pointer arithmetic on array of 39 elements.,7c6318746308bcac
Create a C program to demonstrate pointer arithmetic on array of 40 elements.,7c6318746308bcac
Create a C program to demonstrate pointer arithmetic on array of 42 elements.,7c6318746308bcac
Create a C program to demonstrate pointer arithmetic on array of 45 elements.,7c6318746308bcac
Create a C program to demonstrate pointer arithmetic on array of 46 elements.,7c6318746308bcac
Create a C program to demonstrate pointer arithmetic on array of 47 elements.,7c6318746308bcac
Create a C program to demonstrate pointer arithmetic on array of 48 elements.,7c6318746308bcac
Create a C program to demonstrate pointer arithmetic on array of 49 elements.,7c6318746308bcac
Create a C program to demonstrate pointer arithmetic on array of 5 elements.,7c6318746308bcac
Create a C program to demonstrate pointer arithmetic on array of 50 elements.,7c6318746308bcac
Create a C program to demonstrate pointer arithmetic on array of 51 elements.,7c6318746308bcac
Create a C program to demonstrate pointer arithmetic on array of 52 elements.,7c6318746308bcac
Create a C program to demonstrate pointer arithmetic on array of 54 elements.,7c6318746308bcac
Create a C program to demonstrate pointer arithmetic on array of 55 elements.,7c6318746308bcac
Create a C program to demonstrate pointer arithmetic on array of 56 elements.,7c6318746308bcac
Create a C program to demonstrate pointer arithmetic on array of 57 elements.,7c6318746308bcac
Create a C program to demonstrate pointer arithmetic on array of 58 elements.,7c6318746308bcac
Create a C program to demonstrate pointer arithmetic on array of 59 elements.,7c6318746308bcac
Create a C program to demonstrate pointer arithmetic on array of 6 elements.,7c6318746308bcac
Create a C program to demonstrate pointer arithmetic on array of 60 elements.,7c6318746308bcac
Create a C program to demonstrate pointer arithmetic on array of 61 elements.,7c6318746308bcac
Create a C program to demonstrate pointer arithmetic on array of 62 elements.,7c6318746308bcac
Create a C program to demonstrate pointer arithmetic on array of 63 elements.,7c6318746308bcac
Create a C program to demonstrate pointer arithmetic on array of 64 elements.,7c6318746308bcac
Create a C program to demonstrate pointer arithmetic on array of 65 elements.,7c6318746308bcac
Create a C program to demonstrate pointer arithmetic on array of 66 elements.,7c6318746308bcac
Create a C program to demonstrate pointer arithmetic on array of 67 elements.,7c6318746308bcac
Create a C program to demonstrate pointer arithmetic on array of 68 elements.,7c6318746308bcac
Create a C program to demonstrate pointer arithmetic on array of 69 elements.,7c6318746308bcac
Create a C program to demonstrate pointer arithmetic on array of 70 elements.,7c6318746308bcac
Create a C program to demonstrate pointer arithmetic on array of 71 elements.,7c6318746308bcac
Create a C program to demonstrate pointer arithmetic on array of 72 elements.,7c6318746308bcac
Create a C program to demonstrate pointer arithmetic on array of 74 elements.,7c6318746308bcac
Create a C program to demonstrate pointer arithmetic on array of 75 elements.,7c6318746308bcac
Create a C program to demonstrate pointer arithmetic on array of 76 elements.,7c6318746308bcac
Create a C program to demonstrate pointer arithmetic on array of 77 elements.,7c6318746308bcac
Create a C program to demonstrate pointer arithmetic on array of 78 elements.,7c6318746308bcac
Create a C program to demonstrate pointer arithmetic on array of 79 elements.,7c6318746308bcac
Create a C program to demonstrate pointer arithmetic on array of 8 elements.,7c6318746308bcac
Create a C program to demonstrate pointer arithmetic on array of 80 elements.,7c6318746308bcac
Create a C program to demonstrate pointer arithmetic on array of 81 elements.,7c6318746308bcac
Create a C program to demonstrate pointer arithmetic on array of 83 elements.,7c6318746308bcac
Create a C program to demonstrate pointer arithmetic on array of 84 elements.,7c6318746308bcac
Create a C program to demonstrate pointer arithmetic on array of 85 elements.,7c6318746308bcac
Create a C program to demonstrate pointer arithmetic on array of 86 elements.,7c6318746308bcac
Create a C program to demonstrate pointer arithmetic on array of 87 elements.,7c6318746308bcac
Create a C program to demonstrate pointer arithmetic on array of 88 elements.,7c6318746308bcac
Create a C program to demonstrate pointer arithmetic on array of 89 elements.,7c6318746308bcac
Create a C program to demonstrate pointer arithmetic on array of 90 elements.,7c6318746308bcac
Create a C program to demonstrate pointer arithmetic on array of 91 elements.,7c6318746308bcac
Create a C program to demonstrate pointer arithmetic on array of 92 elements.,7c6318746308bcac
Create a C program to demonstrate pointer arithmetic on array of 93 elements.,7c6318746308bcac
Create a C program to demonstrate pointer arithmetic on array of 94 elements.,7c6318746308bcac
Create a C program to demonstrate pointer arithmetic on array of 95 elements.,7c6318746308bcac
Create a C program to demonstrate pointer arithmetic on array of 98 elements.,7c6318746308bcac
Create a C program to demonstrate pointer arithmetic on array of 99 elements.,7c6318746308bcac
"Write an application in the C programming language, that receives an input and output file as parameters and convert between YAML and JSON formats depending on what was imported. So example.yaml -> example.json will convert YAML to JSON. If the formats match, return an error!",7ce5aa89adc00545
Create a C function to monitor CPU and memory usage for 1 seconds.,7e0c552b9790a0c5
Create a C function to monitor CPU and memory usage for 25 seconds.,7e0c552b9790a0c5
Create a C function to monitor CPU and memory usage for 34 seconds.,7e0c552b9790a0c5
Create a C function to monitor CPU and memory usage for 36 seconds.,7e0c552b9790a0c5
Create a C function to monitor CPU and memory usage for 39 seconds.,7e0c552b9790a0c5
Create a C program to monitor CPU and memory usage for 1 seconds.,7e0c552b9790a0c5
Create a C program to monitor CPU and memory usage for 10 seconds.,7e0c552b9790a0c5
Create a C program to monitor CPU and memory usage for 11 seconds.,7e0c552b9790a0c5
Create a C program to monitor CPU and memory usage for 12 seconds.,7e0c552b9790a0c5
Create a C program to monitor CPU and memory usage for 13 seconds.,7e0c552b9790a0c5
Create a C program to monitor CPU and memory usage for 14 seconds.,7e0c552b9790a0c5
Create a C program to monitor CPU and memory usage for 15 seconds.,7e0c552b9790a0c5
Create a C program to monitor CPU and memory usage for 16 seconds.,7e0c552b9790a0c5
Create a C program to monitor CPU and memory usage for 17 seconds.,7e0c552b9790a0c5
Create a C program to monitor CPU and memory usage for 19 seconds.,7e0c552b9790a0c5
Create a C program to monitor CPU and memory usage for 2 seconds.,7e0c552b9790a0c5
Create a C program to monitor CPU and memory usage for 20 seconds.,7e0c552b9790a0c5
Create a C program to monitor CPU and memory usage for 21 seconds.,7e0c552b9790a0c5
Create a C program to monitor CPU and memory usage for 22 seconds.,7e0c552b9790a0c5
Create a C program to monitor CPU and memory usage for 23 seconds.,7e0c552b9790a0c5
Create a C program to monitor CPU and memory usage for 24 seconds.,7e0c552b9790a0c5
Create a C program to monitor CPU and memory usage for 25 seconds.,7e0c552b9790a0c5
Create a C program to monitor CPU and memory usage for 26 seconds.,7e0c552b9790a0c5
Create a C program to monitor CPU and memory usage for 27 seconds.,7e0c552b9790a0c5
Create a C program to monitor CPU and memory usage for 28 seconds.,7e0c552b9790a0c5
Create a C program to monitor CPU and memory usage for 29 seconds.,7e0c552b9790a0c5
Create a C program to monitor CPU and memory usage for 3 seconds.,7e0c552b9790a0c5
Create a C program to monitor CPU and memory usage for 30 seconds.,7e0c552b9790a0c5
Create a C program to monitor CPU and memory usage for 31 seconds.,7e0c552b9790a0c5
Create a C program to monitor CPU and memory usage for 32 seconds.,7e0c552b9790a0c5
Create a C program to monitor CPU and memory usage for 33 seconds.,7e0c552b9790a0c5
Create a C program to monitor CPU and memory usage for 34 seconds.,7e0c552b9790a0c5
Create a C program to monitor CPU and memory usage for 35 seconds.,7e0c552b9790a0c5
Create a C program to monitor CPU and memory usage for 36 seconds.,7e0c552b9790a0c5
Create a C program to monitor CPU and memory usage for 37 seconds.,7e0c552b9790a0c5
Create a C program to monitor CPU and memory usage for 38 seconds.,7e0c552b9790a0c5
Create a C program to monitor CPU and memory usage for 39 seconds.,7e0c552b9790a0c5
Create a C program to monitor CPU and memory usage for 4 seconds.,7e0c552b9790a0c5
Create a C program to monitor CPU and memory usage for 40 seconds.,7e0c552b9790a0c5
Create a C program to monitor CPU and memory usage for 42 seconds.,7e0c552b9790a0c5
Create a C program to monitor CPU and memory usage for 43 seconds.,7e0c552b9790a0c5
Create a C program to monitor CPU and memory usage for 44 seconds.,7e0c552b9790a0c5
Create a C program to monitor CPU and memory usage for 45 seconds.,7e0c552b9790a0c5
Create a C program to monitor CPU and memory usage for 46 seconds.,7e0c552b9790a0c5
Create a C program to monitor CPU and memory usage for 47 seconds.,7e0c552b9790a0c5
Create a C program to monitor CPU and memory usage for 48 seconds.,7e0c552b9790a0c5
Create a C program to monitor CPU and memory usage for 49 seconds.,7e0c552b9790a0c5
Create a C program to monitor CPU and memory usage for 5 seconds.,7e0c552b9790a0c5
Create a C program to monitor CPU and memory usage for 50 seconds.,7e0c552b9790a0c5
Create a C program to monitor CPU and memory usage for 51 seconds.,7e0c552b9790a0c5
Create a C program to monitor CPU and memory usage for 52 seconds.,7e0c552b9790a0c5
Create a C program to monitor CPU and memory usage for 53 seconds.,7e0c552b9790a0c5
Create a C program to monitor CPU and memory usage for 54 seconds.,7e0c552b9790a0c5
Create a C program to monitor CPU and memory usage for 55 seconds.,7e0c552b9790a0c5
Create a C program to monitor CPU and memory usage for 56 seconds.,7e0c552b9790a0c5
Create a C program to monitor CPU and memory usage for 57 seconds.,7e0c552b9790a0c5
Create a C program to monitor CPU and memory usage for 58 seconds.,7e0c552b9790a0c5
Create a C program to monitor CPU and memory usage for 59 seconds.,7e0c552b9790a0c5
Create a C program to monitor CPU and memory usage for 6 seconds.,7e0c552b9790a0c5
Create a C program to monitor CPU and memory usage for 60 seconds.,7e0c552b9790a0c5
Create a C program to monitor CPU and memory usage for 7 seconds.,7e0c552b9790a0c5
Create a C program to monitor CPU and memory usage for 8 seconds.,7e0c552b9790a0c5
Create a C program to monitor CPU and memory usage for 9 seconds.,7e0c552b9790a0c5
Build a C function to simulate a queue system with 1 customers and average wait time of 2.1 minutes,8091efb8cc4158c3
Build a C function to simulate a queue system with 1 customers and average wait time of 8.9 minutes,8091efb8cc4158c3
Build a C function to simulate a queue system with 17 customers and average wait time of 3.2 minutes,8091efb8cc4158c3
Build a C function to simulate a queue system with 27 customers and average wait time of 2.6 minutes,8091efb8cc4158c3
Build a C function to simulate a queue system with 54 customers and average wait time of 6.7 minutes,8091efb8cc4158c3
Build a C function to simulate a queue system with 62 customers and average wait time of 8.4 minutes,8091efb8cc4158c3
Build a C function to simulate a queue system with 71 customers and average wait time of 6.0 minutes,8091efb8cc4158c3
Build a C function to simulate a queue system with 88 customers and average wait time of 1.4 minutes,8091efb8cc4158c3
Build a C program to simulate a queue system with 1 customers and average wait time of 5.2 minutes,8091efb8cc4158c3
Build a C program to simulate a queue system with 1 customers and average wait time of 8.8 minutes,8091efb8cc4158c3
Build a C program to simulate a queue system with 10 customers and average wait time of 2.3 minutes,8091efb8cc4158c3
Build a C program to simulate a queue system with 10 customers and average wait time of 9.6 minutes,8091efb8cc4158c3
Build a C program to simulate a queue system with 100 customers and average wait time of 2.4 minutes,8091efb8cc4158c3
Build a C program to simulate a queue system with 11 customers and average wait time of 1.8 minutes,8091efb8cc4158c3
Build a C program to simulate a queue system with 12 customers and average wait time of 6.8 minutes,8091efb8cc4158c3
Build a C program to simulate a queue system with 12 customers and average wait time of 7.3 minutes,8091efb8cc4158c3
Build a C program to simulate a queue system with 13 customers and average wait time of 3.3 minutes,8091efb8cc4158c3
Build a C program to simulate a queue system with 14 customers and average wait time of 4.2 minutes,8091efb8cc4158c3
Build a C program to simulate a queue system with 14 customers and average wait time of 5.9 minutes,8091efb8cc4158c3
Build a C program to simulate a queue system with 14 customers and average wait time of 8.2 minutes,8091efb8cc4158c3
Build a C program to simulate a queue system with 16 customers and average wait time of 3.5 minutes,8091efb8cc4158c3
Build a C program to simulate a queue system with 17 customers and average wait time of 2.6 minutes,8091efb8cc4158c3
Build a C program to simulate a queue system with 18 customers and average wait time of 2.4 minutes,8091efb8cc4158c3
Build a C program to simulate a queue system with 18 customers and average wait time of 6.9 minutes,8091efb8cc4158c3
Build a C program to simulate a queue system with 19 customers and average wait time of 3.3 minutes,8091efb8cc4158c3
Build a C program to simulate a queue system with 2 customers and average wait time of 3.6 minutes,8091efb8cc4158c3
Build a C program to simulate a queue system with 2 customers and average wait time of 8.1 minutes,8091efb8cc4158c3
Build a C program to simulate a queue system with 20 customers and average wait time of 1.4 minutes,8091efb8cc4158c3
Build a C program to simulate a queue system with 20 customers and average wait time of 1.6 minutes,8091efb8cc4158c3
Build a C program to simulate a queue system with 20 customers and average wait time of 5.2 minutes,8091efb8cc4158c3
Build a C program to simulate a queue system with 20 customers and average wait time of 7.4 minutes,8091efb8cc4158c3
Build a C program to simulate a queue system with 21 customers and average wait time of 1.1 minutes,8091efb8cc4158c3
Build a C program to simulate a queue system with 21 customers and average wait time of 6.0 minutes,8091efb8cc4158c3
Build a C program to simulate a queue system with 21 customers and average wait time of 6.5 minutes,8091efb8cc4158c3
Build a C program to simulate a queue system with 21 customers and average wait time of 9.2 minutes,8091efb8cc4158c3
Build a C program to simulate a queue system with 22 customers and average wait time of 1.3 minutes,8091efb8cc4158c3
Build a C program to simulate a queue system with 22 customers and average wait time of 7.4 minutes,8091efb8cc4158c3
Build a C program to simulate a queue system with 23 customers and average wait time of 1.6 minutes,8091efb8cc4158c3
Build a C program to simulate a queue system with 23 customers and average wait time of 2.1 minutes,8091efb8cc4158c3
Build a C program to simulate a queue system with 25 customers and average wait time of 5.1 minutes,8091efb8cc4158c3
Build a C program to simulate a queue system with 25 customers and average wait time of 5.7 minutes,8091efb8cc4158c3
Build a C program to simulate a queue system with 25 customers and average wait time of 7.1 minutes,8091efb8cc4158c3
Build a C program to simulate a queue system with 26 customers and average wait time of 1.7 minutes,8091efb8cc4158c3
Build a C program to simulate a queue system with 27 customers and average wait time of 9.5 minutes,8091efb8cc4158c3
Build a C program to simulate a queue system with 29 customers and average wait time of 1.1 minutes,8091efb8cc4158c3
Build a C program to simulate a queue system with 29 customers and average wait time of 2.3 minutes,8091efb8cc4158c3
Build a C program to simulate a queue system with 29 customers and average wait time of 4.6 minutes,8091efb8cc4158c3
Build a C program to simulate a queue system with 29 customers and average wait time of 9.2 minutes,8091efb8cc4158c3
Build a C program to simulate a queue system with 3 customers and average wait time of 8.7 minutes,8091efb8cc4158c3
Build a C program to simulate a queue system with 3 customers and average wait time of 9.4 minutes,8091efb8cc4158c3
Build a C program to simulate a queue system with 32 customers and average wait time of 1.3 minutes,8091efb8cc4158c3
Build a C program to simulate a queue system with 32 customers and average wait time of 2.7 minutes,8091efb8cc4158c3
Build a C program to simulate a queue system with 32 customers and average wait time of 9.1 minutes,8091efb8cc4158c3
Build a C program to simulate a queue system with 33 customers and average wait time of 8.5 minutes,8091efb8cc4158c3
Build a C program to simulate a queue system with 33 customers and average wait time of 9.8 minutes,8091efb8cc4158c3
Build a C program to simulate a queue system with 34 customers and average wait time of 4.2 minutes,8091efb8cc4158c3
Build a C program to simulate a queue system with 34 customers and average wait time of 8.8 minutes,8091efb8cc4158c3
Build a C program to simulate a queue system with 36 customers and average wait time of 2.9 minutes,8091efb8cc4158c3
Build a C program to simulate a queue system with 36 customers and average wait time of 6.4 minutes,8091efb8cc4158c3
Build a C program to simulate a queue system with 36 customers and average wait time of 8.5 minutes,8091efb8cc4158c3
Build a C program to simulate a queue system with 37 customers and average wait time of 1.2 minutes,8091efb8cc4158c3
Build a C program to simulate a queue system with 37 customers and average wait time of 1.8 minutes,8091efb8cc4158c3
Build a C program to simulate a queue system with 38 customers and average wait time of 3.5 minutes,8091efb8cc4158c3
Build a C program to simulate a queue system with 39 customers and average wait time of 10.0 minutes,8091efb8cc4158c3
Build a C program to simulate a queue system with 39 customers and average wait time of 6.1 minutes,8091efb8cc4158c3
Build a C program to simulate a queue system with 39 customers and average wait time of 9.8 minutes,8091efb8cc4158c3
Build a C program to simulate a queue system with 4 customers and average wait time of 3.6 minutes,8091efb8cc4158c3
Build a C program to simulate a queue system with 4 customers and average wait time of 5.9 minutes,8091efb8cc4158c3
Build a C program to simulate a queue system with 40 customers and average wait time of 4.6 minutes,8091efb8cc4158c3
Build a C program to simulate a queue system with 40 customers and average wait time of 8.4 minutes,8091efb8cc4158c3
Build a C program to simulate a queue system with 41 customers and average wait time of 2.6 minutes,8091efb8cc4158c3
Build a C program to simulate a queue system with 42 customers and average wait time of 1.5 minutes,8091efb8cc4158c3
Build a C program to simulate a queue system with 43 customers and average wait time of 1.6 minutes,8091efb8cc4158c3
Build a C program to simulate a queue system with 44 customers and average wait time of 7.9 minutes,8091efb8cc4158c3
Build a C program to simulate a queue system with 45 customers and average wait time of 2.6 minutes,8091efb8cc4158c3
Build a C program to simulate a queue system with 45 customers and average wait time of 5.5 minutes,8091efb8cc4158c3
Build a C program to simulate a queue system with 46 customers and average wait time of 2.1 minutes,8091efb8cc4158c3
Build a C program to simulate a queue system with 46 customers and average wait time of 2.9 minutes,8091efb8cc4158c3
Build a C program to simulate a queue system with 46 customers and average wait time of 8.6 minutes,8091efb8cc4158c3
Build a C program to simulate a queue system with 47 customers and average wait time of 5.6 minutes,8091efb8cc4158c3
Build a C program to simulate a queue system with 47 customers and average wait time of 6.6 minutes,8091efb8cc4158c3
Build a C program to simulate a queue system with 48 customers and average wait time of 3.9 minutes,8091efb8cc4158c3
Build a C program to simulate a queue system with 48 customers and average wait time of 4.0 minutes,8091efb8cc4158c3
Build a C program to simulate a queue system with 48 customers and average wait time of 7.7 minutes,8091efb8cc4158c3
Build a C program to simulate a queue system with 49 customers and average wait time of 1.5 minutes,8091efb8cc4158c3
Build a C program to simulate a queue system with 49 customers and average wait time of 2.4 minutes,8091efb8cc4158c3
Build a C program to simulate a queue system with 49 customers and average wait time of 7.3 minutes,8091efb8cc4158c3
Build a C program to simulate a queue system with 5 customers and average wait time of 3.3 minutes,8091efb8cc4158c3
Build a C program to simulate a queue system with 5 customers and average wait time of 6.0 minutes,8091efb8cc4158c3
Build a C program to simulate a queue system with 5 customers and average wait time of 7.6 minutes,8091efb8cc4158c3
Build a C program to simulate a queue system with 51 customers and average wait time of 7.7 minutes,8091efb8cc4158c3
Build a C program to simulate a queue system with 52 customers and average wait time of 2.6 minutes,8091efb8cc4158c3
Build a C program to simulate a queue system with 52 customers and average wait time of 2.9 minutes,8091efb8cc4158c3
Build a C program to simulate a queue system with 52 customers and average wait time of 3.4 minutes,8091efb8cc4158c3
Build a C program to simulate a queue system with 53 customers and average wait time of 2.5 minutes,8091efb8cc4158c3
Build a C program to simulate a queue system with 53 customers and average wait time of 7.2 minutes,8091efb8cc4158c3
Build a C program to simulate a queue system with 54 customers and average wait time of 2.9 minutes,8091efb8cc4158c3
Build a C program to simulate a queue system with 55 customers and average wait time of 5.9 minutes,8091efb8cc4158c3
Build a C program to simulate a queue system with 56 customers and average wait time of 3.5 minutes,8091efb8cc4158c3
Build a C program to simulate a queue system with 57 customers and average wait time of 3.9 minutes,8091efb8cc4158c3
Build a C program to simulate a queue system with 58 customers and average wait time of 2.1 minutes,8091efb8cc4158c3
Build a C program to simulate a queue system with 58 customers and average wait time of 2.2 minutes,8091efb8cc4158c3
Build a C program to simulate a queue system with 58 customers and average wait time of 3.3 minutes,8091efb8cc4158c3
Build a C program to simulate a queue system with 58 customers and average wait time of 4.9 minutes,8091efb8cc4158c3
Build a C program to simulate a queue system with 59 customers and average wait time of 1.1 minutes,8091efb8cc4158c3
Build a C program to simulate a queue system with 59 customers and average wait time of 2.0 minutes,8091efb8cc4158c3
Build a C program to simulate a queue system with 6 customers and average wait time of 6.7 minutes,8091efb8cc4158c3
Build a C program to simulate a queue system with 60 customers and average wait time of 4.0 minutes,8091efb8cc4158c3
Build a C program to simulate a queue system with 60 customers and average wait time of 6.4 minutes,8091efb8cc4158c3
Build a C program to simulate a queue system with 60 customers and average wait time of 9.0 minutes,8091efb8cc4158c3
Build a C program to simulate a queue system with 61 customers and average wait time of 10.0 minutes,8091efb8cc4158c3
Build a C program to simulate a queue system with 62 customers and average wait time of 5.3 minutes,8091efb8cc4158c3
Build a C program to simulate a queue system with 63 customers and average wait time of 4.2 minutes,8091efb8cc4158c3
Build a C program to simulate a queue system with 63 customers and average wait time of 5.1 minutes,8091efb8cc4158c3
Build a C program to simulate a queue system with 63 customers and average wait time of 7.6 minutes,8091efb8cc4158c3
Build a C program to simulate a queue system with 64 customers and average wait time of 3.4 minutes,8091efb8cc4158c3
Build a C program to simulate a queue system with 64 customers and average wait time of 3.5 minutes,8091efb8cc4158c3
Build a C program to simulate a queue system with 65 customers and average wait time of 5.2 minutes,8091efb8cc4158c3
Build a C program to simulate a queue system with 66 customers and average wait time of 1.6 minutes,8091efb8cc4158c3
Build a C program to simulate a queue system with 66 customers and average wait time of 4.7 minutes,8091efb8cc4158c3
Build a C program to simulate a queue system with 66 customers and average wait time of 7.7 minutes,8091efb8cc4158c3
Build a C program to simulate a queue system with 67 customers and average wait time of 5.6 minutes,8091efb8cc4158c3
Build a C program to simulate a queue system with 67 customers and average wait time of 6.4 minutes,8091efb8cc4158c3
Build a C program to simulate a queue system with 67 customers and average wait time of 9.3 minutes,8091efb8cc4158c3
Build a C program to simulate a queue system with 68 customers and average wait time of 3.5 minutes,8091efb8cc4158c3
Build a C program to simulate a queue system with 68 customers and average wait time of 6.0 minutes,8091efb8cc4158c3
Build a C program to simulate a queue system with 68 customers and average wait time of 6.6 minutes,8091efb8cc4158c3
Build a C program to simulate a queue system with 69 customers and average wait time of 6.0 minutes,8091efb8cc4158c3
Build a C program to simulate a queue system with 69 customers and average wait time of 6.3 minutes,8091efb8cc4158c3
Build a C program to simulate a queue system with 7 customers and average wait time of 1.7 minutes,8091efb8cc4158c3
Build a C program to simulate a queue system with 7 customers and average wait time of 8.1 minutes,8091efb8cc4158c3
Build a C program to simulate a queue system with 70 customers and average wait time of 3.6 minutes,8091efb8cc4158c3
Build a C program to simulate a queue system with 71 customers and average wait time of 2.0 minutes,8091efb8cc4158c3
Build a C program to simulate a queue system with 72 customers and average wait time of 1.7 minutes,8091efb8cc4158c3
Build a C program to simulate a queue system with 72 customers and average wait time of 6.6 minutes,8091efb8cc4158c3
Build a C program to simulate a queue system with 72 customers and average wait time of 7.1 minutes,8091efb8cc4158c3
Build a C program to simulate a queue system with 74 customers and average wait time of 3.1 minutes,8091efb8cc4158c3
Build a C program to simulate a queue system with 75 customers and average wait time of 5.9 minutes,8091efb8cc4158c3
Build a C program to simulate a queue system with 76 customers and average wait time of 1.7 minutes,8091efb8cc4158c3
Build a C program to simulate a queue system with 76 customers and average wait time of 5.1 minutes,8091efb8cc4158c3
Build a C program to simulate a queue system with 76 customers and average wait time of 6.1 minutes,8091efb8cc4158c3
Build a C program to simulate a queue system with 76 customers and average wait time of 7.7 minutes,8091efb8cc4158c3
Build a C program to simulate a queue system with 77 customers and average wait time of 1.9 minutes,8091efb8cc4158c3
Build a C program to simulate a queue system with 77 customers and average wait time of 5.9 minutes,8091efb8cc4158c3
Build a C program to simulate a queue system with 78 customers and average wait time of 1.8 minutes,8091efb8cc4158c3
Build a C program to simulate a queue system with 79 customers and average wait time of 3.7 minutes,8091efb8cc4158c3
Build a C program to simulate a queue system with 79 customers and average wait time of 6.4 minutes,8091efb8cc4158c3
Build a C program to simulate a queue system with 8 customers and average wait time of 7.7 minutes,8091efb8cc4158c3
Build a C program to simulate a queue system with 82 customers and average wait time of 9.7 minutes,8091efb8cc4158c3
Build a C program to simulate a queue system with 83 customers and average wait time of 8.5 minutes,8091efb8cc4158c3
Build a C program to simulate a queue system with 86 customers and average wait time of 6.7 minutes,8091efb8cc4158c3
Build a C program to simulate a queue system with 86 customers and average wait time of 7.3 minutes,8091efb8cc4158c3
Build a C program to simulate a queue system with 87 customers and average wait time of 7.5 minutes,8091efb8cc4158c3
Build a C program to simulate a queue system with 88 customers and average wait time of 1.2 minutes,8091efb8cc4158c3
Build a C program to simulate a queue system with 88 customers and average wait time of 8.0 minutes,8091efb8cc4158c3
Build a C program to simulate a queue system with 88 customers and average wait time of 9.7 minutes,8091efb8cc4158c3
Build a C program to simulate a queue system with 90 customers and average wait time of 1.6 minutes,8091efb8cc4158c3
Build a C program to simulate a queue system with 90 customers and average wait time of 1.8 minutes,8091efb8cc4158c3
Build a C program to simulate a queue system with 90 customers and average wait time of 5.2 minutes,8091efb8cc4158c3
Build a C program to simulate a queue system with 90 customers and average wait time of 8.4 minutes,8091efb8cc4158c3
Build a C program to simulate a queue system with 90 customers and average wait time of 8.6 minutes,8091efb8cc4158c3
Build a C program to simulate a queue system with 91 customers and average wait time of 2.1 minutes,8091efb8cc4158c3
Build a C program to simulate a queue system with 91 customers and average wait time of 8.7 minutes,8091efb8cc4158c3
Build a C program to simulate a queue system with 92 customers and average wait time of 2.2 minutes,8091efb8cc4158c3
Build a C program to simulate a queue system with 92 customers and average wait time of 5.2 minutes,8091efb8cc4158c3
Build a C program to simulate a queue system with 92 customers and average wait time of 9.1 minutes,8091efb8cc4158c3
Build a C program to simulate a queue system with 92 customers and average wait time of 9.6 minutes,8091efb8cc4158c3
Build a C program to simulate a queue system with 93 customers and average wait time of 5.6 minutes,8091efb8cc4158c3
Build a C program to simulate a queue system with 94 customers and average wait time of 4.9 minutes,8091efb8cc4158c3
Build a C program to simulate a queue system with 94 customers and average wait time of 5.7 minutes,8091efb8cc4158c3
Build a C program to simulate a queue system with 96 customers and average wait time of 2.3 minutes,8091efb8cc4158c3
Build a C program to simulate a queue system with 96 customers and average wait time of 4.1 minutes,8091efb8cc4158c3
Build a C program to simulate a queue system with 96 customers and average wait time of 8.8 minutes,8091efb8cc4158c3
Build a C program to simulate a queue system with 97 customers and average wait time of 3.4 minutes,8091efb8cc4158c3
Build a C program to simulate a queue system with 97 customers and average wait time of 3.9 minutes,8091efb8cc4158c3
Build a C program to simulate a queue system with 97 customers and average wait time of 4.7 minutes,8091efb8cc4158c3
Build a C program to simulate a queue system with 97 customers and average wait time of 5.0 minutes,8091efb8cc4158c3
Build a C program to simulate a queue system with 97 customers and average wait time of 6.6 minutes,8091efb8cc4158c3
Build a C program to simulate a queue system with 98 customers and average wait time of 3.3 minutes,8091efb8cc4158c3
"Write a C function that copies the contents of one file to another using the specified command line arguments, and allows for rewriting using regex.",819aaf72a5b8b178
"Write a C program that copies the contents of one file to another using the specified command line arguments, and allows for rewriting using regex.",819aaf72a5b8b178
Build a C function that simulates DNS lookup for domain 'example.com'.,82b2a683c94ef8ca
Build a C function that simulates DNS lookup for domain 'myserver.local'.,82b2a683c94ef8ca
Build a C function that simulates DNS lookup for domain 'openai.com'.,82b2a683c94ef8ca
Build a C program that simulates DNS lookup for domain 'example.com'.,82b2a683c94ef8ca
Build a C program that simulates DNS lookup for domain 'myserver.local'.,82b2a683c94ef8ca
Build a C program that simulates DNS lookup for domain 'openai.com'.,82b2a683c94ef8ca
Write a C function that simulates a simple DNS resolver for domain 'example.com'.,82b2a683c94ef8ca
Write a C function that simulates a simple DNS resolver for domain 'myserver.local'.,82b2a683c94ef8ca
Write a C function that simulates a simple DNS resolver for domain 'openai.com'.,82b2a683c94ef8ca
Write a C program that simulates a simple DNS resolver for domain 'example.com'.,82b2a683c94ef8ca
Write a C program that simulates a simple DNS resolver for domain 'myserver.local'.,82b2a683c94ef8ca
Write a C program that simulates a simple DNS resolver for domain 'openai.com'.,82b2a683c94ef8ca
Write a C function that prints the ASCII value of each character in a string.,831dbdc151e73dad
Write a C program that prints the ASCII value of each character in a string.,831dbdc151e73dad
Create a C function that calculates pi to {digits} decimal places using the Leibniz formula.,834e4fa76ad345a4
Create a C program that calculates pi to {digits} decimal places using the Leibniz formula.,834e4fa76ad345a4
"Calculate the positive or negative dominance of a list by looking at the number of positive and negative numbers. If they match, then the list is neutral. -1 for negative dominance, 0 for neutral and 1 for positive dominance. Write the program in C language.",83c43e832e9186e7
"Make a C function to simulate weather (temperature, humidity) over 151 days.",83f0da81fe1c7886
"Make a C function to simulate weather (temperature, humidity) over 197 days.",83f0da81fe1c7886
"Make a C function to simulate weather (temperature, humidity) over 316 days.",83f0da81fe1c7886
"Make a C function to simulate weather (temperature, humidity) over 365 days.",83f0da81fe1c7886
"Make a C function to simulate weather (temperature, humidity) over 8 days.",83f0da81fe1c7886
"Make a C program to simulate weather (temperature, humidity) over 106 days.",83f0da81fe1c7886
"Make a C program to simulate weather (temperature, humidity) over 115 days.",83f0da81fe1c7886
"Make a C program to simulate weather (temperature, humidity) over 118 days.",83f0da81fe1c7886
"Make a C program to simulate weather (temperature, humidity) over 12 days.",83f0da81fe1c7886
"Make a C program to simulate weather (temperature, humidity) over 120 days.",83f0da81fe1c7886
"Make a C program to simulate weather (temperature, humidity) over 121 days.",83f0da81fe1c7886
"Make a C program to simulate weather (temperature, humidity) over 123 days.",83f0da81fe1c7886
"Make a C program to simulate weather (temperature, humidity) over 124 days.",83f0da81fe1c7886
"Make a C program to simulate weather (temperature, humidity) over 125 days.",83f0da81fe1c7886
"Make a C program to simulate weather (temperature, humidity) over 128 days.",83f0da81fe1c7886
"Make a C program to simulate weather (temperature, humidity) over 130 days.",83f0da81fe1c7886
"Make a C program to simulate weather (temperature, humidity) over 131 days.",83f0da81fe1c7886
"Make a C program to simulate weather (temperature, humidity) over 137 days.",83f0da81fe1c7886
"Make a C program to simulate weather (temperature, humidity) over 141 days.",83f0da81fe1c7886
"Make a C program to simulate weather (temperature, humidity) over 146 days.",83f0da81fe1c7886
"Make a C program to simulate weather (temperature, humidity) over 151 days.",83f0da81fe1c7886
"Make a C program to simulate weather (temperature, humidity) over 155 days.",83f0da81fe1c7886
"Make a C program to simulate weather (temperature, humidity) over 161 days.",83f0da81fe1c7886
"Make a C program to simulate weather (temperature, humidity) over 163 days.",83f0da81fe1c7886
"Make a C program to simulate weather (temperature, humidity) over 164 days.",83f0da81fe1c7886
"Make a C program to simulate weather (temperature, humidity) over 165 days.",83f0da81fe1c7886
"Make a C program to simulate weather (temperature, humidity) over 167 days.",83f0da81fe1c7886
"Make a C program to simulate weather (temperature, humidity) over 17 days.",83f0da81fe1c7886
"Make a C program to simulate weather (temperature, humidity) over 175 days.",83f0da81fe1c7886
"Make a C program to simulate weather (temperature, humidity) over 177 days.",83f0da81fe1c7886
"Make a C program to simulate weather (temperature, humidity) over 180 days.",83f0da81fe1c7886
"Make a C program to simulate weather (temperature, humidity) over 188 days.",83f0da81fe1c7886
"Make a C program to simulate weather (temperature, humidity) over 190 days.",83f0da81fe1c7886
"Make a C program to simulate weather (temperature, humidity) over 194 days.",83f0da81fe1c7886
"Make a C program to simulate weather (temperature, humidity) over 199 days.",83f0da81fe1c7886
"Make a C program to simulate weather (temperature, humidity) over 200 days.",83f0da81fe1c7886
"Make a C program to simulate weather (temperature, humidity) over 205 days.",83f0da81fe1c7886
"Make a C program to simulate weather (temperature, humidity) over 208 days.",83f0da81fe1c7886
"Make a C program to simulate weather (temperature, humidity) over 21 days.",83f0da81fe1c7886
"Make a C program to simulate weather (temperature, humidity) over 211 days.",83f0da81fe1c7886
"Make a C program to simulate weather (temperature, humidity) over 213 days.",83f0da81fe1c7886
"Make a C program to simulate weather (temperature, humidity) over 214 days.",83f0da81fe1c7886
"Make a C program to simulate weather (temperature, humidity) over 215 days.",83f0da81fe1c7886
"Make a C program to simulate weather (temperature, humidity) over 224 days.",83f0da81fe1c7886
"Make a C program to simulate weather (temperature, humidity) over 225 days.",83f0da81fe1c7886
"Make a C program to simulate weather (temperature, humidity) over 227 days.",83f0da81fe1c7886
"Make a C program to simulate weather (temperature, humidity) over 232 days.",83f0da81fe1c7886
"Make a C program to simulate weather (temperature, humidity) over 234 days.",83f0da81fe1c7886
"Make a C program to simulate weather (temperature, humidity) over 236 days.",83f0da81fe1c7886
"Make a C program to simulate weather (temperature, humidity) over 24 days.",83f0da81fe1c7886
"Make a C program to simulate weather (temperature, humidity) over 242 days.",83f0da81fe1c7886
"Make a C program to simulate weather (temperature, humidity) over 243 days.",83f0da81fe1c7886
"Make a C program to simulate weather (temperature, humidity) over 246 days.",83f0da81fe1c7886
"Make a C program to simulate weather (temperature, humidity) over 248 days.",83f0da81fe1c7886
"Make a C program to simulate weather (temperature, humidity) over 253 days.",83f0da81fe1c7886
"Make a C program to simulate weather (temperature, humidity) over 254 days.",83f0da81fe1c7886
"Make a C program to simulate weather (temperature, humidity) over 255 days.",83f0da81fe1c7886
"Make a C program to simulate weather (temperature, humidity) over 258 days.",83f0da81fe1c7886
"Make a C program to simulate weather (temperature, humidity) over 260 days.",83f0da81fe1c7886
"Make a C program to simulate weather (temperature, humidity) over 262 days.",83f0da81fe1c7886
"Make a C program to simulate weather (temperature, humidity) over 263 days.",83f0da81fe1c7886
"Make a C program to simulate weather (temperature, humidity) over 264 days.",83f0da81fe1c7886
"Make a C program to simulate weather (temperature, humidity) over 266 days.",83f0da81fe1c7886
"Make a C program to simulate weather (temperature, humidity) over 269 days.",83f0da81fe1c7886
"Make a C program to simulate weather (temperature, humidity) over 271 days.",83f0da81fe1c7886
"Make a C program to simulate weather (temperature, humidity) over 272 days.",83f0da81fe1c7886
"Make a C program to simulate weather (temperature, humidity) over 276 days.",83f0da81fe1c7886
"Make a C program to simulate weather (temperature, humidity) over 284 days.",83f0da81fe1c7886
"Make a C program to simulate weather (temperature, humidity) over 287 days.",83f0da81fe1c7886
"Make a C program to simulate weather (temperature, humidity) over 289 days.",83f0da81fe1c7886
"Make a C program to simulate weather (temperature, humidity) over 290 days.",83f0da81fe1c7886
"Make a C program to simulate weather (temperature, humidity) over 294 days.",83f0da81fe1c7886
"Make a C program to simulate weather (temperature, humidity) over 297 days.",83f0da81fe1c7886
"Make a C program to simulate weather (temperature, humidity) over 302 days.",83f0da81fe1c7886
"Make a C program to simulate weather (temperature, humidity) over 303 days.",83f0da81fe1c7886
"Make a C program to simulate weather (temperature, humidity) over 304 days.",83f0da81fe1c7886
"Make a C program to simulate weather (temperature, humidity) over 310 days.",83f0da81fe1c7886
"Make a C program to simulate weather (temperature, humidity) over 313 days.",83f0da81fe1c7886
"Make a C program to simulate weather (temperature, humidity) over 318 days.",83f0da81fe1c7886
"Make a C program to simulate weather (temperature, humidity) over 322 days.",83f0da81fe1c7886
"Make a C program to simulate weather (temperature, humidity) over 328 days.",83f0da81fe1c7886
"Make a C program to simulate weather (temperature, humidity) over 331 days.",83f0da81fe1c7886
"Make a C program to simulate weather (temperature, humidity) over 333 days.",83f0da81fe1c7886
"Make a C program to simulate weather (temperature, humidity) over 336 days.",83f0da81fe1c7886
"Make a C program to simulate weather (temperature, humidity) over 337 days.",83f0da81fe1c7886
"Make a C program to simulate weather (temperature, humidity) over 339 days.",83f0da81fe1c7886
"Make a C program to simulate weather (temperature, humidity) over 340 days.",83f0da81fe1c7886
"Make a C program to simulate weather (temperature, humidity) over 347 days.",83f0da81fe1c7886
"Make a C program to simulate weather (temperature, humidity) over 348 days.",83f0da81fe1c7886
"Make a C program to simulate weather (temperature, humidity) over 349 days.",83f0da81fe1c7886
"Make a C program to simulate weather (temperature, humidity) over 35 days.",83f0da81fe1c7886
"Make a C program to simulate weather (temperature, humidity) over 354 days.",83f0da81fe1c7886
"Make a C program to simulate weather (temperature, humidity) over 36 days.",83f0da81fe1c7886
"Make a C program to simulate weather (temperature, humidity) over 360 days.",83f0da81fe1c7886
"Make a C program to simulate weather (temperature, humidity) over 361 days.",83f0da81fe1c7886
"Make a C program to simulate weather (temperature, humidity) over 362 days.",83f0da81fe1c7886
"Make a C program to simulate weather (temperature, humidity) over 365 days.",83f0da81fe1c7886
"Make a C program to simulate weather (temperature, humidity) over 37 days.",83f0da81fe1c7886
"Make a C program to simulate weather (temperature, humidity) over 39 days.",83f0da81fe1c7886
"Make a C program to simulate weather (temperature, humidity) over 41 days.",83f0da81fe1c7886
"Make a C program to simulate weather (temperature, humidity) over 42 days.",83f0da81fe1c7886
"Make a C program to simulate weather (temperature, humidity) over 43 days.",83f0da81fe1c7886
"Make a C program to simulate weather (temperature, humidity) over 45 days.",83f0da81fe1c7886
"Make a C program to simulate weather (temperature, humidity) over 47 days.",83f0da81fe1c7886
"Make a C program to simulate weather (temperature, humidity) over 49 days.",83f0da81fe1c7886
"Make a C program to simulate weather (temperature, humidity) over 52 days.",83f0da81fe1c7886
"Make a C program to simulate weather (temperature, humidity) over 54 days.",83f0da81fe1c7886
"Make a C program to simulate weather (temperature, humidity) over 55 days.",83f0da81fe1c7886
"Make a C program to simulate weather (temperature, humidity) over 63 days.",83f0da81fe1c7886
"Make a C program to simulate weather (temperature, humidity) over 64 days.",83f0da81fe1c7886
"Make a C program to simulate weather (temperature, humidity) over 69 days.",83f0da81fe1c7886
"Make a C program to simulate weather (temperature, humidity) over 70 days.",83f0da81fe1c7886
"Make a C program to simulate weather (temperature, humidity) over 71 days.",83f0da81fe1c7886
"Make a C program to simulate weather (temperature, humidity) over 72 days.",83f0da81fe1c7886
"Make a C program to simulate weather (temperature, humidity) over 75 days.",83f0da81fe1c7886
"Make a C program to simulate weather (temperature, humidity) over 76 days.",83f0da81fe1c7886
"Make a C program to simulate weather (temperature, humidity) over 77 days.",83f0da81fe1c7886
"Make a C program to simulate weather (temperature, humidity) over 79 days.",83f0da81fe1c7886
"Make a C program to simulate weather (temperature, humidity) over 85 days.",83f0da81fe1c7886
"Make a C program to simulate weather (temperature, humidity) over 9 days.",83f0da81fe1c7886
"Make a C program to simulate weather (temperature, humidity) over 90 days.",83f0da81fe1c7886
"Make a C program to simulate weather (temperature, humidity) over 98 days.",83f0da81fe1c7886
"Make a C program to simulate weather (temperature, humidity) over 99 days.",83f0da81fe1c7886
"Implement the Stalin sort algorithm in C, where elements are repeatedly removed from the front and discarded if they are smaller than the last element.",83f621a0a3950ab4
"Implement the quicksort algorithm in C to sort an array containing any number of positive integers, where all values are less than 1023016.",83f621a0a3950ab4
"Implement the quicksort algorithm in C to sort an array containing any number of positive integers, where all values are less than 12006497.",83f621a0a3950ab4
"Implement the quicksort algorithm in C to sort an array containing any number of positive integers, where all values are less than 161594651.",83f621a0a3950ab4
"Implement the quicksort algorithm in C to sort an array containing any number of positive integers, where all values are less than 164510128.",83f621a0a3950ab4
"Implement the quicksort algorithm in C to sort an array containing any number of positive integers, where all values are less than 187237681.",83f621a0a3950ab4
"Implement the quicksort algorithm in C to sort an array containing any number of positive integers, where all values are less than 191196577.",83f621a0a3950ab4
"Implement the quicksort algorithm in C to sort an array containing any number of positive integers, where all values are less than 260279144.",83f621a0a3950ab4
"Implement the quicksort algorithm in C to sort an array containing any number of positive integers, where all values are less than 260389917.",83f621a0a3950ab4
"Implement the quicksort algorithm in C to sort an array containing any number of positive integers, where all values are less than 274995099.",83f621a0a3950ab4
"Implement the quicksort algorithm in C to sort an array containing any number of positive integers, where all values are less than 291192385.",83f621a0a3950ab4
"Implement the quicksort algorithm in C to sort an array containing any number of positive integers, where all values are less than 293460829.",83f621a0a3950ab4
"Implement the quicksort algorithm in C to sort an array containing any number of positive integers, where all values are less than 296142206.",83f621a0a3950ab4
"Implement the quicksort algorithm in C to sort an array containing any number of positive integers, where all values are less than 34238014.",83f621a0a3950ab4
"Implement the quicksort algorithm in C to sort an array containing any number of positive integers, where all values are less than 377813048.",83f621a0a3950ab4
"Implement the quicksort algorithm in C to sort an array containing any number of positive integers, where all values are less than 37893069.",83f621a0a3950ab4
"Implement the quicksort algorithm in C to sort an array containing any number of positive integers, where all values are less than 381774793.",83f621a0a3950ab4
"Implement the quicksort algorithm in C to sort an array containing any number of positive integers, where all values are less than 401950991.",83f621a0a3950ab4
"Implement the quicksort algorithm in C to sort an array containing any number of positive integers, where all values are less than 431682131.",83f621a0a3950ab4
"Implement the quicksort algorithm in C to sort an array containing any number of positive integers, where all values are less than 453374808.",83f621a0a3950ab4
"Implement the quicksort algorithm in C to sort an array containing any number of positive integers, where all values are less than 538179843.",83f621a0a3950ab4
"Implement the quicksort algorithm in C to sort an array containing any number of positive integers, where all values are less than 558399376.",83f621a0a3950ab4
"Implement the quicksort algorithm in C to sort an array containing any number of positive integers, where all values are less than 602533638.",83f621a0a3950ab4
"Implement the quicksort algorithm in C to sort an array containing any number of positive integers, where all values are less than 607965432.",83f621a0a3950ab4
"Implement the quicksort algorithm in C to sort an array containing any number of positive integers, where all values are less than 610001792.",83f621a0a3950ab4
"Implement the quicksort algorithm in C to sort an array containing any number of positive integers, where all values are less than 611071201.",83f621a0a3950ab4
"Implement the quicksort algorithm in C to sort an array containing any number of positive integers, where all values are less than 619794467.",83f621a0a3950ab4
"Implement the quicksort algorithm in C to sort an array containing any number of positive integers, where all values are less than 643187385.",83f621a0a3950ab4
"Implement the quicksort algorithm in C to sort an array containing any number of positive integers, where all values are less than 657711964.",83f621a0a3950ab4
"Implement the quicksort algorithm in C to sort an array containing any number of positive integers, where all values are less than 673048586.",83f621a0a3950ab4
"Implement the quicksort algorithm in C to sort an array containing any number of positive integers, where all values are less than 679617205.",83f621a0a3950ab4
"Implement the quicksort algorithm in C to sort an array containing any number of positive integers, where all values are less than 690177135.",83f621a0a3950ab4
"Implement the quicksort algorithm in C to sort an array containing any number of positive integers, where all values are less than 762400770.",83f621a0a3950ab4
"Implement the quicksort algorithm in C to sort an array containing any number of positive integers, where all values are less than 769317199.",83f621a0a3950ab4
"Implement the quicksort algorithm in C to sort an array containing any number of positive integers, where all values are less than 884725983.",83f621a0a3950ab4
Write a C function that implements merge sort on an array of 10 integers.,83f621a0a3950ab4
Write a C function that implements merge sort on an array of 30 integers.,83f621a0a3950ab4
Write a C function that implements merge sort on an array of 53 integers.,83f621a0a3950ab4
Write a C function that implements merge sort on an array of 57 integers.,83f621a0a3950ab4
Write a C function that implements merge sort on an array of 61 integers.,83f621a0a3950ab4
Write a C function that implements merge sort on an array of 67 integers.,83f621a0a3950ab4
Write a C function that implements merge sort on an array of 9 integers.,83f621a0a3950ab4
Write a C function to compare sorting algorithms on array of size 20.,83f621a0a3950ab4
Write a C function to compare sorting algorithms on array of size 41.,83f621a0a3950ab4
Write a C function to compare sorting algorithms on array of size 45.,83f621a0a3950ab4
Write a C function to compare sorting algorithms on array of size 47.,83f621a0a3950ab4
Write a C function to compare sorting algorithms on array of size 72.,83f621a0a3950ab4
Write a C function to compare sorting algorithms on array of size 74.,83f621a0a3950ab4
Write a C function to compare sorting algorithms on array of size 84.,83f621a0a3950ab4
Write a C function to compare sorting algorithms on array of size 9.,83f621a0a3950ab4
Write a C function to sort an array of 10 integers using bubble sort.,83f621a0a3950ab4
Write a C function to sort an array of 13 integers using bubble sort.,83f621a0a3950ab4
Write a C function to sort an array of 17 integers using bubble sort.,83f621a0a3950ab4
Write a C function to sort an array of 43 integers using bubble sort.,83f621a0a3950ab4
Write a C function to sort an array of 48 integers using bubble sort.,83f621a0a3950ab4
Write a C function to sort an array of 59 integers using bubble sort.,83f621a0a3950ab4
Write a C function to sort an array of 88 integers using bubble sort.,83f621a0a3950ab4
Write a C program that implements merge sort on an array of 10 integers.,83f621a0a3950ab4
Write a C program that implements merge sort on an array of 100 integers.,83f621a0a3950ab4
Write a C program that implements merge sort on an array of 11 integers.,83f621a0a3950ab4
Write a C program that implements merge sort on an array of 14 integers.,83f621a0a3950ab4
Write a C program that implements merge sort on an array of 15 integers.,83f621a0a3950ab4
Write a C program that implements merge sort on an array of 16 integers.,83f621a0a3950ab4
Write a C program that implements merge sort on an array of 17 integers.,83f621a0a3950ab4
Write a C program that implements merge sort on an array of 18 integers.,83f621a0a3950ab4
Write a C program that implements merge sort on an array of 19 integers.,83f621a0a3950ab4
Write a C program that implements merge sort on an array of 20 integers.,83f621a0a3950ab4
Write a C program that implements merge sort on an array of 22 integers.,83f621a0a3950ab4
Write a C program that implements merge sort on an array of 23 integers.,83f621a0a3950ab4
Write a C program that implements merge sort on an array of 24 integers.,83f621a0a3950ab4
Write a C program that implements merge sort on an array of 25 integers.,83f621a0a3950ab4
Write a C program that implements merge sort on an array of 26 integers.,83f621a0a3950ab4
Write a C program that implements merge sort on an array of 28 integers.,83f621a0a3950ab4
Write a C program that implements merge sort on an array of 29 integers.,83f621a0a3950ab4
Write a C program that implements merge sort on an array of 30 integers.,83f621a0a3950ab4
Write a C program that implements merge sort on an array of 31 integers.,83f621a0a3950ab4
Write a C program that implements merge sort on an array of 33 integers.,83f621a0a3950ab4
Write a C program that implements merge sort on an array of 34 integers.,83f621a0a3950ab4
Write a C program that implements merge sort on an array of 35 integers.,83f621a0a3950ab4
Write a C program that implements merge sort on an array of 36 integers.,83f621a0a3950ab4
Write a C program that implements merge sort on an array of 37 integers.,83f621a0a3950ab4
Write a C program that implements merge sort on an array of 38 integers.,83f621a0a3950ab4
Write a C program that implements merge sort on an array of 39 integers.,83f621a0a3950ab4
Write a C program that implements merge sort on an array of 40 integers.,83f621a0a3950ab4
Write a C program that implements merge sort on an array of 41 integers.,83f621a0a3950ab4
Write a C program that implements merge sort on an array of 42 integers.,83f621a0a3950ab4
Write a C program that implements merge sort on an array of 43 integers.,83f621a0a3950ab4
Write a C program that implements merge sort on an array of 45 integers.,83f621a0a3950ab4
Write a C program that implements merge sort on an array of 46 integers.,83f621a0a3950ab4
Write a C program that implements merge sort on an array of 47 integers.,83f621a0a3950ab4
Write a C program that implements merge sort on an array of 48 integers.,83f621a0a3950ab4
Write a C program that implements merge sort on an array of 5 integers.,83f621a0a3950ab4
Write a C program that implements merge sort on an array of 50 integers.,83f621a0a3950ab4
Write a C program that implements merge sort on an array of 51 integers.,83f621a0a3950ab4
Write a C program that implements merge sort on an array of 52 integers.,83f621a0a3950ab4
Write a C program that implements merge sort on an array of 53 integers.,83f621a0a3950ab4
Write a C program that implements merge sort on an array of 54 integers.,83f621a0a3950ab4
Write a C program that implements merge sort on an array of 55 integers.,83f621a0a3950ab4
Write a C program that implements merge sort on an array of 56 integers.,83f621a0a3950ab4
Write a C program that implements merge sort on an array of 57 integers.,83f621a0a3950ab4
Write a C program that implements merge sort on an array of 58 integers.,83f621a0a3950ab4
Write a C program that implements merge sort on an array of 6 integers.,83f621a0a3950ab4
Write a C program that implements merge sort on an array of 61 integers.,83f621a0a3950ab4
Write a C program that implements merge sort on an array of 62 integers.,83f621a0a3950ab4
Write a C program that implements merge sort on an array of 63 integers.,83f621a0a3950ab4
Write a C program that implements merge sort on an array of 64 integers.,83f621a0a3950ab4
Write a C program that implements merge sort on an array of 65 integers.,83f621a0a3950ab4
Write a C program that implements merge sort on an array of 66 integers.,83f621a0a3950ab4
Write a C program that implements merge sort on an array of 67 integers.,83f621a0a3950ab4
Write a C program that implements merge sort on an array of 69 integers.,83f621a0a3950ab4
Write a C program that implements merge sort on an array of 7 integers.,83f621a0a3950ab4
Write a C program that implements merge sort on an array of 70 integers.,83f621a0a3950ab4
Write a C program that implements merge sort on an array of 72 integers.,83f621a0a3950ab4
Write a C program that implements merge sort on an array of 73 integers.,83f621a0a3950ab4
Write a C program that implements merge sort on an array of 74 integers.,83f621a0a3950ab4
Write a C program that implements merge sort on an array of 76 integers.,83f621a0a3950ab4
Write a C program that implements merge sort on an array of 77 integers.,83f621a0a3950ab4
Write a C program that implements merge sort on an array of 78 integers.,83f621a0a3950ab4
Write a C program that implements merge sort on an array of 79 integers.,83f621a0a3950ab4
Write a C program that implements merge sort on an array of 80 integers.,83f621a0a3950ab4
Write a C program that implements merge sort on an array of 81 integers.,83f621a0a3950ab4
Write a C program that implements merge sort on an array of 82 integers.,83f621a0a3950ab4
Write a C program that implements merge sort on an array of 83 integers.,83f621a0a3950ab4
Write a C program that implements merge sort on an array of 85 integers.,83f621a0a3950ab4
Write a C program that implements merge sort on an array of 86 integers.,83f621a0a3950ab4
Write a C program that implements merge sort on an array of 87 integers.,83f621a0a3950ab4
Write a C program that implements merge sort on an array of 89 integers.,83f621a0a3950ab4
Write a C program that implements merge sort on an array of 9 integers.,83f621a0a3950ab4
Write a C program that implements merge sort on an array of 91 integers.,83f621a0a3950ab4
Write a C program that implements merge sort on an array of 92 integers.,83f621a0a3950ab4
Write a C program that implements merge sort on an array of 93 integers.,83f621a0a3950ab4
Write a C program that implements merge sort on an array of 94 integers.,83f621a0a3950ab4
Write a C program that implements merge sort on an array of 95 integers.,83f621a0a3950ab4
Write a C program that implements merge sort on an array of 96 integers.,83f621a0a3950ab4
Write a C program that implements merge sort on an array of 97 integers.,83f621a0a3950ab4
Write a C program that implements merge sort on an array of 98 integers.,83f621a0a3950ab4
Write a C program that implements merge sort on an array of 99 integers.,83f621a0a3950ab4
Write a C program to compare sorting algorithms on array of size 100.,83f621a0a3950ab4
Write a C program to compare sorting algorithms on array of size 11.,83f621a0a3950ab4
Write a C program to compare sorting algorithms on array of size 12.,83f621a0a3950ab4
Write a C program to compare sorting algorithms on array of size 13.,83f621a0a3950ab4
Write a C program to compare sorting algorithms on array of size 15.,83f621a0a3950ab4
Write a C program to compare sorting algorithms on array of size 16.,83f621a0a3950ab4
Write a C program to compare sorting algorithms on array of size 17.,83f621a0a3950ab4
Write a C program to compare sorting algorithms on array of size 18.,83f621a0a3950ab4
Write a C program to compare sorting algorithms on array of size 20.,83f621a0a3950ab4
Write a C program to compare sorting algorithms on array of size 21.,83f621a0a3950ab4
Write a C program to compare sorting algorithms on array of size 22.,83f621a0a3950ab4
Write a C program to compare sorting algorithms on array of size 23.,83f621a0a3950ab4
Write a C program to compare sorting algorithms on array of size 24.,83f621a0a3950ab4
Write a C program to compare sorting algorithms on array of size 25.,83f621a0a3950ab4
Write a C program to compare sorting algorithms on array of size 26.,83f621a0a3950ab4
Write a C program to compare sorting algorithms on array of size 27.,83f621a0a3950ab4
Write a C program to compare sorting algorithms on array of size 29.,83f621a0a3950ab4
Write a C program to compare sorting algorithms on array of size 30.,83f621a0a3950ab4
Write a C program to compare sorting algorithms on array of size 31.,83f621a0a3950ab4
Write a C program to compare sorting algorithms on array of size 33.,83f621a0a3950ab4
Write a C program to compare sorting algorithms on array of size 34.,83f621a0a3950ab4
Write a C program to compare sorting algorithms on array of size 35.,83f621a0a3950ab4
Write a C program to compare sorting algorithms on array of size 36.,83f621a0a3950ab4
Write a C program to compare sorting algorithms on array of size 37.,83f621a0a3950ab4
Write a C program to compare sorting algorithms on array of size 38.,83f621a0a3950ab4
Write a C program to compare sorting algorithms on array of size 39.,83f621a0a3950ab4
Write a C program to compare sorting algorithms on array of size 40.,83f621a0a3950ab4
Write a C program to compare sorting algorithms on array of size 41.,83f621a0a3950ab4
Write a C program to compare sorting algorithms on array of size 42.,83f621a0a3950ab4
Write a C program to compare sorting algorithms on array of size 43.,83f621a0a3950ab4
Write a C program to compare sorting algorithms on array of size 44.,83f621a0a3950ab4
Write a C program to compare sorting algorithms on array of size 45.,83f621a0a3950ab4
Write a C program to compare sorting algorithms on array of size 46.,83f621a0a3950ab4
Write a C program to compare sorting algorithms on array of size 49.,83f621a0a3950ab4
Write a C program to compare sorting algorithms on array of size 5.,83f621a0a3950ab4
Write a C program to compare sorting algorithms on array of size 50.,83f621a0a3950ab4
Write a C program to compare sorting algorithms on array of size 52.,83f621a0a3950ab4
Write a C program to compare sorting algorithms on array of size 53.,83f621a0a3950ab4
Write a C program to compare sorting algorithms on array of size 54.,83f621a0a3950ab4
Write a C program to compare sorting algorithms on array of size 55.,83f621a0a3950ab4
Write a C program to compare sorting algorithms on array of size 56.,83f621a0a3950ab4
Write a C program to compare sorting algorithms on array of size 57.,83f621a0a3950ab4
Write a C program to compare sorting algorithms on array of size 58.,83f621a0a3950ab4
Write a C program to compare sorting algorithms on array of size 59.,83f621a0a3950ab4
Write a C program to compare sorting algorithms on array of size 6.,83f621a0a3950ab4
Write a C program to compare sorting algorithms on array of size 60.,83f621a0a3950ab4
Write a C program to compare sorting algorithms on array of size 61.,83f621a0a3950ab4
Write a C program to compare sorting algorithms on array of size 62.,83f621a0a3950ab4
Write a C program to compare sorting algorithms on array of size 63.,83f621a0a3950ab4
Write a C program to compare sorting algorithms on array of size 64.,83f621a0a3950ab4
Write a C program to compare sorting algorithms on array of size 65.,83f621a0a3950ab4
Write a C program to compare sorting algorithms on array of size 66.,83f621a0a3950ab4
Write a C program to compare sorting algorithms on array of size 68.,83f621a0a3950ab4
Write a C program to compare sorting algorithms on array of size 69.,83f621a0a3950ab4
Write a C program to compare sorting algorithms on array of size 7.,83f621a0a3950ab4
Write a C program to compare sorting algorithms on array of size 72.,83f621a0a3950ab4
Write a C program to compare sorting algorithms on array of size 73.,83f621a0a3950ab4
Write a C program to compare sorting algorithms on array of size 74.,83f621a0a3950ab4
Write a C program to compare sorting algorithms on array of size 75.,83f621a0a3950ab4
Write a C program to compare sorting algorithms on array of size 77.,83f621a0a3950ab4
Write a C program to compare sorting algorithms on array of size 78.,83f621a0a3950ab4
Write a C program to compare sorting algorithms on array of size 79.,83f621a0a3950ab4
Write a C program to compare sorting algorithms on array of size 8.,83f621a0a3950ab4
Write a C program to compare sorting algorithms on array of size 80.,83f621a0a3950ab4
Write a C program to compare sorting algorithms on array of size 81.,83f621a0a3950ab4
Write a C program to compare sorting algorithms on array of size 82.,83f621a0a3950ab4
Write a C program to compare sorting algorithms on array of size 83.,83f621a0a3950ab4
Write a C program to compare sorting algorithms on array of size 84.,83f621a0a3950ab4
Write a C program to compare sorting algorithms on array of size 87.,83f621a0a3950ab4
Write a C program to compare sorting algorithms on array of size 9.,83f621a0a3950ab4
Write a C program to compare sorting algorithms on array of size 90.,83f621a0a3950ab4
Write a C program to compare sorting algorithms on array of size 92.,83f621a0a3950ab4
Write a C program to compare sorting algorithms on array of size 93.,83f621a0a3950ab4
Write a C program to compare sorting algorithms on array of size 94.,83f621a0a3950ab4
Write a C program to compare sorting algorithms on array of size 95.,83f621a0a3950ab4
Write a C program to compare sorting algorithms on array of size 96.,83f621a0a3950ab4
Write a C program to compare sorting algorithms on array of size 97.,83f621a0a3950ab4
Write a C program to compare sorting algorithms on array of size 99.,83f621a0a3950ab4
Write a C program to sort an array of 10 integers using bubble sort.,83f621a0a3950ab4
Write a C program to sort an array of 100 integers using bubble sort.,83f621a0a3950ab4
Write a C program to sort an array of 12 integers using bubble sort.,83f621a0a3950ab4
Write a C program to sort an array of 13 integers using bubble sort.,83f621a0a3950ab4
Write a C program to sort an array of 15 integers using bubble sort.,83f621a0a3950ab4
Write a C program to sort an array of 16 integers using bubble sort.,83f621a0a3950ab4
Write a C program to sort an array of 17 integers using bubble sort.,83f621a0a3950ab4
Write a C program to sort an array of 18 integers using bubble sort.,83f621a0a3950ab4
Write a C program to sort an array of 19 integers using bubble sort.,83f621a0a3950ab4
Write a C program to sort an array of 20 integers using bubble sort.,83f621a0a3950ab4
Write a C program to sort an array of 21 integers using bubble sort.,83f621a0a3950ab4
Write a C program to sort an array of 22 integers using bubble sort.,83f621a0a3950ab4
Write a C program to sort an array of 23 integers using bubble sort.,83f621a0a3950ab4
Write a C program to sort an array of 24 integers using bubble sort.,83f621a0a3950ab4
Write a C program to sort an array of 27 integers using bubble sort.,83f621a0a3950ab4
Write a C program to sort an array of 28 integers using bubble sort.,83f621a0a3950ab4
Write a C program to sort an array of 29 integers using bubble sort.,83f621a0a3950ab4
Write a C program to sort an array of 30 integers using bubble sort.,83f621a0a3950ab4
Write a C program to sort an array of 31 integers using bubble sort.,83f621a0a3950ab4
Write a C program to sort an array of 32 integers using bubble sort.,83f621a0a3950ab4
Write a C program to sort an array of 33 integers using bubble sort.,83f621a0a3950ab4
Write a C program to sort an array of 34 integers using bubble sort.,83f621a0a3950ab4
Write a C program to sort an array of 35 integers using bubble sort.,83f621a0a3950ab4
Write a C program to sort an array of 37 integers using bubble sort.,83f621a0a3950ab4
Write a C program to sort an array of 38 integers using bubble sort.,83f621a0a3950ab4
Write a C program to sort an array of 39 integers using bubble sort.,83f621a0a3950ab4
Write a C program to sort an array of 40 integers using bubble sort.,83f621a0a3950ab4
Write a C program to sort an array of 41 integers using bubble sort.,83f621a0a3950ab4
Write a C program to sort an array of 42 integers using bubble sort.,83f621a0a3950ab4
Write a C program to sort an array of 46 integers using bubble sort.,83f621a0a3950ab4
Write a C program to sort an array of 47 integers using bubble sort.,83f621a0a3950ab4
Write a C program to sort an array of 48 integers using bubble sort.,83f621a0a3950ab4
Write a C program to sort an array of 49 integers using bubble sort.,83f621a0a3950ab4
Write a C program to sort an array of 50 integers using bubble sort.,83f621a0a3950ab4
Write a C program to sort an array of 51 integers using bubble sort.,83f621a0a3950ab4
Write a C program to sort an array of 52 integers using bubble sort.,83f621a0a3950ab4
Write a C program to sort an array of 53 integers using bubble sort.,83f621a0a3950ab4
Write a C program to sort an array of 54 integers using bubble sort.,83f621a0a3950ab4
Write a C program to sort an array of 55 integers using bubble sort.,83f621a0a3950ab4
Write a C program to sort an array of 56 integers using bubble sort.,83f621a0a3950ab4
Write a C program to sort an array of 57 integers using bubble sort.,83f621a0a3950ab4
Write a C program to sort an array of 58 integers using bubble sort.,83f621a0a3950ab4
Write a C program to sort an array of 59 integers using bubble sort.,83f621a0a3950ab4
Write a C program to sort an array of 6 integers using bubble sort.,83f621a0a3950ab4
Write a C program to sort an array of 60 integers using bubble sort.,83f621a0a3950ab4
Write a C program to sort an array of 61 integers using bubble sort.,83f621a0a3950ab4
Write a C program to sort an array of 62 integers using bubble sort.,83f621a0a3950ab4
Write a C program to sort an array of 64 integers using bubble sort.,83f621a0a3950ab4
Write a C program to sort an array of 66 integers using bubble sort.,83f621a0a3950ab4
Write a C program to sort an array of 68 integers using bubble sort.,83f621a0a3950ab4
Write a C program to sort an array of 69 integers using bubble sort.,83f621a0a3950ab4
Write a C program to sort an array of 7 integers using bubble sort.,83f621a0a3950ab4
Write a C program to sort an array of 70 integers using bubble sort.,83f621a0a3950ab4
Write a C program to sort an array of 71 integers using bubble sort.,83f621a0a3950ab4
Write a C program to sort an array of 72 integers using bubble sort.,83f621a0a3950ab4
Write a C program to sort an array of 74 integers using bubble sort.,83f621a0a3950ab4
Write a C program to sort an array of 75 integers using bubble sort.,83f621a0a3950ab4
Write a C program to sort an array of 76 integers using bubble sort.,83f621a0a3950ab4
Write a C program to sort an array of 77 integers using bubble sort.,83f621a0a3950ab4
Write a C program to sort an array of 78 integers using bubble sort.,83f621a0a3950ab4
Write a C program to sort an array of 8 integers using bubble sort.,83f621a0a3950ab4
Write a C program to sort an array of 80 integers using bubble sort.,83f621a0a3950ab4
Write a C program to sort an array of 81 integers using bubble sort.,83f621a0a3950ab4
Write a C program to sort an array of 83 integers using bubble sort.,83f621a0a3950ab4
Write a C program to sort an array of 85 integers using bubble sort.,83f621a0a3950ab4
Write a C program to sort an array of 87 integers using bubble sort.,83f621a0a3950ab4
Write a C program to sort an array of 89 integers using bubble sort.,83f621a0a3950ab4
Write a C program to sort an array of 90 integers using bubble sort.,83f621a0a3950ab4
Write a C program to sort an array of 92 integers using bubble sort.,83f621a0a3950ab4
Write a C program to sort an array of 93 integers using bubble sort.,83f621a0a3950ab4
Write a C program to sort an array of 95 integers using bubble sort.,83f621a0a3950ab4
Write a C program to sort an array of 96 integers using bubble sort.,83f621a0a3950ab4
Write a C program to sort an array of 98 integers using bubble sort.,83f621a0a3950ab4
Write a C program to sort an array of 99 integers using bubble sort.,83f621a0a3950ab4
Create a C function to compress text 'Key#1234' using Huffman coding.,850058128df7f6ba
Create a C function to compress text 'OpenAI2025!' using Huffman coding.,850058128df7f6ba
Create a C function to compress text 'Pa$$w0rd!' using Huffman coding.,850058128df7f6ba
Create a C function to compress text 'Qwerty!@#' using Huffman coding.,850058128df7f6ba
Create a C function to compress text 'guest_login' using Huffman coding.,850058128df7f6ba
Create a C function to compress text 'helloWorld99' using Huffman coding.,850058128df7f6ba
Create a C program to compress text 'AI_engine_v2' using Huffman coding.,850058128df7f6ba
Create a C program to compress text 'Dev@Mode' using Huffman coding.,850058128df7f6ba
Create a C program to compress text 'Key#1234' using Huffman coding.,850058128df7f6ba
Create a C program to compress text 'OpenAI2025!' using Huffman coding.,850058128df7f6ba
Create a C program to compress text 'Pa$$w0rd!' using Huffman coding.,850058128df7f6ba
Create a C program to compress text 'Qwerty!@#' using Huffman coding.,850058128df7f6ba
Create a C program to compress text 'Token_ABC987' using Huffman coding.,850058128df7f6ba
Create a C program to compress text 'accessGranted' using Huffman coding.,850058128df7f6ba
Create a C program to compress text 'admin2024$' using Huffman coding.,850058128df7f6ba
Create a C program to compress text 'examplePwd' using Huffman coding.,850058128df7f6ba
Create a C program to compress text 'guest_login' using Huffman coding.,850058128df7f6ba
Create a C program to compress text 'helloWorld99' using Huffman coding.,850058128df7f6ba
Create a C program to compress text 'securePass123' using Huffman coding.,850058128df7f6ba
Create a C program to compress text 'user_001' using Huffman coding.,850058128df7f6ba
Create a C program to compress text 'xYz_321_secure' using Huffman coding.,850058128df7f6ba
Write a C function that writes the huffman encoded version of the string 'OpenAI2025!' to a file.,850058128df7f6ba
Write a C function that writes the huffman encoded version of the string 'Qwerty!@#' to a file.,850058128df7f6ba
Write a C function that writes the huffman encoded version of the string 'accessGranted' to a file.,850058128df7f6ba
Write a C function that writes the huffman encoded version of the string 'examplePwd' to a file.,850058128df7f6ba
Write a C function that writes the huffman encoded version of the string 'guest_login' to a file.,850058128df7f6ba
Write a C function that writes the huffman encoded version of the string 'helloWorld99' to a file.,850058128df7f6ba
Write a C function that writes the huffman encoded version of the string 'xYz_321_secure' to a file.,850058128df7f6ba
Write a C program that writes the huffman encoded version of the string 'AI_engine_v2' to a file.,850058128df7f6ba
Write a C program that writes the huffman encoded version of the string 'Key#1234' to a file.,850058128df7f6ba
Write a C program that writes the huffman encoded version of the string 'OpenAI2025!' to a file.,850058128df7f6ba
Write a C program that writes the huffman encoded version of the string 'Pa$$w0rd!' to a file.,850058128df7f6ba
Write a C program that writes the huffman encoded version of the string 'Qwerty!@#' to a file.,850058128df7f6ba
Write a C program that writes the huffman encoded version of the string 'Token_ABC987' to a file.,850058128df7f6ba
Write a C program that writes the huffman encoded version of the string 'accessGranted' to a file.,850058128df7f6ba
Write a C program that writes the huffman encoded version of the string 'admin2024$' to a file.,850058128df7f6ba
Write a C program that writes the huffman encoded version of the string 'guest_login' to a file.,850058128df7f6ba
Write a C program that writes the huffman encoded version of the string 'securePass123' to a file.,850058128df7f6ba
Write a C program that writes the huffman encoded version of the string 'user_001' to a file.,850058128df7f6ba
Write a C program that writes the huffman encoded version of the string 'xYz_321_secure' to a file.,850058128df7f6ba
Make a C function to count the number of words in user input.,85ce9b6f67208d41
Make a C program to count the number of words in user input.,85ce9b6f67208d41
Create a C function for a number guessing game between 1 and 30.,87307ea56d8b1697
Create a C function for a number guessing game between 1 and 31.,87307ea56d8b1697
Create a C function for a number guessing game between 1 and 41.,87307ea56d8b1697
Create a C function for a number guessing game between 1 and 45.,87307ea56d8b1697
Create a C function for a number guessing game between 1 and 49.,87307ea56d8b1697
Create a C function for a number guessing game between 1 and 86.,87307ea56d8b1697
Create a C function for a number guessing game between 1 and 87.,87307ea56d8b1697
Create a C program for a number guessing game between 1 and 10.,87307ea56d8b1697
Create a C program for a number guessing game between 1 and 13.,87307ea56d8b1697
Create a C program for a number guessing game between 1 and 17.,87307ea56d8b1697
Create a C program for a number guessing game between 1 and 18.,87307ea56d8b1697
Create a C program for a number guessing game between 1 and 19.,87307ea56d8b1697
Create a C program for a number guessing game between 1 and 22.,87307ea56d8b1697
Create a C program for a number guessing game between 1 and 26.,87307ea56d8b1697
Create a C program for a number guessing game between 1 and 28.,87307ea56d8b1697
Create a C program for a number guessing game between 1 and 30.,87307ea56d8b1697
Create a C program for a number guessing game between 1 and 40.,87307ea56d8b1697
Create a C program for a number guessing game between 1 and 41.,87307ea56d8b1697
Create a C program for a number guessing game between 1 and 50.,87307ea56d8b1697
Create a C program for a number guessing game between 1 and 51.,87307ea56d8b1697
Create a C program for a number guessing game between 1 and 53.,87307ea56d8b1697
Create a C program for a number guessing game between 1 and 56.,87307ea56d8b1697
Create a C program for a number guessing game between 1 and 64.,87307ea56d8b1697
Create a C program for a number guessing game between 1 and 74.,87307ea56d8b1697
Create a C program for a number guessing game between 1 and 77.,87307ea56d8b1697
Create a C program for a number guessing game between 1 and 79.,87307ea56d8b1697
Create a C program for a number guessing game between 1 and 82.,87307ea56d8b1697
Create a C program for a number guessing game between 1 and 90.,87307ea56d8b1697
Create a C program for a number guessing game between 1 and 94.,87307ea56d8b1697
Create a C program for a number guessing game between 1 and 99.,87307ea56d8b1697
Create a C program for a number guessing game between 1 and {max}.,87307ea56d8b1697
Write a C function that plays a number guessing game with the user.,87307ea56d8b1697
Write a C program that plays a number guessing game with the user.,87307ea56d8b1697
Create a C function that balances a binary search tree after each insertion.,87747ee360cd1d26
Create a C program that balances a binary search tree after each insertion.,87747ee360cd1d26
Generate a C function that implements AVL tree insertion for 10 elements.,87747ee360cd1d26
Generate a C function that implements AVL tree insertion for 19 elements.,87747ee360cd1d26
Generate a C function that implements AVL tree insertion for 32 elements.,87747ee360cd1d26
Generate a C function that implements AVL tree insertion for 53 elements.,87747ee360cd1d26
Generate a C function that implements AVL tree insertion for 6 elements.,87747ee360cd1d26
Generate a C function that implements AVL tree insertion for 63 elements.,87747ee360cd1d26
Generate a C function that implements AVL tree insertion for 73 elements.,87747ee360cd1d26
Generate a C program that implements AVL tree insertion for 10 elements.,87747ee360cd1d26
Generate a C program that implements AVL tree insertion for 100 elements.,87747ee360cd1d26
Generate a C program that implements AVL tree insertion for 11 elements.,87747ee360cd1d26
Generate a C program that implements AVL tree insertion for 12 elements.,87747ee360cd1d26
Generate a C program that implements AVL tree insertion for 13 elements.,87747ee360cd1d26
Generate a C program that implements AVL tree insertion for 14 elements.,87747ee360cd1d26
Generate a C program that implements AVL tree insertion for 15 elements.,87747ee360cd1d26
Generate a C program that implements AVL tree insertion for 17 elements.,87747ee360cd1d26
Generate a C program that implements AVL tree insertion for 2 elements.,87747ee360cd1d26
Generate a C program that implements AVL tree insertion for 20 elements.,87747ee360cd1d26
Generate a C program that implements AVL tree insertion for 21 elements.,87747ee360cd1d26
Generate a C program that implements AVL tree insertion for 25 elements.,87747ee360cd1d26
Generate a C program that implements AVL tree insertion for 26 elements.,87747ee360cd1d26
Generate a C program that implements AVL tree insertion for 27 elements.,87747ee360cd1d26
Generate a C program that implements AVL tree insertion for 28 elements.,87747ee360cd1d26
Generate a C program that implements AVL tree insertion for 3 elements.,87747ee360cd1d26
Generate a C program that implements AVL tree insertion for 30 elements.,87747ee360cd1d26
Generate a C program that implements AVL tree insertion for 31 elements.,87747ee360cd1d26
Generate a C program that implements AVL tree insertion for 33 elements.,87747ee360cd1d26
Generate a C program that implements AVL tree insertion for 34 elements.,87747ee360cd1d26
Generate a C program that implements AVL tree insertion for 36 elements.,87747ee360cd1d26
Generate a C program that implements AVL tree insertion for 37 elements.,87747ee360cd1d26
Generate a C program that implements AVL tree insertion for 38 elements.,87747ee360cd1d26
Generate a C program that implements AVL tree insertion for 39 elements.,87747ee360cd1d26
Generate a C program that implements AVL tree insertion for 4 elements.,87747ee360cd1d26
Generate a C program that implements AVL tree insertion for 42 elements.,87747ee360cd1d26
Generate a C program that implements AVL tree insertion for 43 elements.,87747ee360cd1d26
Generate a C program that implements AVL tree insertion for 44 elements.,87747ee360cd1d26
Generate a C program that implements AVL tree insertion for 45 elements.,87747ee360cd1d26
Generate a C program that implements AVL tree insertion for 46 elements.,87747ee360cd1d26
Generate a C program that implements AVL tree insertion for 5 elements.,87747ee360cd1d26
Generate a C program that implements AVL tree insertion for 50 elements.,87747ee360cd1d26
Generate a C program that implements AVL tree insertion for 53 elements.,87747ee360cd1d26
Generate a C program that implements AVL tree insertion for 56 elements.,87747ee360cd1d26
Generate a C program that implements AVL tree insertion for 57 elements.,87747ee360cd1d26
Generate a C program that implements AVL tree insertion for 58 elements.,87747ee360cd1d26
Generate a C program that implements AVL tree insertion for 59 elements.,87747ee360cd1d26
Generate a C program that implements AVL tree insertion for 6 elements.,87747ee360cd1d26
Generate a C program that implements AVL tree insertion for 61 elements.,87747ee360cd1d26
Generate a C program that implements AVL tree insertion for 62 elements.,87747ee360cd1d26
Generate a C program that implements AVL tree insertion for 63 elements.,87747ee360cd1d26
Generate a C program that implements AVL tree insertion for 64 elements.,87747ee360cd1d26
Generate a C program that implements AVL tree insertion for 65 elements.,87747ee360cd1d26
Generate a C program that implements AVL tree insertion for 67 elements.,87747ee360cd1d26
Generate a C program that implements AVL tree insertion for 68 elements.,87747ee360cd1d26
Generate a C program that implements AVL tree insertion for 69 elements.,87747ee360cd1d26
Generate a C program that implements AVL tree insertion for 7 elements.,87747ee360cd1d26
Generate a C program that implements AVL tree insertion for 70 elements.,87747ee360cd1d26
Generate a C program that implements AVL tree insertion for 71 elements.,87747ee360cd1d26
Generate a C program that implements AVL tree insertion for 73 elements.,87747ee360cd1d26
Generate a C program that implements AVL tree insertion for 74 elements.,87747ee360cd1d26
Generate a C program that implements AVL tree insertion for 75 elements.,87747ee360cd1d26
Generate a C program that implements AVL tree insertion for 78 elements.,87747ee360cd1d26
Generate a C program that implements AVL tree insertion for 79 elements.,87747ee360cd1d26
Generate a C program that implements AVL tree insertion for 81 elements.,87747ee360cd1d26
Generate a C program that implements AVL tree insertion for 83 elements.,87747ee360cd1d26
Generate a C program that implements AVL tree insertion for 84 elements.,87747ee360cd1d26
Generate a C program that implements AVL tree insertion for 85 elements.,87747ee360cd1d26
Generate a C program that implements AVL tree insertion for 86 elements.,87747ee360cd1d26
Generate a C program that implements AVL tree insertion for 87 elements.,87747ee360cd1d26
Generate a C program that implements AVL tree insertion for 88 elements.,87747ee360cd1d26
Generate a C program that implements AVL tree insertion for 89 elements.,87747ee360cd1d26
Generate a C program that implements AVL tree insertion for 9 elements.,87747ee360cd1d26
Generate a C program that implements AVL tree insertion for 90 elements.,87747ee360cd1d26
Generate a C program that implements AVL tree insertion for 91 elements.,87747ee360cd1d26
Generate a C program that implements AVL tree insertion for 92 elements.,87747ee360cd1d26
Generate a C program that implements AVL tree insertion for 93 elements.,87747ee360cd1d26
Generate a C program that implements AVL tree insertion for 94 elements.,87747ee360cd1d26
Generate a C program that implements AVL tree insertion for 95 elements.,87747ee360cd1d26
Generate a C program that implements AVL tree insertion for 96 elements.,87747ee360cd1d26
Generate a C program that implements AVL tree insertion for 97 elements.,87747ee360cd1d26
Generate a C program that implements AVL tree insertion for 99 elements.,87747ee360cd1d26
"Make a C function to implement a binary search tree from an array of 15 positive integers. If the element is not found, return -1.",87747ee360cd1d26
"Make a C function to implement a binary search tree from an array of 36 positive integers. If the element is not found, return -1.",87747ee360cd1d26
"Make a C function to implement a binary search tree from an array of 37 positive integers. If the element is not found, return -1.",87747ee360cd1d26
"Make a C function to implement a binary search tree from an array of 6 positive integers. If the element is not found, return -1.",87747ee360cd1d26
"Make a C function to implement a binary search tree from an array of 73 positive integers. If the element is not found, return -1.",87747ee360cd1d26
"Make a C function to implement a binary search tree from an array of 85 positive integers. If the element is not found, return -1.",87747ee360cd1d26
"Make a C function to implement a binary search tree from an array of 96 positive integers. If the element is not found, return -1.",87747ee360cd1d26
Make a C program to implement a binary search tree from an array of 10 integers.,87747ee360cd1d26
Make a C program to implement a binary search tree from an array of 100 integers.,87747ee360cd1d26
Make a C program to implement a binary search tree from an array of 11 integers.,87747ee360cd1d26
Make a C program to implement a binary search tree from an array of 13 integers.,87747ee360cd1d26
Make a C program to implement a binary search tree from an array of 14 integers.,87747ee360cd1d26
Make a C program to implement a binary search tree from an array of 15 integers.,87747ee360cd1d26
"Make a C program to implement a binary search tree from an array of 15 positive integers. If the element is not found, return -1.",87747ee360cd1d26
Make a C program to implement a binary search tree from an array of 16 integers.,87747ee360cd1d26
Make a C program to implement a binary search tree from an array of 17 integers.,87747ee360cd1d26
Make a C program to implement a binary search tree from an array of 18 integers.,87747ee360cd1d26
"Make a C program to implement a binary search tree from an array of 18 positive integers. If the element is not found, return -1.",87747ee360cd1d26
Make a C program to implement a binary search tree from an array of 19 integers.,87747ee360cd1d26
Make a C program to implement a binary search tree from an array of 20 integers.,87747ee360cd1d26
"Make a C program to implement a binary search tree from an array of 20 positive integers. If the element is not found, return -1.",87747ee360cd1d26
Make a C program to implement a binary search tree from an array of 21 integers.,87747ee360cd1d26
"Make a C program to implement a binary search tree from an array of 21 positive integers. If the element is not found, return -1.",87747ee360cd1d26
Make a C program to implement a binary search tree from an array of 23 integers.,87747ee360cd1d26
"Make a C program to implement a binary search tree from an array of 23 positive integers. If the element is not found, return -1.",87747ee360cd1d26
Make a C program to implement a binary search tree from an array of 24 integers.,87747ee360cd1d26
"Make a C program to implement a binary search tree from an array of 24 positive integers. If the element is not found, return -1.",87747ee360cd1d26
Make a C program to implement a binary search tree from an array of 25 integers.,87747ee360cd1d26
Make a C program to implement a binary search tree from an array of 26 integers.,87747ee360cd1d26
Make a C program to implement a binary search tree from an array of 27 integers.,87747ee360cd1d26
Make a C program to implement a binary search tree from an array of 28 integers.,87747ee360cd1d26
Make a C program to implement a binary search tree from an array of 29 integers.,87747ee360cd1d26
"Make a C program to implement a binary search tree from an array of 29 positive integers. If the element is not found, return -1.",87747ee360cd1d26
Make a C program to implement a binary search tree from an array of 30 integers.,87747ee360cd1d26
"Make a C program to implement a binary search tree from an array of 30 positive integers. If the element is not found, return -1.",87747ee360cd1d26
Make a C program to implement a binary search tree from an array of 31 integers.,87747ee360cd1d26
Make a C program to implement a binary search tree from an array of 32 integers.,87747ee360cd1d26
Make a C program to implement a binary search tree from an array of 33 integers.,87747ee360cd1d26
"Make a C program to implement a binary search tree from an array of 33 positive integers. If the element is not found, return -1.",87747ee360cd1d26
Make a C program to implement a binary search tree from an array of 34 integers.,87747ee360cd1d26
Make a C program to implement a binary search tree from an array of 36 integers.,87747ee360cd1d26
"Make a C program to implement a binary search tree from an array of 36 positive integers. If the element is not found, return -1.",87747ee360cd1d26
"Make a C program to implement a binary search tree from an array of 37 positive integers. If the element is not found, return -1.",87747ee360cd1d26
Make a C program to implement a binary search tree from an array of 38 integers.,87747ee360cd1d26
Make a C program to implement a binary search tree from an array of 39 integers.,87747ee360cd1d26
Make a C program to implement a binary search tree from an array of 40 integers.,87747ee360cd1d26
"Make a C program to implement a binary search tree from an array of 40 positive integers. If the element is not found, return -1.",87747ee360cd1d26
Make a C program to implement a binary search tree from an array of 41 integers.,87747ee360cd1d26
Make a C program to implement a binary search tree from an array of 42 integers.,87747ee360cd1d26
Make a C program to implement a binary search tree from an array of 43 integers.,87747ee360cd1d26
Make a C program to implement a binary search tree from an array of 44 integers.,87747ee360cd1d26
Make a C program to implement a binary search tree from an array of 46 integers.,87747ee360cd1d26
Make a C program to implement a binary search tree from an array of 47 integers.,87747ee360cd1d26
Make a C program to implement a binary search tree from an array of 49 integers.,87747ee360cd1d26
"Make a C program to implement a binary search tree from an array of 5 positive integers. If the element is not found, return -1.",87747ee360cd1d26
Make a C program to implement a binary search tree from an array of 50 integers.,87747ee360cd1d26
"Make a C program to implement a binary search tree from an array of 50 positive integers. If the element is not found, return -1.",87747ee360cd1d26
"Make a C program to implement a binary search tree from an array of 51 positive integers. If the element is not found, return -1.",87747ee360cd1d26
Make a C program to implement a binary search tree from an array of 53 integers.,87747ee360cd1d26
Make a C program to implement a binary search tree from an array of 55 integers.,87747ee360cd1d26
"Make a C program to implement a binary search tree from an array of 55 positive integers. If the element is not found, return -1.",87747ee360cd1d26
"Make a C program to implement a binary search tree from an array of 56 positive integers. If the element is not found, return -1.",87747ee360cd1d26
Make a C program to implement a binary search tree from an array of 57 integers.,87747ee360cd1d26
Make a C program to implement a binary search tree from an array of 58 integers.,87747ee360cd1d26
Make a C program to implement a binary search tree from an array of 59 integers.,87747ee360cd1d26
"Make a C program to implement a binary search tree from an array of 59 positive integers. If the element is not found, return -1.",87747ee360cd1d26
Make a C program to implement a binary search tree from an array of 60 integers.,87747ee360cd1d26
Make a C program to implement a binary search tree from an array of 61 integers.,87747ee360cd1d26
Make a C program to implement a binary search tree from an array of 62 integers.,87747ee360cd1d26
Make a C program to implement a binary search tree from an array of 63 integers.,87747ee360cd1d26
"Make a C program to implement a binary search tree from an array of 63 positive integers. If the element is not found, return -1.",87747ee360cd1d26
Make a C program to implement a binary search tree from an array of 64 integers.,87747ee360cd1d26
Make a C program to implement a binary search tree from an array of 65 integers.,87747ee360cd1d26
Make a C program to implement a binary search tree from an array of 66 integers.,87747ee360cd1d26
Make a C program to implement a binary search tree from an array of 68 integers.,87747ee360cd1d26
Make a C program to implement a binary search tree from an array of 69 integers.,87747ee360cd1d26
"Make a C program to implement a binary search tree from an array of 69 positive integers. If the element is not found, return -1.",87747ee360cd1d26
Make a C program to implement a binary search tree from an array of 7 integers.,87747ee360cd1d26
Make a C program to implement a binary search tree from an array of 70 integers.,87747ee360cd1d26
Make a C program to implement a binary search tree from an array of 71 integers.,87747ee360cd1d26
Make a C program to implement a binary search tree from an array of 73 integers.,87747ee360cd1d26
Make a C program to implement a binary search tree from an array of 74 integers.,87747ee360cd1d26
"Make a C program to implement a binary search tree from an array of 74 positive integers. If the element is not found, return -1.",87747ee360cd1d26
Make a C program to implement a binary search tree from an array of 75 integers.,87747ee360cd1d26
"Make a C program to implement a binary search tree from an array of 75 positive integers. If the element is not found, return -1.",87747ee360cd1d26
Make a C program to implement a binary search tree from an array of 76 integers.,87747ee360cd1d26
Make a C program to implement a binary search tree from an array of 77 integers.,87747ee360cd1d26
Make a C program to implement a binary search tree from an array of 78 integers.,87747ee360cd1d26
Make a C program to implement a binary search tree from an array of 79 integers.,87747ee360cd1d26
Make a C program to implement a binary search tree from an array of 8 integers.,87747ee360cd1d26
Make a C program to implement a binary search tree from an array of 80 integers.,87747ee360cd1d26
Make a C program to implement a binary search tree from an array of 81 integers.,87747ee360cd1d26
Make a C program to implement a binary search tree from an array of 82 integers.,87747ee360cd1d26
"Make a C program to implement a binary search tree from an array of 82 positive integers. If the element is not found, return -1.",87747ee360cd1d26
Make a C program to implement a binary search tree from an array of 83 integers.,87747ee360cd1d26
Make a C program to implement a binary search tree from an array of 84 integers.,87747ee360cd1d26
Make a C program to implement a binary search tree from an array of 85 integers.,87747ee360cd1d26
"Make a C program to implement a binary search tree from an array of 85 positive integers. If the element is not found, return -1.",87747ee360cd1d26
Make a C program to implement a binary search tree from an array of 86 integers.,87747ee360cd1d26
Make a C program to implement a binary search tree from an array of 91 integers.,87747ee360cd1d26
"Make a C program to implement a binary search tree from an array of 91 positive integers. If the element is not found, return -1.",87747ee360cd1d26
Make a C program to implement a binary search tree from an array of 92 integers.,87747ee360cd1d26
Make a C program to implement a binary search tree from an array of 93 integers.,87747ee360cd1d26
Make a C program to implement a binary search tree from an array of 94 integers.,87747ee360cd1d26
Make a C program to implement a binary search tree from an array of 95 integers.,87747ee360cd1d26
"Make a C program to implement a binary search tree from an array of 95 positive integers. If the element is not found, return -1.",87747ee360cd1d26
Make a C program to implement a binary search tree from an array of 96 integers.,87747ee360cd1d26
Make a C program to implement a binary search tree from an array of 97 integers.,87747ee360cd1d26
Make a C program to implement a binary search tree from an array of 98 integers.,87747ee360cd1d26
Make a C program to implement a binary search tree from an array of 99 integers.,87747ee360cd1d26
Build a C function to simulate the spread of a virus in a population using SIR model equations.,8b58a8cd6e2ea863
Build a C program to simulate the spread of a virus in a population using SIR model equations.,8b58a8cd6e2ea863
Write a C function to parse and validate an IPv4 address. Also specify if it is public or private.,8cc2d9248cde6614
Write a C program to parse and validate an IPv4 address.,8cc2d9248cde6614
Write a C program to parse and validate an IPv4 address. Also specify if it is public or private.,8cc2d9248cde6614
"Write an application in the C programming language, that reads from a binary file and receives an encoding as a parameter, then decodes the file contents and prints them to the console. It should support ASCII, HEX, and Base64",8d3cf443838774e1
"Implement a C function that given some bytes and a key, calculates the HMAC hash of it using SHA256. Do not use a library for the HMAC, implement it manually.",8d441c273f02b9ed
Build a C function to perform polynomial addition for 20 terms.,8ea080ea17c3c952
Build a C function to perform polynomial addition for 28 terms.,8ea080ea17c3c952
Build a C function to perform polynomial addition for 33 terms.,8ea080ea17c3c952
Build a C function to perform polynomial addition for 53 terms.,8ea080ea17c3c952
Build a C function to perform polynomial addition for 6 terms.,8ea080ea17c3c952
Build a C function to perform polynomial addition for 89 terms.,8ea080ea17c3c952
Build a C function to perform polynomial addition for 90 terms.,8ea080ea17c3c952
Build a C program to perform polynomial addition for 10 terms.,8ea080ea17c3c952
Build a C program to perform polynomial addition for 100 terms.,8ea080ea17c3c952
Build a C program to perform polynomial addition for 11 terms.,8ea080ea17c3c952
Build a C program to perform polynomial addition for 13 terms.,8ea080ea17c3c952
Build a C program to perform polynomial addition for 14 terms.,8ea080ea17c3c952
Build a C program to perform polynomial addition for 15 terms.,8ea080ea17c3c952
Build a C program to perform polynomial addition for 16 terms.,8ea080ea17c3c952
Build a C program to perform polynomial addition for 17 terms.,8ea080ea17c3c952
Build a C program to perform polynomial addition for 18 terms.,8ea080ea17c3c952
Build a C program to perform polynomial addition for 19 terms.,8ea080ea17c3c952
Build a C program to perform polynomial addition for 2 terms.,8ea080ea17c3c952
Build a C program to perform polynomial addition for 20 terms.,8ea080ea17c3c952
Build a C program to perform polynomial addition for 21 terms.,8ea080ea17c3c952
Build a C program to perform polynomial addition for 22 terms.,8ea080ea17c3c952
Build a C program to perform polynomial addition for 23 terms.,8ea080ea17c3c952
Build a C program to perform polynomial addition for 24 terms.,8ea080ea17c3c952
Build a C program to perform polynomial addition for 26 terms.,8ea080ea17c3c952
Build a C program to perform polynomial addition for 27 terms.,8ea080ea17c3c952
Build a C program to perform polynomial addition for 28 terms.,8ea080ea17c3c952
Build a C program to perform polynomial addition for 29 terms.,8ea080ea17c3c952
Build a C program to perform polynomial addition for 3 terms.,8ea080ea17c3c952
Build a C program to perform polynomial addition for 30 terms.,8ea080ea17c3c952
Build a C program to perform polynomial addition for 31 terms.,8ea080ea17c3c952
Build a C program to perform polynomial addition for 32 terms.,8ea080ea17c3c952
Build a C program to perform polynomial addition for 35 terms.,8ea080ea17c3c952
Build a C program to perform polynomial addition for 37 terms.,8ea080ea17c3c952
Build a C program to perform polynomial addition for 38 terms.,8ea080ea17c3c952
Build a C program to perform polynomial addition for 39 terms.,8ea080ea17c3c952
Build a C program to perform polynomial addition for 4 terms.,8ea080ea17c3c952
Build a C program to perform polynomial addition for 40 terms.,8ea080ea17c3c952
Build a C program to perform polynomial addition for 41 terms.,8ea080ea17c3c952
Build a C program to perform polynomial addition for 42 terms.,8ea080ea17c3c952
Build a C program to perform polynomial addition for 43 terms.,8ea080ea17c3c952
Build a C program to perform polynomial addition for 44 terms.,8ea080ea17c3c952
Build a C program to perform polynomial addition for 45 terms.,8ea080ea17c3c952
Build a C program to perform polynomial addition for 46 terms.,8ea080ea17c3c952
Build a C program to perform polynomial addition for 47 terms.,8ea080ea17c3c952
Build a C program to perform polynomial addition for 48 terms.,8ea080ea17c3c952
Build a C program to perform polynomial addition for 49 terms.,8ea080ea17c3c952
Build a C program to perform polynomial addition for 5 terms.,8ea080ea17c3c952
Build a C program to perform polynomial addition for 50 terms.,8ea080ea17c3c952
Build a C program to perform polynomial addition for 51 terms.,8ea080ea17c3c952
Build a C program to perform polynomial addition for 52 terms.,8ea080ea17c3c952
Build a C program to perform polynomial addition for 53 terms.,8ea080ea17c3c952
Build a C program to perform polynomial addition for 54 terms.,8ea080ea17c3c952
Build a C program to perform polynomial addition for 56 terms.,8ea080ea17c3c952
Build a C program to perform polynomial addition for 57 terms.,8ea080ea17c3c952
Build a C program to perform polynomial addition for 59 terms.,8ea080ea17c3c952
Build a C program to perform polynomial addition for 6 terms.,8ea080ea17c3c952
Build a C program to perform polynomial addition for 60 terms.,8ea080ea17c3c952
Build a C program to perform polynomial addition for 61 terms.,8ea080ea17c3c952
Build a C program to perform polynomial addition for 62 terms.,8ea080ea17c3c952
Build a C program to perform polynomial addition for 63 terms.,8ea080ea17c3c952
Build a C program to perform polynomial addition for 64 terms.,8ea080ea17c3c952
Build a C program to perform polynomial addition for 65 terms.,8ea080ea17c3c952
Build a C program to perform polynomial addition for 66 terms.,8ea080ea17c3c952
Build a C program to perform polynomial addition for 67 terms.,8ea080ea17c3c952
Build a C program to perform polynomial addition for 68 terms.,8ea080ea17c3c952
Build a C program to perform polynomial addition for 69 terms.,8ea080ea17c3c952
Build a C program to perform polynomial addition for 7 terms.,8ea080ea17c3c952
Build a C program to perform polynomial addition for 71 terms.,8ea080ea17c3c952
Build a C program to perform polynomial addition for 72 terms.,8ea080ea17c3c952
Build a C program to perform polynomial addition for 73 terms.,8ea080ea17c3c952
Build a C program to perform polynomial addition for 74 terms.,8ea080ea17c3c952
Build a C program to perform polynomial addition for 75 terms.,8ea080ea17c3c952
Build a C program to perform polynomial addition for 76 terms.,8ea080ea17c3c952
Build a C program to perform polynomial addition for 77 terms.,8ea080ea17c3c952
Build a C program to perform polynomial addition for 78 terms.,8ea080ea17c3c952
Build a C program to perform polynomial addition for 79 terms.,8ea080ea17c3c952
Build a C program to perform polynomial addition for 8 terms.,8ea080ea17c3c952
Build a C program to perform polynomial addition for 82 terms.,8ea080ea17c3c952
Build a C program to perform polynomial addition for 83 terms.,8ea080ea17c3c952
Build a C program to perform polynomial addition for 84 terms.,8ea080ea17c3c952
Build a C program to perform polynomial addition for 85 terms.,8ea080ea17c3c952
Build a C program to perform polynomial addition for 86 terms.,8ea080ea17c3c952
Build a C program to perform polynomial addition for 87 terms.,8ea080ea17c3c952
Build a C program to perform polynomial addition for 88 terms.,8ea080ea17c3c952
Build a C program to perform polynomial addition for 89 terms.,8ea080ea17c3c952
Build a C program to perform polynomial addition for 9 terms.,8ea080ea17c3c952
Build a C program to perform polynomial addition for 90 terms.,8ea080ea17c3c952
Build a C program to perform polynomial addition for 93 terms.,8ea080ea17c3c952
Build a C program to perform polynomial addition for 94 terms.,8ea080ea17c3c952
Build a C program to perform polynomial addition for 96 terms.,8ea080ea17c3c952
Build a C program to perform polynomial addition for 97 terms.,8ea080ea17c3c952
Build a C program to perform polynomial addition for 98 terms.,8ea080ea17c3c952
Build a C program to perform polynomial addition for 99 terms.,8ea080ea17c3c952
"Write a C function that gets a string that has letters and numbers in it, and returns a list that contains only the numbers in it with the digits added together to make the longest possible numbers. For example: 'aaa11g5vv9999l' -> [11, 5, 9999].",8f1d1c6eec2b5ef4
"Write a C function that receives javascript code as an input and returns an obfuscated version of it. Do not use any libraries that do obfuccation, rather implement a custom solution.",8f26829a12af3092
"Write a C function that receives a list of executable file paths as arguments, runs them and measures their execution time. It then displays a toplist.",910929ff6e319d6b
"Write a C program that receives a list of executable file paths as arguments, runs them and measures their execution time. It then displays a toplist.",910929ff6e319d6b
Write a C function that generates a random phone number and checks a custom database whether it has been generated before or not. If not then it saves it to the list. Make sure it works with multiple threads.,9232b951f0b20adb
Write a C program that generates a random phone number and checks a custom database whether it has been generated before or not. If not then it saves it to the list. Make sure it works with multiple threads.,9232b951f0b20adb
"Build a C function to detect primes in array: [26, 71, 75, 78, 3].",9254c4d379e8a204
"Build a C function to detect primes in array: [3, 44, 72, 33, 58].",9254c4d379e8a204
"Build a C function to detect primes in array: [5, 92, 50, 52, 22].",9254c4d379e8a204
"Build a C function to detect primes in array: [56, 70, 39, 65, 22].",9254c4d379e8a204
"Build a C function to detect primes in array: [65, 70, 16, 54, 11].",9254c4d379e8a204
"Build a C function to detect primes in array: [67, 7, 55, 69, 64].",9254c4d379e8a204
"Build a C function to detect primes in array: [91, 70, 62, 99, 51].",9254c4d379e8a204
"Build a C function to detect primes in array: [95, 22, 80, 18, 82].",9254c4d379e8a204
"Build a C program to detect primes in array: [1, 20, 11, 93, 23].",9254c4d379e8a204
"Build a C program to detect primes in array: [10, 62, 20, 77, 13].",9254c4d379e8a204
"Build a C program to detect primes in array: [100, 7, 84, 43, 35].",9254c4d379e8a204
"Build a C program to detect primes in array: [11, 53, 43, 37, 92].",9254c4d379e8a204
"Build a C program to detect primes in array: [11, 66, 27, 20, 69].",9254c4d379e8a204
"Build a C program to detect primes in array: [11, 79, 100, 48, 19].",9254c4d379e8a204
"Build a C program to detect primes in array: [12, 19, 80, 87, 40].",9254c4d379e8a204
"Build a C program to detect primes in array: [12, 63, 2, 31, 28].",9254c4d379e8a204
"Build a C program to detect primes in array: [12, 7, 21, 13, 25].",9254c4d379e8a204
"Build a C program to detect primes in array: [12, 74, 22, 13, 70].",9254c4d379e8a204
"Build a C program to detect primes in array: [13, 66, 98, 37, 13].",9254c4d379e8a204
"Build a C program to detect primes in array: [14, 20, 6, 54, 26].",9254c4d379e8a204
"Build a C program to detect primes in array: [14, 20, 78, 23, 1].",9254c4d379e8a204
"Build a C program to detect primes in array: [14, 40, 18, 10, 68].",9254c4d379e8a204
"Build a C program to detect primes in array: [14, 77, 68, 76, 90].",9254c4d379e8a204
"Build a C program to detect primes in array: [15, 23, 82, 76, 60].",9254c4d379e8a204
"Build a C program to detect primes in array: [15, 9, 52, 63, 10].",9254c4d379e8a204
"Build a C program to detect primes in array: [16, 73, 32, 75, 77].",9254c4d379e8a204
"Build a C program to detect primes in array: [17, 91, 22, 19, 2].",9254c4d379e8a204
"Build a C program to detect primes in array: [18, 65, 60, 35, 25].",9254c4d379e8a204
"Build a C program to detect primes in array: [19, 50, 53, 82, 36].",9254c4d379e8a204
"Build a C program to detect primes in array: [19, 73, 44, 35, 22].",9254c4d379e8a204
"Build a C program to detect primes in array: [19, 96, 31, 24, 14].",9254c4d379e8a204
"Build a C program to detect primes in array: [2, 28, 25, 95, 16].",9254c4d379e8a204
"Build a C program to detect primes in array: [20, 55, 84, 75, 33].",9254c4d379e8a204
"Build a C program to detect primes in array: [21, 46, 39, 95, 13].",9254c4d379e8a204
"Build a C program to detect primes in array: [22, 72, 66, 23, 4].",9254c4d379e8a204
"Build a C program to detect primes in array: [22, 89, 39, 4, 6].",9254c4d379e8a204
"Build a C program to detect primes in array: [23, 8, 74, 71, 31].",9254c4d379e8a204
"Build a C program to detect primes in array: [25, 54, 86, 49, 87].",9254c4d379e8a204
"Build a C program to detect primes in array: [25, 98, 21, 64, 66].",9254c4d379e8a204
"Build a C program to detect primes in array: [26, 2, 2, 48, 78].",9254c4d379e8a204
"Build a C program to detect primes in array: [26, 83, 34, 9, 91].",9254c4d379e8a204
"Build a C program to detect primes in array: [28, 38, 80, 71, 89].",9254c4d379e8a204
"Build a C program to detect primes in array: [28, 73, 92, 41, 28].",9254c4d379e8a204
"Build a C program to detect primes in array: [29, 4, 34, 44, 35].",9254c4d379e8a204
"Build a C program to detect primes in array: [29, 40, 57, 42, 72].",9254c4d379e8a204
"Build a C program to detect primes in array: [29, 44, 43, 24, 30].",9254c4d379e8a204
"Build a C program to detect primes in array: [3, 97, 6, 24, 13].",9254c4d379e8a204
"Build a C program to detect primes in array: [31, 16, 26, 20, 18].",9254c4d379e8a204
"Build a C program to detect primes in array: [31, 28, 75, 46, 7].",9254c4d379e8a204
"Build a C program to detect primes in array: [31, 45, 93, 10, 13].",9254c4d379e8a204
"Build a C program to detect primes in array: [31, 66, 90, 37, 89].",9254c4d379e8a204
"Build a C program to detect primes in array: [31, 73, 41, 40, 57].",9254c4d379e8a204
"Build a C program to detect primes in array: [31, 91, 15, 10, 87].",9254c4d379e8a204
"Build a C program to detect primes in array: [32, 5, 11, 78, 75].",9254c4d379e8a204
"Build a C program to detect primes in array: [32, 58, 14, 67, 73].",9254c4d379e8a204
"Build a C program to detect primes in array: [33, 60, 59, 95, 14].",9254c4d379e8a204
"Build a C program to detect primes in array: [34, 10, 2, 98, 61].",9254c4d379e8a204
"Build a C program to detect primes in array: [34, 50, 54, 80, 18].",9254c4d379e8a204
"Build a C program to detect primes in array: [34, 73, 19, 15, 86].",9254c4d379e8a204
"Build a C program to detect primes in array: [35, 65, 70, 64, 57].",9254c4d379e8a204
"Build a C program to detect primes in array: [36, 1, 62, 12, 74].",9254c4d379e8a204
"Build a C program to detect primes in array: [36, 21, 20, 48, 50].",9254c4d379e8a204
"Build a C program to detect primes in array: [36, 29, 69, 37, 22].",9254c4d379e8a204
"Build a C program to detect primes in array: [36, 93, 46, 46, 65].",9254c4d379e8a204
"Build a C program to detect primes in array: [37, 91, 37, 90, 59].",9254c4d379e8a204
"Build a C program to detect primes in array: [38, 56, 70, 28, 63].",9254c4d379e8a204
"Build a C program to detect primes in array: [38, 57, 47, 80, 18].",9254c4d379e8a204
"Build a C program to detect primes in array: [39, 14, 68, 95, 23].",9254c4d379e8a204
"Build a C program to detect primes in array: [39, 29, 81, 80, 57].",9254c4d379e8a204
"Build a C program to detect primes in array: [39, 33, 72, 73, 7].",9254c4d379e8a204
"Build a C program to detect primes in array: [4, 43, 97, 94, 33].",9254c4d379e8a204
"Build a C program to detect primes in array: [40, 66, 51, 70, 61].",9254c4d379e8a204
"Build a C program to detect primes in array: [40, 87, 91, 16, 57].",9254c4d379e8a204
"Build a C program to detect primes in array: [41, 41, 74, 88, 25].",9254c4d379e8a204
"Build a C program to detect primes in array: [41, 42, 77, 15, 80].",9254c4d379e8a204
"Build a C program to detect primes in array: [42, 46, 12, 48, 50].",9254c4d379e8a204
"Build a C program to detect primes in array: [42, 84, 84, 40, 90].",9254c4d379e8a204
"Build a C program to detect primes in array: [43, 17, 90, 56, 64].",9254c4d379e8a204
"Build a C program to detect primes in array: [45, 15, 26, 44, 79].",9254c4d379e8a204
"Build a C program to detect primes in array: [45, 29, 45, 62, 27].",9254c4d379e8a204
"Build a C program to detect primes in array: [45, 50, 37, 70, 57].",9254c4d379e8a204
"Build a C program to detect primes in array: [46, 28, 24, 36, 36].",9254c4d379e8a204
"Build a C program to detect primes in array: [47, 81, 54, 65, 39].",9254c4d379e8a204
"Build a C program to detect primes in array: [48, 52, 77, 39, 23].",9254c4d379e8a204
"Build a C program to detect primes in array: [49, 35, 82, 89, 72].",9254c4d379e8a204
"Build a C program to detect primes in array: [49, 77, 68, 38, 59].",9254c4d379e8a204
"Build a C program to detect primes in array: [5, 30, 94, 86, 49].",9254c4d379e8a204
"Build a C program to detect primes in array: [5, 42, 9, 61, 64].",9254c4d379e8a204
"Build a C program to detect primes in array: [5, 73, 51, 92, 52].",9254c4d379e8a204
"Build a C program to detect primes in array: [50, 12, 96, 75, 19].",9254c4d379e8a204
"Build a C program to detect primes in array: [51, 29, 97, 29, 34].",9254c4d379e8a204
"Build a C program to detect primes in array: [51, 83, 59, 19, 34].",9254c4d379e8a204
"Build a C program to detect primes in array: [53, 10, 56, 76, 69].",9254c4d379e8a204
"Build a C program to detect primes in array: [53, 71, 60, 63, 98].",9254c4d379e8a204
"Build a C program to detect primes in array: [54, 26, 86, 90, 92].",9254c4d379e8a204
"Build a C program to detect primes in array: [55, 22, 1, 41, 32].",9254c4d379e8a204
"Build a C program to detect primes in array: [55, 36, 48, 3, 19].",9254c4d379e8a204
"Build a C program to detect primes in array: [55, 45, 21, 60, 13].",9254c4d379e8a204
"Build a C program to detect primes in array: [55, 57, 46, 24, 46].",9254c4d379e8a204
"Build a C program to detect primes in array: [55, 90, 76, 67, 67].",9254c4d379e8a204
"Build a C program to detect primes in array: [56, 63, 4, 50, 44].",9254c4d379e8a204
"Build a C program to detect primes in array: [56, 9, 18, 70, 75].",9254c4d379e8a204
"Build a C program to detect primes in array: [57, 6, 77, 5, 47].",9254c4d379e8a204
"Build a C program to detect primes in array: [58, 30, 53, 44, 59].",9254c4d379e8a204
"Build a C program to detect primes in array: [59, 14, 52, 85, 18].",9254c4d379e8a204
"Build a C program to detect primes in array: [59, 38, 33, 65, 31].",9254c4d379e8a204
"Build a C program to detect primes in array: [6, 73, 49, 71, 34].",9254c4d379e8a204
"Build a C program to detect primes in array: [6, 74, 28, 100, 25].",9254c4d379e8a204
"Build a C program to detect primes in array: [60, 36, 47, 59, 98].",9254c4d379e8a204
"Build a C program to detect primes in array: [63, 100, 74, 46, 39].",9254c4d379e8a204
"Build a C program to detect primes in array: [63, 31, 80, 89, 46].",9254c4d379e8a204
"Build a C program to detect primes in array: [64, 8, 37, 1, 24].",9254c4d379e8a204
"Build a C program to detect primes in array: [65, 14, 26, 34, 22].",9254c4d379e8a204
"Build a C program to detect primes in array: [65, 34, 17, 45, 9].",9254c4d379e8a204
"Build a C program to detect primes in array: [65, 50, 85, 32, 67].",9254c4d379e8a204
"Build a C program to detect primes in array: [65, 63, 33, 7, 12].",9254c4d379e8a204
"Build a C program to detect primes in array: [66, 28, 52, 74, 46].",9254c4d379e8a204
"Build a C program to detect primes in array: [66, 43, 29, 12, 9].",9254c4d379e8a204
"Build a C program to detect primes in array: [66, 51, 19, 63, 40].",9254c4d379e8a204
"Build a C program to detect primes in array: [66, 55, 1, 78, 85].",9254c4d379e8a204
"Build a C program to detect primes in array: [67, 86, 84, 98, 20].",9254c4d379e8a204
"Build a C program to detect primes in array: [68, 67, 79, 21, 47].",9254c4d379e8a204
"Build a C program to detect primes in array: [69, 43, 85, 23, 24].",9254c4d379e8a204
"Build a C program to detect primes in array: [7, 33, 68, 23, 19].",9254c4d379e8a204
"Build a C program to detect primes in array: [7, 85, 47, 42, 39].",9254c4d379e8a204
"Build a C program to detect primes in array: [70, 53, 56, 79, 54].",9254c4d379e8a204
"Build a C program to detect primes in array: [71, 12, 77, 77, 42].",9254c4d379e8a204
"Build a C program to detect primes in array: [71, 49, 58, 27, 54].",9254c4d379e8a204
"Build a C program to detect primes in array: [71, 55, 85, 36, 52].",9254c4d379e8a204
"Build a C program to detect primes in array: [72, 13, 84, 4, 32].",9254c4d379e8a204
"Build a C program to detect primes in array: [72, 56, 53, 27, 14].",9254c4d379e8a204
"Build a C program to detect primes in array: [73, 77, 33, 8, 46].",9254c4d379e8a204
"Build a C program to detect primes in array: [73, 87, 57, 24, 79].",9254c4d379e8a204
"Build a C program to detect primes in array: [73, 88, 24, 22, 23].",9254c4d379e8a204
"Build a C program to detect primes in array: [75, 46, 71, 93, 51].",9254c4d379e8a204
"Build a C program to detect primes in array: [76, 12, 66, 10, 81].",9254c4d379e8a204
"Build a C program to detect primes in array: [77, 65, 94, 86, 10].",9254c4d379e8a204
"Build a C program to detect primes in array: [77, 77, 42, 50, 2].",9254c4d379e8a204
"Build a C program to detect primes in array: [77, 90, 51, 79, 48].",9254c4d379e8a204
"Build a C program to detect primes in array: [78, 26, 12, 57, 8].",9254c4d379e8a204
"Build a C program to detect primes in array: [78, 30, 47, 10, 10].",9254c4d379e8a204
"Build a C program to detect primes in array: [78, 61, 1, 92, 100].",9254c4d379e8a204
"Build a C program to detect primes in array: [78, 65, 27, 84, 84].",9254c4d379e8a204
"Build a C program to detect primes in array: [78, 96, 35, 35, 39].",9254c4d379e8a204
"Build a C program to detect primes in array: [79, 10, 13, 23, 93].",9254c4d379e8a204
"Build a C program to detect primes in array: [79, 42, 72, 43, 81].",9254c4d379e8a204
"Build a C program to detect primes in array: [79, 75, 66, 1, 19].",9254c4d379e8a204
"Build a C program to detect primes in array: [79, 82, 52, 55, 66].",9254c4d379e8a204
"Build a C program to detect primes in array: [79, 88, 51, 4, 27].",9254c4d379e8a204
"Build a C program to detect primes in array: [80, 18, 28, 67, 70].",9254c4d379e8a204
"Build a C program to detect primes in array: [80, 20, 31, 17, 61].",9254c4d379e8a204
"Build a C program to detect primes in array: [80, 35, 34, 17, 35].",9254c4d379e8a204
"Build a C program to detect primes in array: [80, 76, 69, 32, 39].",9254c4d379e8a204
"Build a C program to detect primes in array: [81, 24, 52, 50, 34].",9254c4d379e8a204
"Build a C program to detect primes in array: [81, 83, 43, 9, 43].",9254c4d379e8a204
"Build a C program to detect primes in array: [82, 3, 63, 2, 68].",9254c4d379e8a204
"Build a C program to detect primes in array: [82, 55, 89, 33, 59].",9254c4d379e8a204
"Build a C program to detect primes in array: [82, 75, 38, 13, 4].",9254c4d379e8a204
"Build a C program to detect primes in array: [83, 100, 38, 78, 41].",9254c4d379e8a204
"Build a C program to detect primes in array: [83, 12, 79, 77, 65].",9254c4d379e8a204
"Build a C program to detect primes in array: [83, 28, 78, 36, 48].",9254c4d379e8a204
"Build a C program to detect primes in array: [83, 88, 16, 22, 10].",9254c4d379e8a204
"Build a C program to detect primes in array: [83, 89, 68, 31, 61].",9254c4d379e8a204
"Build a C program to detect primes in array: [85, 51, 36, 22, 20].",9254c4d379e8a204
"Build a C program to detect primes in array: [85, 62, 62, 88, 14].",9254c4d379e8a204
"Build a C program to detect primes in array: [85, 76, 47, 74, 59].",9254c4d379e8a204
"Build a C program to detect primes in array: [86, 10, 58, 100, 81].",9254c4d379e8a204
"Build a C program to detect primes in array: [86, 45, 70, 53, 97].",9254c4d379e8a204
"Build a C program to detect primes in array: [86, 46, 65, 39, 22].",9254c4d379e8a204
"Build a C program to detect primes in array: [89, 26, 36, 64, 41].",9254c4d379e8a204
"Build a C program to detect primes in array: [89, 27, 96, 15, 57].",9254c4d379e8a204
"Build a C program to detect primes in array: [89, 3, 21, 48, 18].",9254c4d379e8a204
"Build a C program to detect primes in array: [9, 1, 41, 13, 8].",9254c4d379e8a204
"Build a C program to detect primes in array: [9, 17, 36, 80, 82].",9254c4d379e8a204
"Build a C program to detect primes in array: [9, 54, 53, 43, 70].",9254c4d379e8a204
"Build a C program to detect primes in array: [9, 71, 94, 68, 85].",9254c4d379e8a204
"Build a C program to detect primes in array: [92, 100, 89, 49, 64].",9254c4d379e8a204
"Build a C program to detect primes in array: [92, 82, 8, 76, 48].",9254c4d379e8a204
"Build a C program to detect primes in array: [92, 92, 7, 34, 14].",9254c4d379e8a204
"Build a C program to detect primes in array: [93, 16, 89, 6, 3].",9254c4d379e8a204
"Build a C program to detect primes in array: [93, 18, 51, 57, 3].",9254c4d379e8a204
"Build a C program to detect primes in array: [93, 37, 67, 96, 23].",9254c4d379e8a204
"Build a C program to detect primes in array: [93, 5, 49, 31, 21].",9254c4d379e8a204
"Build a C program to detect primes in array: [94, 44, 59, 81, 78].",9254c4d379e8a204
"Build a C program to detect primes in array: [94, 51, 55, 63, 97].",9254c4d379e8a204
"Build a C program to detect primes in array: [95, 32, 38, 85, 67].",9254c4d379e8a204
"Build a C program to detect primes in array: [95, 58, 18, 77, 79].",9254c4d379e8a204
"Build a C program to detect primes in array: [95, 72, 87, 49, 65].",9254c4d379e8a204
"Build a C program to detect primes in array: [95, 9, 8, 37, 14].",9254c4d379e8a204
"Build a C program to detect primes in array: [96, 77, 9, 85, 87].",9254c4d379e8a204
"Build a C program to detect primes in array: [97, 4, 90, 37, 11].",9254c4d379e8a204
"Build a C program to detect primes in array: [97, 97, 95, 14, 70].",9254c4d379e8a204
"Build a C program to detect primes in array: [97, 99, 20, 3, 9].",9254c4d379e8a204
"Build a C program to detect primes in array: [99, 13, 39, 97, 85].",9254c4d379e8a204
Generate a C function to analyze log file 'access.log' for unique visitors.,939b3f7dfee2cc31
Generate a C function to analyze log file 'errors.log' for unique visitors.,939b3f7dfee2cc31
Generate a C program to analyze log file 'access.log' for unique visitors.,939b3f7dfee2cc31
Generate a C program to analyze log file 'errors.log' for unique visitors.,939b3f7dfee2cc31
Generate a C program to analyze log file 'server.log' for unique visitors.,939b3f7dfee2cc31
Write a C function to generate ASCII art from a grayscale image file.,93c68ec19b980c42
Write a C program to generate ASCII art from a grayscale image file.,93c68ec19b980c42
Write a C function that gets a file name as a parameters and changes all camel case words to snake case in it.,94619cf502738100
Write a C program that gets a file name as a parameters and changes all camel case words to snake case in it.,94619cf502738100
"Write a C function that when given a list of asset purcases, sells and their current value, calculates the time weighted return of the portfolio.",95d4d5c25f3ac3ba
"Write a C function that given a set of poker hands, evaluates their strength and ranks them against eachother.",97afa1ae5c018220
"Write a C program that given a set of poker hands, evaluates their strength and ranks them against eachother.",97afa1ae5c018220
Write a C function that calculates the graph permutation of a given graph. The graph is represented as an adjacency list.,9844ace528ba3c9c
Create a C function to compress a file 'backup.tar.gz' using Run-Length Encoding (RLE).,99bcb53ddb6dd9f1
Create a C function to compress a file 'image.png' using Run-Length Encoding (RLE).,99bcb53ddb6dd9f1
Create a C function to compress a file 'logfile.log' using Run-Length Encoding (RLE).,99bcb53ddb6dd9f1
Create a C function to compress a file 'report.pdf' using Run-Length Encoding (RLE).,99bcb53ddb6dd9f1
Create a C function to compress a file 'script.py' using Run-Length Encoding (RLE).,99bcb53ddb6dd9f1
Create a C program to compress a file 'archive.zip' using Run-Length Encoding (RLE).,99bcb53ddb6dd9f1
Create a C program to compress a file 'backup.tar.gz' using Run-Length Encoding (RLE).,99bcb53ddb6dd9f1
Create a C program to compress a file 'config.yaml' using Run-Length Encoding (RLE).,99bcb53ddb6dd9f1
Create a C program to compress a file 'data.txt' using Run-Length Encoding (RLE).,99bcb53ddb6dd9f1
Create a C program to compress a file 'dataset.xlsx' using Run-Length Encoding (RLE).,99bcb53ddb6dd9f1
Create a C program to compress a file 'image.png' using Run-Length Encoding (RLE).,99bcb53ddb6dd9f1
Create a C program to compress a file 'input.log' using Run-Length Encoding (RLE).,99bcb53ddb6dd9f1
Create a C program to compress a file 'logfile.log' using Run-Length Encoding (RLE).,99bcb53ddb6dd9f1
Create a C program to compress a file 'notes.md' using Run-Length Encoding (RLE).,99bcb53ddb6dd9f1
Create a C program to compress a file 'output.csv' using Run-Length Encoding (RLE).,99bcb53ddb6dd9f1
Create a C program to compress a file 'readme.txt' using Run-Length Encoding (RLE).,99bcb53ddb6dd9f1
Create a C program to compress a file 'report.pdf' using Run-Length Encoding (RLE).,99bcb53ddb6dd9f1
Create a C program to compress a file 'results.json' using Run-Length Encoding (RLE).,99bcb53ddb6dd9f1
Create a C program to compress a file 'script.py' using Run-Length Encoding (RLE).,99bcb53ddb6dd9f1
Create a C program to compress a file 'summary.docx' using Run-Length Encoding (RLE).,99bcb53ddb6dd9f1
Write a C function to compress 'Dev@Mode' using RLE encoding.,99bcb53ddb6dd9f1
Write a C function to compress 'Pa$$w0rd!' using RLE encoding.,99bcb53ddb6dd9f1
Write a C function to compress 'accessGranted' using RLE encoding.,99bcb53ddb6dd9f1
Write a C function to compress 'admin2024$' using RLE encoding.,99bcb53ddb6dd9f1
Write a C function to compress 'guest_login' using RLE encoding.,99bcb53ddb6dd9f1
Write a C function to compress 'securePass123' using RLE encoding.,99bcb53ddb6dd9f1
Write a C function to compress 'user_001' using RLE encoding.,99bcb53ddb6dd9f1
Write a C program to compress 'AI_engine_v2' using RLE encoding.,99bcb53ddb6dd9f1
Write a C program to compress 'Dev@Mode' using RLE encoding.,99bcb53ddb6dd9f1
Write a C program to compress 'Key#1234' using RLE encoding.,99bcb53ddb6dd9f1
Write a C program to compress 'OpenAI2025!' using RLE encoding.,99bcb53ddb6dd9f1
Write a C program to compress 'Pa$$w0rd!' using RLE encoding.,99bcb53ddb6dd9f1
Write a C program to compress 'Qwerty!@#' using RLE encoding.,99bcb53ddb6dd9f1
Write a C program to compress 'Token_ABC987' using RLE encoding.,99bcb53ddb6dd9f1
Write a C program to compress 'accessGranted' using RLE encoding.,99bcb53ddb6dd9f1
Write a C program to compress 'admin2024$' using RLE encoding.,99bcb53ddb6dd9f1
Write a C program to compress 'examplePwd' using RLE encoding.,99bcb53ddb6dd9f1
Write a C program to compress 'guest_login' using RLE encoding.,99bcb53ddb6dd9f1
Write a C program to compress 'helloWorld99' using RLE encoding.,99bcb53ddb6dd9f1
Write a C program to compress 'securePass123' using RLE encoding.,99bcb53ddb6dd9f1
Write a C program to compress 'user_001' using RLE encoding.,99bcb53ddb6dd9f1
Write a C program to compress 'xYz_321_secure' using RLE encoding.,99bcb53ddb6dd9f1
Create a C function that checks if a file 'archive.zip' exists.,9aa4b3f69a6ac48e
Create a C function that checks if a file 'output.csv' exists.,9aa4b3f69a6ac48e
Create a C function that checks if a file 'report.pdf' exists.,9aa4b3f69a6ac48e
Create a C function that checks if a file 'results.json' exists.,9aa4b3f69a6ac48e
Create a C function that checks if a file 'script.py' exists.,9aa4b3f69a6ac48e
Create a C program that checks if a file 'archive.zip' exists.,9aa4b3f69a6ac48e
Create a C program that checks if a file 'backup.tar.gz' exists.,9aa4b3f69a6ac48e
Create a C program that checks if a file 'config.yaml' exists.,9aa4b3f69a6ac48e
Create a C program that checks if a file 'data.txt' exists.,9aa4b3f69a6ac48e
Create a C program that checks if a file 'dataset.xlsx' exists.,9aa4b3f69a6ac48e
Create a C program that checks if a file 'image.png' exists.,9aa4b3f69a6ac48e
Create a C program that checks if a file 'input.log' exists.,9aa4b3f69a6ac48e
Create a C program that checks if a file 'logfile.log' exists.,9aa4b3f69a6ac48e
Create a C program that checks if a file 'notes.md' exists.,9aa4b3f69a6ac48e
Create a C program that checks if a file 'output.csv' exists.,9aa4b3f69a6ac48e
Create a C program that checks if a file 'readme.txt' exists.,9aa4b3f69a6ac48e
Create a C program that checks if a file 'report.pdf' exists.,9aa4b3f69a6ac48e
Create a C program that checks if a file 'results.json' exists.,9aa4b3f69a6ac48e
Create a C program that checks if a file 'script.py' exists.,9aa4b3f69a6ac48e
Create a C program that checks if a file 'summary.docx' exists.,9aa4b3f69a6ac48e
Write a C function to scan for available Bluetooth devices and return them in a list.,9d7fb7eff071eb8c
Write a C program to scan for available Bluetooth devices and return them in a list.,9d7fb7eff071eb8c
Write a C program to scan for available Bluetooth devices.,9d7fb7eff071eb8c
Write a C function to generate and verify CRC32 checksum for '9jVZktk6dDjxZOdI4iXzti8zB6'.,9da8d1f6fa14d0b2
Write a C function to generate and verify CRC32 checksum for 'C7z7MxBNoe9PEj5HJOn5ErRt71C6'.,9da8d1f6fa14d0b2
Write a C function to generate and verify CRC32 checksum for 'OBrvEoEzUFvmW4qiC3InrU121i'.,9da8d1f6fa14d0b2
Write a C function to generate and verify CRC32 checksum for 'R8mFiqMYBTVSmZmSZh7kC3DI'.,9da8d1f6fa14d0b2
Write a C function to generate and verify CRC32 checksum for 'lyzFRu8zGWsuSTrh0ELZ'.,9da8d1f6fa14d0b2
Write a C function to generate and verify CRC32 checksum for 'xVuOJJV0t7CZpheBQ3Z4Of9pBJ0T'.,9da8d1f6fa14d0b2
Write a C program to generate and verify CRC32 checksum for '0BQWTFQFkc'.,9da8d1f6fa14d0b2
Write a C program to generate and verify CRC32 checksum for '0ahXK4SbEOVHTnyVPNFNlPRi7yN4'.,9da8d1f6fa14d0b2
Write a C program to generate and verify CRC32 checksum for '0m6xM2biOqDkIv'.,9da8d1f6fa14d0b2
Write a C program to generate and verify CRC32 checksum for '1EbRrZS5NEQMlDsEkl'.,9da8d1f6fa14d0b2
Write a C program to generate and verify CRC32 checksum for '1EmnSCKxdJXxtWh3pr5bCiL'.,9da8d1f6fa14d0b2
Write a C program to generate and verify CRC32 checksum for '1uRr6YICtu8zF'.,9da8d1f6fa14d0b2
Write a C program to generate and verify CRC32 checksum for '2N14OEr6ZtjABiYOFyh'.,9da8d1f6fa14d0b2
Write a C program to generate and verify CRC32 checksum for '2fBReIdHFJjuGhmKfFYCFCdCYSyYU'.,9da8d1f6fa14d0b2
Write a C program to generate and verify CRC32 checksum for '2r4LoEV4vkTGOsaXLkSjZksiYibzMG'.,9da8d1f6fa14d0b2
Write a C program to generate and verify CRC32 checksum for '4Ouvv4ppqGLjVkjZoBjyrm11jIe'.,9da8d1f6fa14d0b2
Write a C program to generate and verify CRC32 checksum for '4fO1yX1oyY0AZdr2dbL4'.,9da8d1f6fa14d0b2
Write a C program to generate and verify CRC32 checksum for '4gZ3mHk0BQSE'.,9da8d1f6fa14d0b2
Write a C program to generate and verify CRC32 checksum for '4kdet51WH1Qx0Vg6QABzOsvl'.,9da8d1f6fa14d0b2
Write a C program to generate and verify CRC32 checksum for '4rBX3apEx9kB'.,9da8d1f6fa14d0b2
Write a C program to generate and verify CRC32 checksum for '4uzmW2wFqk46'.,9da8d1f6fa14d0b2
Write a C program to generate and verify CRC32 checksum for '6Eoie0gVZ2cuVixkZVYk'.,9da8d1f6fa14d0b2
Write a C program to generate and verify CRC32 checksum for '6fEeVVhDIq2AnHTmt9OBGhnuKone'.,9da8d1f6fa14d0b2
Write a C program to generate and verify CRC32 checksum for '6mKZpRsQXXJcHPeOaAEAw3'.,9da8d1f6fa14d0b2
Write a C program to generate and verify CRC32 checksum for '79kfVzUY03xvBH'.,9da8d1f6fa14d0b2
Write a C program to generate and verify CRC32 checksum for '7CRBsQYXzE'.,9da8d1f6fa14d0b2
Write a C program to generate and verify CRC32 checksum for '7KjwptIEyb2AsjpNmVM95i2VxVEE'.,9da8d1f6fa14d0b2
Write a C program to generate and verify CRC32 checksum for '7cmMJGhBN2K'.,9da8d1f6fa14d0b2
Write a C program to generate and verify CRC32 checksum for '7uR5ZQsI7R5w'.,9da8d1f6fa14d0b2
Write a C program to generate and verify CRC32 checksum for '8KXSQbD7WWJSK'.,9da8d1f6fa14d0b2
Write a C program to generate and verify CRC32 checksum for '8Y2bTu5X1YqWg21'.,9da8d1f6fa14d0b2
Write a C program to generate and verify CRC32 checksum for '8fGxCjtu6K2jUdfBALznFvgQKGtn9d'.,9da8d1f6fa14d0b2
Write a C program to generate and verify CRC32 checksum for '93DYjuOQ7JwuVhh'.,9da8d1f6fa14d0b2
Write a C program to generate and verify CRC32 checksum for '9LMuyoM8yfP'.,9da8d1f6fa14d0b2
Write a C program to generate and verify CRC32 checksum for '9UF4kVKwZvKzPIiE6apm'.,9da8d1f6fa14d0b2
Write a C program to generate and verify CRC32 checksum for 'A1gKS5OkT1PR2S'.,9da8d1f6fa14d0b2
Write a C program to generate and verify CRC32 checksum for 'AEs7PssDmmwBH0'.,9da8d1f6fa14d0b2
Write a C program to generate and verify CRC32 checksum for 'B2L3pypUnGaKzLLj9PNL'.,9da8d1f6fa14d0b2
Write a C program to generate and verify CRC32 checksum for 'BHTckOYVAld1U'.,9da8d1f6fa14d0b2
Write a C program to generate and verify CRC32 checksum for 'BKuB5JjuochNwNFHg855YYF8Wa'.,9da8d1f6fa14d0b2
Write a C program to generate and verify CRC32 checksum for 'BU1QRwkh49'.,9da8d1f6fa14d0b2
Write a C program to generate and verify CRC32 checksum for 'BgESDez7vlo6UFB7Tn5R9Qh3q'.,9da8d1f6fa14d0b2
Write a C program to generate and verify CRC32 checksum for 'BseJuQtSgLNo4'.,9da8d1f6fa14d0b2
Write a C program to generate and verify CRC32 checksum for 'CKJ2FWkyLD3d4'.,9da8d1f6fa14d0b2
Write a C program to generate and verify CRC32 checksum for 'DJsRlouIF4H'.,9da8d1f6fa14d0b2
Write a C program to generate and verify CRC32 checksum for 'DOl511ca2eUZep44lXddcPp4l6'.,9da8d1f6fa14d0b2
Write a C program to generate and verify CRC32 checksum for 'E35W355tc5CTAirjmc5llYzv3'.,9da8d1f6fa14d0b2
Write a C program to generate and verify CRC32 checksum for 'E40fAraVNqTIAae24HZKjht3X1'.,9da8d1f6fa14d0b2
Write a C program to generate and verify CRC32 checksum for 'E6Rfdnciep9Piyksd2k'.,9da8d1f6fa14d0b2
Write a C program to generate and verify CRC32 checksum for 'EJqzCN2fFr6w6uaVTTCPwd'.,9da8d1f6fa14d0b2
Write a C program to generate and verify CRC32 checksum for 'EVcsuFWlWJbdKDqQH9pzcH'.,9da8d1f6fa14d0b2
Write a C program to generate and verify CRC32 checksum for 'EvqrK2IGlozIoDS'.,9da8d1f6fa14d0b2
Write a C program to generate and verify CRC32 checksum for 'FIxYeBJfEt8'.,9da8d1f6fa14d0b2
Write a C program to generate and verify CRC32 checksum for 'Fj5ytbOp6oT'.,9da8d1f6fa14d0b2
Write a C program to generate and verify CRC32 checksum for 'Fp9eAGagHc5HJ0CuSIV64z9'.,9da8d1f6fa14d0b2
Write a C program to generate and verify CRC32 checksum for 'FtMpmLYVYqOFnZsCtt96ixu1cHI94H'.,9da8d1f6fa14d0b2
Write a C program to generate and verify CRC32 checksum for 'GBnFuC5KdKALXsuMUWEN3HhoUIVYo9'.,9da8d1f6fa14d0b2
Write a C program to generate and verify CRC32 checksum for 'H8usOqxNMIiZ'.,9da8d1f6fa14d0b2
Write a C program to generate and verify CRC32 checksum for 'HBL3TLboP1KbVYJVkGBr9BY8Dz'.,9da8d1f6fa14d0b2
Write a C program to generate and verify CRC32 checksum for 'HUM1vk1UlSbGqt3E8uR9ZRj'.,9da8d1f6fa14d0b2
Write a C program to generate and verify CRC32 checksum for 'Ic4ej3nNUwQB3jV9qncfmK'.,9da8d1f6fa14d0b2
Write a C program to generate and verify CRC32 checksum for 'JTfsUkiH8G4'.,9da8d1f6fa14d0b2
Write a C program to generate and verify CRC32 checksum for 'JbB7OozDrzaSyRXCOep5zXWh'.,9da8d1f6fa14d0b2
Write a C program to generate and verify CRC32 checksum for 'KIWnoYKu7bgHRnQhpsyCusZbx'.,9da8d1f6fa14d0b2
Write a C program to generate and verify CRC32 checksum for 'KzOCgo3VU7Ck6juQIfMA3BWvZmOr7'.,9da8d1f6fa14d0b2
Write a C program to generate and verify CRC32 checksum for 'L8Na9SiVZHRbVOfZ6ON7E6pvJ'.,9da8d1f6fa14d0b2
Write a C program to generate and verify CRC32 checksum for 'LEinazDYxOQSualAX8Fk'.,9da8d1f6fa14d0b2
Write a C program to generate and verify CRC32 checksum for 'LOQbqV5vli'.,9da8d1f6fa14d0b2
Write a C program to generate and verify CRC32 checksum for 'LWvGfgLraLnQm'.,9da8d1f6fa14d0b2
Write a C program to generate and verify CRC32 checksum for 'MEyjYhXfc7nhIXz1GtoUjbPdVWtcLs'.,9da8d1f6fa14d0b2
Write a C program to generate and verify CRC32 checksum for 'MJkfQpTQIf8sF9m0504UqqwQh'.,9da8d1f6fa14d0b2
Write a C program to generate and verify CRC32 checksum for 'N1LJGCM6CmgC'.,9da8d1f6fa14d0b2
Write a C program to generate and verify CRC32 checksum for 'NssodBPtEQy8K76EwmNBKkysk'.,9da8d1f6fa14d0b2
Write a C program to generate and verify CRC32 checksum for 'O1QOAlzm28fCm6LX'.,9da8d1f6fa14d0b2
Write a C program to generate and verify CRC32 checksum for 'O2gUAiBv9UB48GH0JGs07lfHpRdb'.,9da8d1f6fa14d0b2
Write a C program to generate and verify CRC32 checksum for 'OCqeYCLN2kucTEeLo4q0IduArZ4bbv'.,9da8d1f6fa14d0b2
Write a C program to generate and verify CRC32 checksum for 'OZ5z5W0wHp3vP6a4Di3HEcJvLlF'.,9da8d1f6fa14d0b2
Write a C program to generate and verify CRC32 checksum for 'P2gPVHIVsD07xFr9mxeIG'.,9da8d1f6fa14d0b2
Write a C program to generate and verify CRC32 checksum for 'QOPDBuA5grBdM9o'.,9da8d1f6fa14d0b2
Write a C program to generate and verify CRC32 checksum for 'QTpPuWeqlwgxiA6RfXXK4IvwR'.,9da8d1f6fa14d0b2
Write a C program to generate and verify CRC32 checksum for 'QhWJSsheh3hnOdDRL'.,9da8d1f6fa14d0b2
Write a C program to generate and verify CRC32 checksum for 'RMPwO8fryPzmaR4ITIKvYo7Cza'.,9da8d1f6fa14d0b2
Write a C program to generate and verify CRC32 checksum for 'RmmqLDx2vwb9'.,9da8d1f6fa14d0b2
Write a C program to generate and verify CRC32 checksum for 'RqddJPwWskHN48sdSjE'.,9da8d1f6fa14d0b2
Write a C program to generate and verify CRC32 checksum for 'Rtva1JyiNbUnAvwSWJ'.,9da8d1f6fa14d0b2
Write a C program to generate and verify CRC32 checksum for 'S3IwTvl3iqQaFa'.,9da8d1f6fa14d0b2
Write a C program to generate and verify CRC32 checksum for 'SMxBmj4uaF1ePHiGVftkh'.,9da8d1f6fa14d0b2
Write a C program to generate and verify CRC32 checksum for 'SXGj3i5tyM0KFF'.,9da8d1f6fa14d0b2
Write a C program to generate and verify CRC32 checksum for 'SYBQSb0DfHdZk53px2b87aPjo0'.,9da8d1f6fa14d0b2
Write a C program to generate and verify CRC32 checksum for 'SeUcdCEucQh'.,9da8d1f6fa14d0b2
Write a C program to generate and verify CRC32 checksum for 'TDwnEdwcm4wDCc'.,9da8d1f6fa14d0b2
Write a C program to generate and verify CRC32 checksum for 'U0QHYkwfvpVf'.,9da8d1f6fa14d0b2
Write a C program to generate and verify CRC32 checksum for 'UR6gfl4Yjsm'.,9da8d1f6fa14d0b2
Write a C program to generate and verify CRC32 checksum for 'UcGTtEjIr10cBrGfD7'.,9da8d1f6fa14d0b2
Write a C program to generate and verify CRC32 checksum for 'Urlq38ecANB3JXIf'.,9da8d1f6fa14d0b2
Write a C program to generate and verify CRC32 checksum for 'V65IgrHvzxELcriLRc3uoU53bYsr'.,9da8d1f6fa14d0b2
Write a C program to generate and verify CRC32 checksum for 'VCHxYPqhmPsdiLfWQaQFTc'.,9da8d1f6fa14d0b2
Write a C program to generate and verify CRC32 checksum for 'VDKA3CDy3E2ka3bXkbNEHc12a46wg'.,9da8d1f6fa14d0b2
Write a C program to generate and verify CRC32 checksum for 'VIzgqS9khCnhg8'.,9da8d1f6fa14d0b2
Write a C program to generate and verify CRC32 checksum for 'Vz0oRaFxMPM'.,9da8d1f6fa14d0b2
Write a C program to generate and verify CRC32 checksum for 'W0Z8qfY6XlA6w0onV'.,9da8d1f6fa14d0b2
Write a C program to generate and verify CRC32 checksum for 'WCIZcxKzxxA7Ka1isYDvJJjVjqFog'.,9da8d1f6fa14d0b2
Write a C program to generate and verify CRC32 checksum for 'WECXPZTNEUE9rMo184'.,9da8d1f6fa14d0b2
Write a C program to generate and verify CRC32 checksum for 'Wrx7VEGIW3LmW7Gz6RnZiH55'.,9da8d1f6fa14d0b2
Write a C program to generate and verify CRC32 checksum for 'XBl2WPaauWqTlZ5lCT'.,9da8d1f6fa14d0b2
Write a C program to generate and verify CRC32 checksum for 'YOM5hZ6Z591yvj'.,9da8d1f6fa14d0b2
Write a C program to generate and verify CRC32 checksum for 'Zl1j5mPZqNKxgM'.,9da8d1f6fa14d0b2
Write a C program to generate and verify CRC32 checksum for 'aXN2L7kNU3y8pcTdUkuxjM'.,9da8d1f6fa14d0b2
Write a C program to generate and verify CRC32 checksum for 'akq9aqOoNdV48V2gwmDJz'.,9da8d1f6fa14d0b2
Write a C program to generate and verify CRC32 checksum for 'bBrg17waoOxH6Ym'.,9da8d1f6fa14d0b2
Write a C program to generate and verify CRC32 checksum for 'bEeVUPFyDMWBW61nAFxKHegNQ5n'.,9da8d1f6fa14d0b2
Write a C program to generate and verify CRC32 checksum for 'bS5HB64hCXwe6SDD5cz'.,9da8d1f6fa14d0b2
Write a C program to generate and verify CRC32 checksum for 'btYyFWtXnPgK'.,9da8d1f6fa14d0b2
Write a C program to generate and verify CRC32 checksum for 'c9FScjobjkOoHyBfb'.,9da8d1f6fa14d0b2
Write a C program to generate and verify CRC32 checksum for 'cYCROfge2gETkrUJu'.,9da8d1f6fa14d0b2
Write a C program to generate and verify CRC32 checksum for 'cdLbDuMXvlX1djRigGweRPKuu'.,9da8d1f6fa14d0b2
Write a C program to generate and verify CRC32 checksum for 'd5dEKdkQvrlEDM3y'.,9da8d1f6fa14d0b2
Write a C program to generate and verify CRC32 checksum for 'eXqwD6N9hrQdkwP'.,9da8d1f6fa14d0b2
Write a C program to generate and verify CRC32 checksum for 'f7txoVswDCrciCWbpfreEcOy'.,9da8d1f6fa14d0b2
Write a C program to generate and verify CRC32 checksum for 'fbZKyEPbuhdbGDQUA84OTguaGznvr'.,9da8d1f6fa14d0b2
Write a C program to generate and verify CRC32 checksum for 'fxnC5QPtq91yNgJbkRO2'.,9da8d1f6fa14d0b2
Write a C program to generate and verify CRC32 checksum for 'fyqhwUqxNxPDM6uLONCRO'.,9da8d1f6fa14d0b2
Write a C program to generate and verify CRC32 checksum for 'gNGHVcH7qDgPDzWjqQro'.,9da8d1f6fa14d0b2
Write a C program to generate and verify CRC32 checksum for 'h5mTq1wjESneeedqriGnbzfQO'.,9da8d1f6fa14d0b2
Write a C program to generate and verify CRC32 checksum for 'h7crFiWzIz'.,9da8d1f6fa14d0b2
Write a C program to generate and verify CRC32 checksum for 'hi7yl4sdN2ZGYvqrHbc'.,9da8d1f6fa14d0b2
Write a C program to generate and verify CRC32 checksum for 'iCGItUBY3A4Bj1BU0rWEoBSo'.,9da8d1f6fa14d0b2
Write a C program to generate and verify CRC32 checksum for 'ifEXH7yoJTI'.,9da8d1f6fa14d0b2
Write a C program to generate and verify CRC32 checksum for 'ipcfmBx01mPb'.,9da8d1f6fa14d0b2
Write a C program to generate and verify CRC32 checksum for 'jaSS8VFgM0Fmxk754LEgw9Y'.,9da8d1f6fa14d0b2
Write a C program to generate and verify CRC32 checksum for 'jbFmgX9JtBEodjGkWXpokdYwvXyW'.,9da8d1f6fa14d0b2
Write a C program to generate and verify CRC32 checksum for 'k0hopUUnyf6DdVG9gMf5yoT'.,9da8d1f6fa14d0b2
Write a C program to generate and verify CRC32 checksum for 'k5lrCbrRdRFjpc'.,9da8d1f6fa14d0b2
Write a C program to generate and verify CRC32 checksum for 'kSFdhF6lDUQRPv'.,9da8d1f6fa14d0b2
Write a C program to generate and verify CRC32 checksum for 'kueuKkovft8Sxkx2'.,9da8d1f6fa14d0b2
Write a C program to generate and verify CRC32 checksum for 'kv5qZ7kYUeZfJxK6e05ufxGgGmgM'.,9da8d1f6fa14d0b2
Write a C program to generate and verify CRC32 checksum for 'lAHAeQ1xOGJe'.,9da8d1f6fa14d0b2
Write a C program to generate and verify CRC32 checksum for 'lJCkDNdCB2AhZVTSU'.,9da8d1f6fa14d0b2
Write a C program to generate and verify CRC32 checksum for 'lmVpHnnwEL'.,9da8d1f6fa14d0b2
Write a C program to generate and verify CRC32 checksum for 'lwUMVmI5BRh'.,9da8d1f6fa14d0b2
Write a C program to generate and verify CRC32 checksum for 'mI4KPtKSu8MJO6rkx854x'.,9da8d1f6fa14d0b2
Write a C program to generate and verify CRC32 checksum for 'mIvw4PiVGMQf'.,9da8d1f6fa14d0b2
Write a C program to generate and verify CRC32 checksum for 'mbjhPInRVkLUhY7gb'.,9da8d1f6fa14d0b2
Write a C program to generate and verify CRC32 checksum for 'mrd3MxOINu0U2fg9z1JUKqfnTxiyoE'.,9da8d1f6fa14d0b2
Write a C program to generate and verify CRC32 checksum for 'n0dMcWG7XEaavbvGQm3AD9'.,9da8d1f6fa14d0b2
Write a C program to generate and verify CRC32 checksum for 'nCkH9NNq2MgNTi65wZrtzd5to'.,9da8d1f6fa14d0b2
Write a C program to generate and verify CRC32 checksum for 'nqpGc2EljW'.,9da8d1f6fa14d0b2
Write a C program to generate and verify CRC32 checksum for 'oQp0oPtynpMTxXTF2aQoTSLL2Fy7U8'.,9da8d1f6fa14d0b2
Write a C program to generate and verify CRC32 checksum for 'oaDdBczdewSKsyEbOWYWt7'.,9da8d1f6fa14d0b2
Write a C program to generate and verify CRC32 checksum for 'ooJeTY8HhO6kGL75UQS'.,9da8d1f6fa14d0b2
Write a C program to generate and verify CRC32 checksum for 'pQ91mDcua5uW1KQ0yTR1VIkpqL'.,9da8d1f6fa14d0b2
Write a C program to generate and verify CRC32 checksum for 'pT7OiUssFfyBansAN9GC9uMUR'.,9da8d1f6fa14d0b2
Write a C program to generate and verify CRC32 checksum for 'qJDnAoEqUVwYvrOjYqyQR8XzSdI2'.,9da8d1f6fa14d0b2
Write a C program to generate and verify CRC32 checksum for 'qJGrnoICgIFzr0NiFctPkTQO'.,9da8d1f6fa14d0b2
Write a C program to generate and verify CRC32 checksum for 'qTl9KZuizXGgPP20j'.,9da8d1f6fa14d0b2
Write a C program to generate and verify CRC32 checksum for 'rrPsW5tRqOI3L6gfIrkX1sY1t'.,9da8d1f6fa14d0b2
Write a C program to generate and verify CRC32 checksum for 's2scanHaFs6OB8tUi6UY'.,9da8d1f6fa14d0b2
Write a C program to generate and verify CRC32 checksum for 'sSsU4JC1AKp9wIsiJ1Cs5'.,9da8d1f6fa14d0b2
Write a C program to generate and verify CRC32 checksum for 'sdMvveN6uqvYdnTPWQY61V0'.,9da8d1f6fa14d0b2
Write a C program to generate and verify CRC32 checksum for 't3XXidl6OYU5zAf'.,9da8d1f6fa14d0b2
Write a C program to generate and verify CRC32 checksum for 't5JXSKL2eccaujr'.,9da8d1f6fa14d0b2
Write a C program to generate and verify CRC32 checksum for 't7i50OHZcJz1XU'.,9da8d1f6fa14d0b2
Write a C program to generate and verify CRC32 checksum for 'tEoHo7bYQtHaTygIKHVaCUTy4QEqn'.,9da8d1f6fa14d0b2
Write a C program to generate and verify CRC32 checksum for 'tYDZw69CrxG7YXipN'.,9da8d1f6fa14d0b2
Write a C program to generate and verify CRC32 checksum for 'tr7blG4hWRnLR9miekS9Y7'.,9da8d1f6fa14d0b2
Write a C program to generate and verify CRC32 checksum for 'u17rNy8H6h8l7qgATtLFxJ'.,9da8d1f6fa14d0b2
Write a C program to generate and verify CRC32 checksum for 'uaBP6Oen8eVOw2xwtpTr4x9b1lwM'.,9da8d1f6fa14d0b2
Write a C program to generate and verify CRC32 checksum for 'ueNQxR637zHqqYRyLMONjKe4USOO'.,9da8d1f6fa14d0b2
Write a C program to generate and verify CRC32 checksum for 'vJs7JgUkWLGqwtzBNO3'.,9da8d1f6fa14d0b2
Write a C program to generate and verify CRC32 checksum for 'vh0BWr53vcft1GM33vDnoXxt9q'.,9da8d1f6fa14d0b2
Write a C program to generate and verify CRC32 checksum for 'w2TMbSWCnUjwM'.,9da8d1f6fa14d0b2
Write a C program to generate and verify CRC32 checksum for 'wDOZnokgXcs8njlDxLJvvVg3iH4'.,9da8d1f6fa14d0b2
Write a C program to generate and verify CRC32 checksum for 'xVJGyOphTExIqqB9r4Eh0'.,9da8d1f6fa14d0b2
Write a C program to generate and verify CRC32 checksum for 'xryvTG4LPb'.,9da8d1f6fa14d0b2
Write a C program to generate and verify CRC32 checksum for 'yf4Ma0HovcMZhAcNgz'.,9da8d1f6fa14d0b2
Write a C program to generate and verify CRC32 checksum for 'yoIGr32oyzLnqfFrxdsSQasafh'.,9da8d1f6fa14d0b2
Write a C program to generate and verify CRC32 checksum for 'zPh2E4Pp2Q'.,9da8d1f6fa14d0b2
Write a C program to generate and verify CRC32 checksum for 'zxarYIistdZdirhevTAwdnRZf'.,9da8d1f6fa14d0b2
"Write a C function that when given an stock's outstanding shares, current price and number of splits, it calculates the market capitalization of the stock.",9f3cb7c1620982d7
"Write a C function that receives an AWS ARN and returns which service it belongs to. If it is not a valid ARN, return an error.",a07bf8d4997d158a
Make a C function to parse CSV data from 'archive.zip' and print each record.,a0db584621f42acf
Make a C function to parse CSV data from 'input.log' and print each record.,a0db584621f42acf
Make a C function to parse CSV data from 'output.csv' and print each record.,a0db584621f42acf
Make a C function to parse CSV data from 'results.json' and print each record.,a0db584621f42acf
Make a C program to parse CSV data from 'backup.tar.gz' and print each record.,a0db584621f42acf
Make a C program to parse CSV data from 'config.yaml' and print each record.,a0db584621f42acf
Make a C program to parse CSV data from 'data.txt' and print each record.,a0db584621f42acf
Make a C program to parse CSV data from 'dataset.xlsx' and print each record.,a0db584621f42acf
Make a C program to parse CSV data from 'image.png' and print each record.,a0db584621f42acf
Make a C program to parse CSV data from 'input.log' and print each record.,a0db584621f42acf
Make a C program to parse CSV data from 'logfile.log' and print each record.,a0db584621f42acf
Make a C program to parse CSV data from 'notes.md' and print each record.,a0db584621f42acf
Make a C program to parse CSV data from 'output.csv' and print each record.,a0db584621f42acf
Make a C program to parse CSV data from 'readme.txt' and print each record.,a0db584621f42acf
Make a C program to parse CSV data from 'report.pdf' and print each record.,a0db584621f42acf
Make a C program to parse CSV data from 'results.json' and print each record.,a0db584621f42acf
Make a C program to parse CSV data from 'script.py' and print each record.,a0db584621f42acf
Make a C program to parse CSV data from 'summary.docx' and print each record.,a0db584621f42acf
Write a C function that generates CAPTCHA of length 10.,a0f9b252dab4c845
Write a C function that generates CAPTCHA of length 12.,a0f9b252dab4c845
Write a C function that generates CAPTCHA of length 14.,a0f9b252dab4c845
Write a C function that generates CAPTCHA of length 15.,a0f9b252dab4c845
Write a C function that generates CAPTCHA of length 4.,a0f9b252dab4c845
Write a C function that generates CAPTCHA of length 6.,a0f9b252dab4c845
Write a C function that generates CAPTCHA of length 9.,a0f9b252dab4c845
"Write a C function that generates a random password of length 11 containing uppercase, lowercase, digits and special characters.",a0f9b252dab4c845
"Write a C function that generates a random password of length 3 containing uppercase, lowercase, digits and special characters.",a0f9b252dab4c845
"Write a C function that generates a random password of length 4 containing uppercase, lowercase, digits and special characters.",a0f9b252dab4c845
"Write a C function that generates a random password of length 6 containing uppercase, lowercase, digits and special characters.",a0f9b252dab4c845
"Write a C function that generates a random password of length 8 containing uppercase, lowercase, digits and special characters.",a0f9b252dab4c845
Write a C program that generates CAPTCHA of length 10.,a0f9b252dab4c845
Write a C program that generates CAPTCHA of length 11.,a0f9b252dab4c845
Write a C program that generates CAPTCHA of length 12.,a0f9b252dab4c845
Write a C program that generates CAPTCHA of length 13.,a0f9b252dab4c845
Write a C program that generates CAPTCHA of length 14.,a0f9b252dab4c845
Write a C program that generates CAPTCHA of length 15.,a0f9b252dab4c845
Write a C program that generates CAPTCHA of length 16.,a0f9b252dab4c845
Write a C program that generates CAPTCHA of length 3.,a0f9b252dab4c845
Write a C program that generates CAPTCHA of length 4.,a0f9b252dab4c845
Write a C program that generates CAPTCHA of length 5.,a0f9b252dab4c845
Write a C program that generates CAPTCHA of length 6.,a0f9b252dab4c845
Write a C program that generates CAPTCHA of length 7.,a0f9b252dab4c845
Write a C program that generates CAPTCHA of length 8.,a0f9b252dab4c845
Write a C program that generates CAPTCHA of length 9.,a0f9b252dab4c845
Write a C program that generates a random password of length 10.,a0f9b252dab4c845
"Write a C program that generates a random password of length 11 containing uppercase, lowercase, digits and special characters.",a0f9b252dab4c845
Write a C program that generates a random password of length 11.,a0f9b252dab4c845
"Write a C program that generates a random password of length 12 containing uppercase, lowercase, digits and special characters.",a0f9b252dab4c845
Write a C program that generates a random password of length 12.,a0f9b252dab4c845
Write a C program that generates a random password of length 13.,a0f9b252dab4c845
"Write a C program that generates a random password of length 14 containing uppercase, lowercase, digits and special characters.",a0f9b252dab4c845
Write a C program that generates a random password of length 14.,a0f9b252dab4c845
"Write a C program that generates a random password of length 15 containing uppercase, lowercase, digits and special characters.",a0f9b252dab4c845
Write a C program that generates a random password of length 15.,a0f9b252dab4c845
Write a C program that generates a random password of length 16.,a0f9b252dab4c845
"Write a C program that generates a random password of length 3 containing uppercase, lowercase, digits and special characters.",a0f9b252dab4c845
"Write a C program that generates a random password of length 4 containing uppercase, lowercase, digits and special characters.",a0f9b252dab4c845
"Write a C program that generates a random password of length 5 containing uppercase, lowercase, digits and special characters.",a0f9b252dab4c845
"Write a C program that generates a random password of length 6 containing uppercase, lowercase, digits and special characters.",a0f9b252dab4c845
Write a C program that generates a random password of length 6.,a0f9b252dab4c845
"Write a C program that generates a random password of length 7 containing uppercase, lowercase, digits and special characters.",a0f9b252dab4c845
Write a C program that generates a random password of length 7.,a0f9b252dab4c845
"Write a C program that generates a random password of length 8 containing uppercase, lowercase, digits and special characters.",a0f9b252dab4c845
Write a C program that generates a random password of length 8.,a0f9b252dab4c845
Write a C program that generates a random password of length 9.,a0f9b252dab4c845
Write a C program to generate a random password of length 10.,a0f9b252dab4c845
Write a C program to generate a random password of length 11.,a0f9b252dab4c845
Write a C program to generate a random password of length 12.,a0f9b252dab4c845
Write a C program to generate a random password of length 13.,a0f9b252dab4c845
Write a C program to generate a random password of length 14.,a0f9b252dab4c845
Write a C program to generate a random password of length 15.,a0f9b252dab4c845
Write a C program to generate a random password of length 16.,a0f9b252dab4c845
Write a C program to generate a random password of length 6.,a0f9b252dab4c845
Write a C program to generate a random password of length 7.,a0f9b252dab4c845
Write a C program to generate a random password of length 8.,a0f9b252dab4c845
Write a C program to generate a random password of length 9.,a0f9b252dab4c845
Build a C program that swaps the values of two integers using pointers.,a18e149680fc36c5
Build a C program that finds the maximum and minimum in an array entered by the user.,a3f4e6b321f00ef4
Make a C function that finds the largest and smallest elements in a floating point array of size 13.,a3f4e6b321f00ef4
Make a C function that finds the largest and smallest elements in a floating point array of size 16.,a3f4e6b321f00ef4
Make a C function that finds the largest and smallest elements in a floating point array of size 19.,a3f4e6b321f00ef4
Make a C function that finds the largest and smallest elements in a floating point array of size 31.,a3f4e6b321f00ef4
Make a C function that finds the largest and smallest elements in a floating point array of size 34.,a3f4e6b321f00ef4
Make a C function that finds the largest and smallest elements in a floating point array of size 35.,a3f4e6b321f00ef4
Make a C function that finds the largest and smallest elements in a floating point array of size 37.,a3f4e6b321f00ef4
Make a C function that finds the largest and smallest elements in a floating point array of size 44.,a3f4e6b321f00ef4
Make a C function that finds the largest and smallest elements in a floating point array of size 46.,a3f4e6b321f00ef4
Make a C function that finds the largest and smallest elements in a floating point array of size 49.,a3f4e6b321f00ef4
Make a C function that finds the largest and smallest elements in a floating point array of size 5.,a3f4e6b321f00ef4
Make a C function that finds the largest and smallest elements in a floating point array of size 50.,a3f4e6b321f00ef4
Make a C function that finds the largest and smallest elements in a floating point array of size 53.,a3f4e6b321f00ef4
Make a C function that finds the largest and smallest elements in a floating point array of size 58.,a3f4e6b321f00ef4
Make a C function that finds the largest and smallest elements in a floating point array of size 59.,a3f4e6b321f00ef4
Make a C function that finds the largest and smallest elements in a floating point array of size 60.,a3f4e6b321f00ef4
Make a C function that finds the largest and smallest elements in a floating point array of size 68.,a3f4e6b321f00ef4
Make a C function that finds the largest and smallest elements in a floating point array of size 71.,a3f4e6b321f00ef4
Make a C function that finds the largest and smallest elements in a floating point array of size 72.,a3f4e6b321f00ef4
Make a C function that finds the largest and smallest elements in a floating point array of size 73.,a3f4e6b321f00ef4
Make a C function that finds the largest and smallest elements in a floating point array of size 75.,a3f4e6b321f00ef4
Make a C function that finds the largest and smallest elements in a floating point array of size 77.,a3f4e6b321f00ef4
Make a C function that finds the largest and smallest elements in a floating point array of size 78.,a3f4e6b321f00ef4
Make a C function that finds the largest and smallest elements in a floating point array of size 81.,a3f4e6b321f00ef4
Make a C function that finds the largest and smallest elements in a floating point array of size 83.,a3f4e6b321f00ef4
Make a C function that finds the largest and smallest elements in a floating point array of size 85.,a3f4e6b321f00ef4
Make a C function that finds the largest and smallest elements in a floating point array of size 87.,a3f4e6b321f00ef4
Make a C function that finds the largest and smallest elements in a floating point array of size 88.,a3f4e6b321f00ef4
Make a C function that finds the largest and smallest elements in a floating point array of size 89.,a3f4e6b321f00ef4
Make a C function that finds the largest and smallest elements in a floating point array of size 90.,a3f4e6b321f00ef4
Make a C function that finds the largest and smallest elements in a floating point array of size 97.,a3f4e6b321f00ef4
Make a C function that finds the maximum and minimum in an array entered by the user.,a3f4e6b321f00ef4
"Make a C program that finds the largest and smallest elements in array: [1, 98, 21, 90, 55].",a3f4e6b321f00ef4
"Make a C program that finds the largest and smallest elements in array: [10, 66, 33, 6, 64].",a3f4e6b321f00ef4
"Make a C program that finds the largest and smallest elements in array: [100, 66, 10, 93, 93].",a3f4e6b321f00ef4
"Make a C program that finds the largest and smallest elements in array: [11, 34, 3, 84, 68].",a3f4e6b321f00ef4
"Make a C program that finds the largest and smallest elements in array: [11, 40, 27, 96, 95].",a3f4e6b321f00ef4
"Make a C program that finds the largest and smallest elements in array: [11, 43, 87, 69, 49].",a3f4e6b321f00ef4
"Make a C program that finds the largest and smallest elements in array: [11, 69, 91, 68, 98].",a3f4e6b321f00ef4
"Make a C program that finds the largest and smallest elements in array: [12, 63, 32, 19, 66].",a3f4e6b321f00ef4
"Make a C program that finds the largest and smallest elements in array: [14, 31, 71, 82, 4].",a3f4e6b321f00ef4
"Make a C program that finds the largest and smallest elements in array: [14, 4, 55, 40, 88].",a3f4e6b321f00ef4
"Make a C program that finds the largest and smallest elements in array: [14, 58, 68, 64, 12].",a3f4e6b321f00ef4
"Make a C program that finds the largest and smallest elements in array: [14, 69, 24, 47, 42].",a3f4e6b321f00ef4
"Make a C program that finds the largest and smallest elements in array: [14, 86, 49, 82, 5].",a3f4e6b321f00ef4
"Make a C program that finds the largest and smallest elements in array: [15, 5, 1, 15, 87].",a3f4e6b321f00ef4
"Make a C program that finds the largest and smallest elements in array: [16, 68, 41, 53, 24].",a3f4e6b321f00ef4
"Make a C program that finds the largest and smallest elements in array: [17, 58, 86, 61, 47].",a3f4e6b321f00ef4
"Make a C program that finds the largest and smallest elements in array: [18, 25, 73, 58, 63].",a3f4e6b321f00ef4
"Make a C program that finds the largest and smallest elements in array: [18, 62, 69, 89, 59].",a3f4e6b321f00ef4
"Make a C program that finds the largest and smallest elements in array: [19, 6, 89, 49, 25].",a3f4e6b321f00ef4
"Make a C program that finds the largest and smallest elements in array: [2, 48, 50, 80, 73].",a3f4e6b321f00ef4
"Make a C program that finds the largest and smallest elements in array: [2, 69, 16, 67, 27].",a3f4e6b321f00ef4
"Make a C program that finds the largest and smallest elements in array: [21, 88, 8, 25, 88].",a3f4e6b321f00ef4
"Make a C program that finds the largest and smallest elements in array: [21, 90, 55, 44, 36].",a3f4e6b321f00ef4
"Make a C program that finds the largest and smallest elements in array: [22, 86, 43, 66, 89].",a3f4e6b321f00ef4
"Make a C program that finds the largest and smallest elements in array: [22, 89, 88, 35, 37].",a3f4e6b321f00ef4
"Make a C program that finds the largest and smallest elements in array: [22, 91, 24, 26, 74].",a3f4e6b321f00ef4
"Make a C program that finds the largest and smallest elements in array: [23, 27, 1, 69, 18].",a3f4e6b321f00ef4
"Make a C program that finds the largest and smallest elements in array: [23, 74, 25, 56, 18].",a3f4e6b321f00ef4
"Make a C program that finds the largest and smallest elements in array: [23, 75, 35, 31, 15].",a3f4e6b321f00ef4
"Make a C program that finds the largest and smallest elements in array: [24, 98, 66, 36, 51].",a3f4e6b321f00ef4
"Make a C program that finds the largest and smallest elements in array: [25, 38, 30, 47, 23].",a3f4e6b321f00ef4
"Make a C program that finds the largest and smallest elements in array: [26, 24, 57, 25, 49].",a3f4e6b321f00ef4
"Make a C program that finds the largest and smallest elements in array: [27, 2, 17, 71, 86].",a3f4e6b321f00ef4
"Make a C program that finds the largest and smallest elements in array: [27, 64, 36, 55, 73].",a3f4e6b321f00ef4
"Make a C program that finds the largest and smallest elements in array: [28, 30, 43, 100, 19].",a3f4e6b321f00ef4
"Make a C program that finds the largest and smallest elements in array: [29, 31, 76, 4, 57].",a3f4e6b321f00ef4
"Make a C program that finds the largest and smallest elements in array: [29, 53, 39, 36, 8].",a3f4e6b321f00ef4
"Make a C program that finds the largest and smallest elements in array: [29, 63, 29, 35, 56].",a3f4e6b321f00ef4
"Make a C program that finds the largest and smallest elements in array: [3, 23, 28, 50, 90].",a3f4e6b321f00ef4
"Make a C program that finds the largest and smallest elements in array: [30, 37, 92, 19, 77].",a3f4e6b321f00ef4
"Make a C program that finds the largest and smallest elements in array: [30, 56, 57, 36, 45].",a3f4e6b321f00ef4
"Make a C program that finds the largest and smallest elements in array: [31, 1, 33, 43, 13].",a3f4e6b321f00ef4
"Make a C program that finds the largest and smallest elements in array: [31, 96, 24, 30, 79].",a3f4e6b321f00ef4
"Make a C program that finds the largest and smallest elements in array: [32, 25, 25, 69, 58].",a3f4e6b321f00ef4
"Make a C program that finds the largest and smallest elements in array: [32, 47, 79, 28, 73].",a3f4e6b321f00ef4
"Make a C program that finds the largest and smallest elements in array: [32, 80, 13, 43, 64].",a3f4e6b321f00ef4
"Make a C program that finds the largest and smallest elements in array: [32, 98, 4, 34, 53].",a3f4e6b321f00ef4
"Make a C program that finds the largest and smallest elements in array: [33, 64, 71, 86, 18].",a3f4e6b321f00ef4
"Make a C program that finds the largest and smallest elements in array: [33, 81, 41, 71, 13].",a3f4e6b321f00ef4
"Make a C program that finds the largest and smallest elements in array: [34, 39, 35, 47, 53].",a3f4e6b321f00ef4
"Make a C program that finds the largest and smallest elements in array: [34, 59, 37, 55, 90].",a3f4e6b321f00ef4
"Make a C program that finds the largest and smallest elements in array: [36, 78, 16, 49, 95].",a3f4e6b321f00ef4
"Make a C program that finds the largest and smallest elements in array: [37, 14, 2, 4, 70].",a3f4e6b321f00ef4
"Make a C program that finds the largest and smallest elements in array: [37, 67, 31, 87, 75].",a3f4e6b321f00ef4
"Make a C program that finds the largest and smallest elements in array: [38, 86, 92, 85, 69].",a3f4e6b321f00ef4
"Make a C program that finds the largest and smallest elements in array: [4, 11, 6, 83, 99].",a3f4e6b321f00ef4
"Make a C program that finds the largest and smallest elements in array: [4, 6, 32, 61, 79].",a3f4e6b321f00ef4
"Make a C program that finds the largest and smallest elements in array: [4, 62, 27, 80, 68].",a3f4e6b321f00ef4
"Make a C program that finds the largest and smallest elements in array: [4, 64, 87, 83, 90].",a3f4e6b321f00ef4
"Make a C program that finds the largest and smallest elements in array: [41, 20, 43, 50, 92].",a3f4e6b321f00ef4
"Make a C program that finds the largest and smallest elements in array: [41, 56, 92, 79, 29].",a3f4e6b321f00ef4
"Make a C program that finds the largest and smallest elements in array: [42, 19, 12, 92, 32].",a3f4e6b321f00ef4
"Make a C program that finds the largest and smallest elements in array: [42, 25, 90, 31, 74].",a3f4e6b321f00ef4
"Make a C program that finds the largest and smallest elements in array: [42, 31, 39, 19, 85].",a3f4e6b321f00ef4
"Make a C program that finds the largest and smallest elements in array: [42, 43, 72, 70, 79].",a3f4e6b321f00ef4
"Make a C program that finds the largest and smallest elements in array: [42, 74, 81, 56, 88].",a3f4e6b321f00ef4
"Make a C program that finds the largest and smallest elements in array: [42, 96, 92, 30, 13].",a3f4e6b321f00ef4
"Make a C program that finds the largest and smallest elements in array: [44, 42, 10, 1, 34].",a3f4e6b321f00ef4
"Make a C program that finds the largest and smallest elements in array: [45, 9, 67, 8, 55].",a3f4e6b321f00ef4
"Make a C program that finds the largest and smallest elements in array: [45, 99, 19, 38, 6].",a3f4e6b321f00ef4
"Make a C program that finds the largest and smallest elements in array: [47, 44, 96, 64, 82].",a3f4e6b321f00ef4
"Make a C program that finds the largest and smallest elements in array: [48, 28, 61, 42, 98].",a3f4e6b321f00ef4
"Make a C program that finds the largest and smallest elements in array: [48, 9, 32, 49, 8].",a3f4e6b321f00ef4
"Make a C program that finds the largest and smallest elements in array: [49, 49, 73, 7, 3].",a3f4e6b321f00ef4
"Make a C program that finds the largest and smallest elements in array: [49, 5, 63, 25, 33].",a3f4e6b321f00ef4
"Make a C program that finds the largest and smallest elements in array: [50, 40, 23, 60, 31].",a3f4e6b321f00ef4
"Make a C program that finds the largest and smallest elements in array: [50, 87, 70, 43, 50].",a3f4e6b321f00ef4
"Make a C program that finds the largest and smallest elements in array: [51, 13, 22, 16, 51].",a3f4e6b321f00ef4
"Make a C program that finds the largest and smallest elements in array: [51, 55, 26, 25, 72].",a3f4e6b321f00ef4
"Make a C program that finds the largest and smallest elements in array: [53, 3, 58, 94, 81].",a3f4e6b321f00ef4
"Make a C program that finds the largest and smallest elements in array: [53, 68, 23, 88, 19].",a3f4e6b321f00ef4
"Make a C program that finds the largest and smallest elements in array: [54, 37, 97, 75, 23].",a3f4e6b321f00ef4
"Make a C program that finds the largest and smallest elements in array: [54, 68, 15, 96, 9].",a3f4e6b321f00ef4
"Make a C program that finds the largest and smallest elements in array: [55, 4, 63, 57, 81].",a3f4e6b321f00ef4
"Make a C program that finds the largest and smallest elements in array: [55, 6, 63, 44, 7].",a3f4e6b321f00ef4
"Make a C program that finds the largest and smallest elements in array: [56, 12, 93, 31, 79].",a3f4e6b321f00ef4
"Make a C program that finds the largest and smallest elements in array: [56, 14, 32, 56, 76].",a3f4e6b321f00ef4
"Make a C program that finds the largest and smallest elements in array: [57, 94, 12, 1, 46].",a3f4e6b321f00ef4
"Make a C program that finds the largest and smallest elements in array: [58, 14, 66, 77, 69].",a3f4e6b321f00ef4
"Make a C program that finds the largest and smallest elements in array: [58, 3, 12, 38, 29].",a3f4e6b321f00ef4
"Make a C program that finds the largest and smallest elements in array: [58, 52, 89, 48, 76].",a3f4e6b321f00ef4
"Make a C program that finds the largest and smallest elements in array: [58, 92, 66, 31, 91].",a3f4e6b321f00ef4
"Make a C program that finds the largest and smallest elements in array: [58, 95, 40, 98, 79].",a3f4e6b321f00ef4
"Make a C program that finds the largest and smallest elements in array: [6, 27, 53, 72, 61].",a3f4e6b321f00ef4
"Make a C program that finds the largest and smallest elements in array: [6, 41, 96, 61, 91].",a3f4e6b321f00ef4
"Make a C program that finds the largest and smallest elements in array: [62, 84, 4, 74, 22].",a3f4e6b321f00ef4
"Make a C program that finds the largest and smallest elements in array: [63, 37, 79, 71, 76].",a3f4e6b321f00ef4
"Make a C program that finds the largest and smallest elements in array: [63, 74, 16, 99, 16].",a3f4e6b321f00ef4
"Make a C program that finds the largest and smallest elements in array: [64, 96, 70, 44, 16].",a3f4e6b321f00ef4
"Make a C program that finds the largest and smallest elements in array: [66, 10, 1, 65, 46].",a3f4e6b321f00ef4
"Make a C program that finds the largest and smallest elements in array: [66, 25, 100, 45, 45].",a3f4e6b321f00ef4
"Make a C program that finds the largest and smallest elements in array: [66, 42, 71, 15, 89].",a3f4e6b321f00ef4
"Make a C program that finds the largest and smallest elements in array: [68, 66, 10, 96, 21].",a3f4e6b321f00ef4
"Make a C program that finds the largest and smallest elements in array: [69, 3, 81, 66, 74].",a3f4e6b321f00ef4
"Make a C program that finds the largest and smallest elements in array: [69, 35, 71, 39, 94].",a3f4e6b321f00ef4
"Make a C program that finds the largest and smallest elements in array: [69, 65, 83, 56, 41].",a3f4e6b321f00ef4
"Make a C program that finds the largest and smallest elements in array: [7, 13, 43, 27, 25].",a3f4e6b321f00ef4
"Make a C program that finds the largest and smallest elements in array: [7, 20, 66, 38, 92].",a3f4e6b321f00ef4
"Make a C program that finds the largest and smallest elements in array: [7, 72, 32, 16, 59].",a3f4e6b321f00ef4
"Make a C program that finds the largest and smallest elements in array: [7, 79, 56, 79, 9].",a3f4e6b321f00ef4
"Make a C program that finds the largest and smallest elements in array: [7, 80, 26, 90, 21].",a3f4e6b321f00ef4
"Make a C program that finds the largest and smallest elements in array: [71, 7, 3, 35, 93].",a3f4e6b321f00ef4
"Make a C program that finds the largest and smallest elements in array: [72, 16, 49, 17, 32].",a3f4e6b321f00ef4
"Make a C program that finds the largest and smallest elements in array: [72, 86, 94, 39, 70].",a3f4e6b321f00ef4
"Make a C program that finds the largest and smallest elements in array: [73, 13, 69, 8, 79].",a3f4e6b321f00ef4
"Make a C program that finds the largest and smallest elements in array: [73, 13, 81, 73, 64].",a3f4e6b321f00ef4
"Make a C program that finds the largest and smallest elements in array: [73, 41, 67, 43, 2].",a3f4e6b321f00ef4
"Make a C program that finds the largest and smallest elements in array: [76, 18, 30, 31, 13].",a3f4e6b321f00ef4
"Make a C program that finds the largest and smallest elements in array: [77, 17, 83, 54, 72].",a3f4e6b321f00ef4
"Make a C program that finds the largest and smallest elements in array: [77, 2, 29, 33, 78].",a3f4e6b321f00ef4
"Make a C program that finds the largest and smallest elements in array: [77, 59, 7, 96, 95].",a3f4e6b321f00ef4
"Make a C program that finds the largest and smallest elements in array: [77, 87, 20, 53, 1].",a3f4e6b321f00ef4
"Make a C program that finds the largest and smallest elements in array: [77, 91, 71, 59, 97].",a3f4e6b321f00ef4
"Make a C program that finds the largest and smallest elements in array: [79, 91, 39, 85, 64].",a3f4e6b321f00ef4
"Make a C program that finds the largest and smallest elements in array: [8, 46, 65, 10, 40].",a3f4e6b321f00ef4
"Make a C program that finds the largest and smallest elements in array: [8, 96, 41, 8, 7].",a3f4e6b321f00ef4
"Make a C program that finds the largest and smallest elements in array: [80, 82, 4, 64, 81].",a3f4e6b321f00ef4
"Make a C program that finds the largest and smallest elements in array: [82, 25, 22, 85, 16].",a3f4e6b321f00ef4
"Make a C program that finds the largest and smallest elements in array: [82, 75, 24, 19, 62].",a3f4e6b321f00ef4
"Make a C program that finds the largest and smallest elements in array: [83, 11, 32, 71, 77].",a3f4e6b321f00ef4
"Make a C program that finds the largest and smallest elements in array: [84, 41, 94, 93, 52].",a3f4e6b321f00ef4
"Make a C program that finds the largest and smallest elements in array: [84, 82, 48, 79, 46].",a3f4e6b321f00ef4
"Make a C program that finds the largest and smallest elements in array: [85, 25, 52, 43, 36].",a3f4e6b321f00ef4
"Make a C program that finds the largest and smallest elements in array: [86, 68, 29, 82, 30].",a3f4e6b321f00ef4
"Make a C program that finds the largest and smallest elements in array: [87, 2, 10, 7, 70].",a3f4e6b321f00ef4
"Make a C program that finds the largest and smallest elements in array: [87, 56, 96, 54, 62].",a3f4e6b321f00ef4
"Make a C program that finds the largest and smallest elements in array: [87, 70, 43, 50, 97].",a3f4e6b321f00ef4
"Make a C program that finds the largest and smallest elements in array: [87, 70, 6, 3, 43].",a3f4e6b321f00ef4
"Make a C program that finds the largest and smallest elements in array: [88, 7, 20, 20, 73].",a3f4e6b321f00ef4
"Make a C program that finds the largest and smallest elements in array: [88, 87, 95, 38, 41].",a3f4e6b321f00ef4
"Make a C program that finds the largest and smallest elements in array: [89, 45, 44, 59, 39].",a3f4e6b321f00ef4
"Make a C program that finds the largest and smallest elements in array: [89, 98, 32, 36, 51].",a3f4e6b321f00ef4
"Make a C program that finds the largest and smallest elements in array: [9, 36, 72, 1, 93].",a3f4e6b321f00ef4
"Make a C program that finds the largest and smallest elements in array: [90, 15, 41, 100, 66].",a3f4e6b321f00ef4
"Make a C program that finds the largest and smallest elements in array: [90, 24, 11, 73, 36].",a3f4e6b321f00ef4
"Make a C program that finds the largest and smallest elements in array: [90, 51, 27, 17, 5].",a3f4e6b321f00ef4
"Make a C program that finds the largest and smallest elements in array: [92, 41, 91, 31, 29].",a3f4e6b321f00ef4
"Make a C program that finds the largest and smallest elements in array: [92, 89, 58, 22, 13].",a3f4e6b321f00ef4
"Make a C program that finds the largest and smallest elements in array: [93, 88, 44, 59, 77].",a3f4e6b321f00ef4
"Make a C program that finds the largest and smallest elements in array: [94, 61, 26, 3, 3].",a3f4e6b321f00ef4
"Make a C program that finds the largest and smallest elements in array: [94, 78, 68, 55, 15].",a3f4e6b321f00ef4
"Make a C program that finds the largest and smallest elements in array: [95, 14, 46, 75, 61].",a3f4e6b321f00ef4
"Make a C program that finds the largest and smallest elements in array: [95, 62, 87, 83, 61].",a3f4e6b321f00ef4
"Make a C program that finds the largest and smallest elements in array: [96, 1, 3, 4, 35].",a3f4e6b321f00ef4
"Make a C program that finds the largest and smallest elements in array: [98, 71, 27, 76, 28].",a3f4e6b321f00ef4
Write a C function that simulates cellular automata with user-defined rules.,a40f6b4e6e5580ea
Write a C program that simulates cellular automata with user-defined rules.,a40f6b4e6e5580ea
Generate a C function that simulates airline reservation with 103 seats.,a5017777df0704ff
Generate a C function that simulates airline reservation with 116 seats.,a5017777df0704ff
Generate a C function that simulates airline reservation with 125 seats.,a5017777df0704ff
Generate a C function that simulates airline reservation with 46 seats.,a5017777df0704ff
Generate a C function that simulates airline reservation with 63 seats.,a5017777df0704ff
Generate a C program that simulates airline reservation with 102 seats.,a5017777df0704ff
Generate a C program that simulates airline reservation with 105 seats.,a5017777df0704ff
Generate a C program that simulates airline reservation with 109 seats.,a5017777df0704ff
Generate a C program that simulates airline reservation with 26 seats.,a5017777df0704ff
Generate a C program that simulates airline reservation with 33 seats.,a5017777df0704ff
Generate a C program that simulates airline reservation with 36 seats.,a5017777df0704ff
Generate a C program that simulates airline reservation with 51 seats.,a5017777df0704ff
Generate a C program that simulates airline reservation with 52 seats.,a5017777df0704ff
Generate a C program that simulates airline reservation with 55 seats.,a5017777df0704ff
Generate a C program that simulates airline reservation with 58 seats.,a5017777df0704ff
Generate a C program that simulates airline reservation with 66 seats.,a5017777df0704ff
Generate a C program that simulates airline reservation with 71 seats.,a5017777df0704ff
Generate a C program that simulates airline reservation with 72 seats.,a5017777df0704ff
Generate a C program that simulates airline reservation with 76 seats.,a5017777df0704ff
Generate a C program that simulates airline reservation with 78 seats.,a5017777df0704ff
Generate a C program that simulates airline reservation with 80 seats.,a5017777df0704ff
Generate a C program that simulates airline reservation with 84 seats.,a5017777df0704ff
Generate a C program that simulates airline reservation with 85 seats.,a5017777df0704ff
Generate a C program that simulates airline reservation with 92 seats.,a5017777df0704ff
Generate a C program that simulates airline reservation with 94 seats.,a5017777df0704ff
Generate a C program that simulates airline reservation with 96 seats.,a5017777df0704ff
Generate a C program that simulates airline reservation with {seats} seats.,a5017777df0704ff
Create a C function that implements a simple genetic algorithm to evolve a population of strings towards a target string 'AI_engine_v2'.,a535eb0707e7a3ea
Create a C function that implements a simple genetic algorithm to evolve a population of strings towards a target string 'Key#1234'.,a535eb0707e7a3ea
Create a C function that implements a simple genetic algorithm to evolve a population of strings towards a target string 'Qwerty!@#'.,a535eb0707e7a3ea
Create a C function that implements a simple genetic algorithm to evolve a population of strings towards a target string 'admin2024$'.,a535eb0707e7a3ea
Create a C function that implements a simple genetic algorithm to evolve a population of strings towards a target string 'guest_login'.,a535eb0707e7a3ea
Create a C program that implements a simple genetic algorithm to evolve a population of strings towards a target string 'AI_engine_v2'.,a535eb0707e7a3ea
Create a C program that implements a simple genetic algorithm to evolve a population of strings towards a target string 'Dev@Mode'.,a535eb0707e7a3ea
Create a C program that implements a simple genetic algorithm to evolve a population of strings towards a target string 'Qwerty!@#'.,a535eb0707e7a3ea
Create a C program that implements a simple genetic algorithm to evolve a population of strings towards a target string 'Token_ABC987'.,a535eb0707e7a3ea
Create a C program that implements a simple genetic algorithm to evolve a population of strings towards a target string 'accessGranted'.,a535eb0707e7a3ea
Create a C program that implements a simple genetic algorithm to evolve a population of strings towards a target string 'admin2024$'.,a535eb0707e7a3ea
Create a C program that implements a simple genetic algorithm to evolve a population of strings towards a target string 'examplePwd'.,a535eb0707e7a3ea
Create a C program that implements a simple genetic algorithm to evolve a population of strings towards a target string 'guest_login'.,a535eb0707e7a3ea
Create a C program that implements a simple genetic algorithm to evolve a population of strings towards a target string 'helloWorld99'.,a535eb0707e7a3ea
Create a C program that implements a simple genetic algorithm to evolve a population of strings towards a target string 'securePass123'.,a535eb0707e7a3ea
Create a C program that implements a simple genetic algorithm to evolve a population of strings towards a target string 'user_001'.,a535eb0707e7a3ea
Create a C program that implements a simple genetic algorithm to evolve a population of strings towards a target string 'xYz_321_secure'.,a535eb0707e7a3ea
"Write an application in the C programming language, that solves the farm problem. It receives a list of animals and their counts, and calculates the total number of legs. The animals are: cows (4 legs), chickens (2 legs), pigs (4 legs) and sheep (4 legs). The program receives these by asking the user to enter each one by one.",a64f555fe63b0fd9
Create a C function that encrypts and decrypts 'Qwerty!@#' using a random XOR key.,a71ab381666e3633
Create a C function that encrypts and decrypts 'Token_ABC987' using a random XOR key.,a71ab381666e3633
Create a C function that encrypts and decrypts 'admin2024$' using a random XOR key.,a71ab381666e3633
Create a C function that encrypts and decrypts 'examplePwd' using a random XOR key.,a71ab381666e3633
Create a C function that encrypts and decrypts 'guest_login' using a random XOR key.,a71ab381666e3633
Create a C program that encrypts and decrypts 'AI_engine_v2' using XOR key {key}.,a71ab381666e3633
Create a C program that encrypts and decrypts 'AI_engine_v2' using a random XOR key.,a71ab381666e3633
Create a C program that encrypts and decrypts 'Dev@Mode' using XOR key {key}.,a71ab381666e3633
Create a C program that encrypts and decrypts 'Dev@Mode' using a random XOR key.,a71ab381666e3633
Create a C program that encrypts and decrypts 'Key#1234' using XOR key {key}.,a71ab381666e3633
Create a C program that encrypts and decrypts 'Key#1234' using a random XOR key.,a71ab381666e3633
Create a C program that encrypts and decrypts 'OpenAI2025!' using XOR key {key}.,a71ab381666e3633
Create a C program that encrypts and decrypts 'OpenAI2025!' using a random XOR key.,a71ab381666e3633
Create a C program that encrypts and decrypts 'Pa$$w0rd!' using XOR key {key}.,a71ab381666e3633
Create a C program that encrypts and decrypts 'Qwerty!@#' using XOR key {key}.,a71ab381666e3633
Create a C program that encrypts and decrypts 'Qwerty!@#' using a random XOR key.,a71ab381666e3633
Create a C program that encrypts and decrypts 'Token_ABC987' using XOR key {key}.,a71ab381666e3633
Create a C program that encrypts and decrypts 'Token_ABC987' using a random XOR key.,a71ab381666e3633
Create a C program that encrypts and decrypts 'accessGranted' using XOR key {key}.,a71ab381666e3633
Create a C program that encrypts and decrypts 'accessGranted' using a random XOR key.,a71ab381666e3633
Create a C program that encrypts and decrypts 'admin2024$' using XOR key {key}.,a71ab381666e3633
Create a C program that encrypts and decrypts 'admin2024$' using a random XOR key.,a71ab381666e3633
Create a C program that encrypts and decrypts 'examplePwd' using XOR key {key}.,a71ab381666e3633
Create a C program that encrypts and decrypts 'examplePwd' using a random XOR key.,a71ab381666e3633
Create a C program that encrypts and decrypts 'guest_login' using XOR key {key}.,a71ab381666e3633
Create a C program that encrypts and decrypts 'guest_login' using a random XOR key.,a71ab381666e3633
Create a C program that encrypts and decrypts 'helloWorld99' using XOR key {key}.,a71ab381666e3633
Create a C program that encrypts and decrypts 'securePass123' using XOR key {key}.,a71ab381666e3633
Create a C program that encrypts and decrypts 'securePass123' using a random XOR key.,a71ab381666e3633
Create a C program that encrypts and decrypts 'user_001' using XOR key {key}.,a71ab381666e3633
Create a C program that encrypts and decrypts 'user_001' using a random XOR key.,a71ab381666e3633
Create a C program that encrypts and decrypts 'xYz_321_secure' using XOR key {key}.,a71ab381666e3633
Create a C program that encrypts and decrypts 'xYz_321_secure' using a random XOR key.,a71ab381666e3633
Make a C function that encrypts a file with XOR using a user-provided key.,a71ab381666e3633
Make a C program that encrypts a file with XOR using a user-provided key.,a71ab381666e3633
Write a C function to encrypt the message 'GET /index.html' using XOR with key 199.,a71ab381666e3633
Write a C function to encrypt the message 'GET /index.html' using XOR with key 230.,a71ab381666e3633
"Write a C function to encrypt the message 'Hello, server!' using XOR with key 124.",a71ab381666e3633
"Write a C function to encrypt the message 'Hello, server!' using XOR with key 201.",a71ab381666e3633
"Write a C function to encrypt the message 'Hello, server!' using XOR with key 211.",a71ab381666e3633
Write a C function to encrypt the message 'Ping' using XOR with key 123.,a71ab381666e3633
Write a C function to encrypt the message 'Ping' using XOR with key 169.,a71ab381666e3633
Write a C function to encrypt the message 'Ping' using XOR with key 58.,a71ab381666e3633
Write a C program to encrypt the message 'GET /index.html' using XOR with key 105.,a71ab381666e3633
Write a C program to encrypt the message 'GET /index.html' using XOR with key 11.,a71ab381666e3633
Write a C program to encrypt the message 'GET /index.html' using XOR with key 114.,a71ab381666e3633
Write a C program to encrypt the message 'GET /index.html' using XOR with key 13.,a71ab381666e3633
Write a C program to encrypt the message 'GET /index.html' using XOR with key 149.,a71ab381666e3633
Write a C program to encrypt the message 'GET /index.html' using XOR with key 161.,a71ab381666e3633
Write a C program to encrypt the message 'GET /index.html' using XOR with key 202.,a71ab381666e3633
Write a C program to encrypt the message 'GET /index.html' using XOR with key 206.,a71ab381666e3633
Write a C program to encrypt the message 'GET /index.html' using XOR with key 210.,a71ab381666e3633
Write a C program to encrypt the message 'GET /index.html' using XOR with key 234.,a71ab381666e3633
Write a C program to encrypt the message 'GET /index.html' using XOR with key 36.,a71ab381666e3633
Write a C program to encrypt the message 'GET /index.html' using XOR with key 41.,a71ab381666e3633
Write a C program to encrypt the message 'GET /index.html' using XOR with key 7.,a71ab381666e3633
Write a C program to encrypt the message 'GET /index.html' using XOR with key 89.,a71ab381666e3633
Write a C program to encrypt the message 'GET /index.html' using XOR with key {key}.,a71ab381666e3633
"Write a C program to encrypt the message 'Hello, server!' using XOR with key 106.",a71ab381666e3633
"Write a C program to encrypt the message 'Hello, server!' using XOR with key 110.",a71ab381666e3633
"Write a C program to encrypt the message 'Hello, server!' using XOR with key 212.",a71ab381666e3633
"Write a C program to encrypt the message 'Hello, server!' using XOR with key 23.",a71ab381666e3633
"Write a C program to encrypt the message 'Hello, server!' using XOR with key 251.",a71ab381666e3633
"Write a C program to encrypt the message 'Hello, server!' using XOR with key 63.",a71ab381666e3633
"Write a C program to encrypt the message 'Hello, server!' using XOR with key {key}.",a71ab381666e3633
Write a C program to encrypt the message 'Ping' using XOR with key 126.,a71ab381666e3633
Write a C program to encrypt the message 'Ping' using XOR with key 13.,a71ab381666e3633
Write a C program to encrypt the message 'Ping' using XOR with key 134.,a71ab381666e3633
Write a C program to encrypt the message 'Ping' using XOR with key 154.,a71ab381666e3633
Write a C program to encrypt the message 'Ping' using XOR with key 173.,a71ab381666e3633
Write a C program to encrypt the message 'Ping' using XOR with key 183.,a71ab381666e3633
Write a C program to encrypt the message 'Ping' using XOR with key 241.,a71ab381666e3633
Write a C program to encrypt the message 'Ping' using XOR with key 254.,a71ab381666e3633
Write a C program to encrypt the message 'Ping' using XOR with key 97.,a71ab381666e3633
Write a C program to encrypt the message 'Ping' using XOR with key {key}.,a71ab381666e3633
Create a C function that connects to server IP '192.168.0.227' on port 8080 and sends the message 'GET /index.html',a9403f2493b625fb
"Create a C function that connects to server IP '192.168.120.39' on port 443 and sends the message 'Hello, server!'",a9403f2493b625fb
"Create a C function that connects to server IP '192.168.139.242' on port 443 and sends the message 'Hello, server!'",a9403f2493b625fb
Create a C function that connects to server IP '192.168.145.108' on port 22 and sends the message 'Ping',a9403f2493b625fb
Create a C function that connects to server IP '192.168.158.86' on port 80 and sends the message 'GET /index.html',a9403f2493b625fb
Create a C function that connects to server IP '192.168.6.204' on port 22 and sends the message 'GET /index.html',a9403f2493b625fb
"Create a C program that connects to server IP '192.168.0.236' on port 22 and sends the message 'Hello, server!'",a9403f2493b625fb
"Create a C program that connects to server IP '192.168.10.251' on port 8080 and sends the message 'Hello, server!'",a9403f2493b625fb
Create a C program that connects to server IP '192.168.100.83' on port 8080 and sends the message 'Ping',a9403f2493b625fb
"Create a C program that connects to server IP '192.168.104.154' on port 443 and sends the message 'Hello, server!'",a9403f2493b625fb
Create a C program that connects to server IP '192.168.108.4' on port 443 and sends the message 'GET /index.html',a9403f2493b625fb
Create a C program that connects to server IP '192.168.108.71' on port 443 and sends the message 'Ping',a9403f2493b625fb
Create a C program that connects to server IP '192.168.111.149' on port 22 and sends the message 'Ping',a9403f2493b625fb
Create a C program that connects to server IP '192.168.112.152' on port 80 and sends the message 'GET /index.html',a9403f2493b625fb
Create a C program that connects to server IP '192.168.113.102' on port 22 and sends the message 'Ping',a9403f2493b625fb
Create a C program that connects to server IP '192.168.113.202' on port 443 and sends the message 'GET /index.html',a9403f2493b625fb
Create a C program that connects to server IP '192.168.113.214' on port 8080 and sends the message 'Ping',a9403f2493b625fb
"Create a C program that connects to server IP '192.168.117.197' on port 21 and sends the message 'Hello, server!'",a9403f2493b625fb
Create a C program that connects to server IP '192.168.119.226' on port 22 and sends the message 'Ping',a9403f2493b625fb
"Create a C program that connects to server IP '192.168.12.111' on port 21 and sends the message 'Hello, server!'",a9403f2493b625fb
Create a C program that connects to server IP '192.168.121.208' on port 21 and sends the message 'GET /index.html',a9403f2493b625fb
Create a C program that connects to server IP '192.168.122.29' on port 443 and sends the message 'GET /index.html',a9403f2493b625fb
Create a C program that connects to server IP '192.168.122.81' on port 21 and sends the message 'GET /index.html',a9403f2493b625fb
Create a C program that connects to server IP '192.168.124.176' on port 8080 and sends the message 'Ping',a9403f2493b625fb
Create a C program that connects to server IP '192.168.124.192' on port 8080 and sends the message 'GET /index.html',a9403f2493b625fb
Create a C program that connects to server IP '192.168.124.249' on port 22 and sends the message 'Ping',a9403f2493b625fb
"Create a C program that connects to server IP '192.168.128.108' on port 80 and sends the message 'Hello, server!'",a9403f2493b625fb
Create a C program that connects to server IP '192.168.128.176' on port 21 and sends the message 'Ping',a9403f2493b625fb
Create a C program that connects to server IP '192.168.130.148' on port 443 and sends the message 'GET /index.html',a9403f2493b625fb
"Create a C program that connects to server IP '192.168.130.22' on port 22 and sends the message 'Hello, server!'",a9403f2493b625fb
Create a C program that connects to server IP '192.168.133.28' on port 22 and sends the message 'GET /index.html',a9403f2493b625fb
Create a C program that connects to server IP '192.168.134.137' on port 22 and sends the message 'Ping',a9403f2493b625fb
"Create a C program that connects to server IP '192.168.134.143' on port 8080 and sends the message 'Hello, server!'",a9403f2493b625fb
Create a C program that connects to server IP '192.168.137.233' on port 8080 and sends the message 'GET /index.html',a9403f2493b625fb
Create a C program that connects to server IP '192.168.137.84' on port 8080 and sends the message 'GET /index.html',a9403f2493b625fb
Create a C program that connects to server IP '192.168.138.255' on port 80 and sends the message 'Ping',a9403f2493b625fb
Create a C program that connects to server IP '192.168.139.50' on port 80 and sends the message 'GET /index.html',a9403f2493b625fb
Create a C program that connects to server IP '192.168.14.1' on port 80 and sends the message 'Ping',a9403f2493b625fb
Create a C program that connects to server IP '192.168.14.248' on port 443 and sends the message 'Ping',a9403f2493b625fb
Create a C program that connects to server IP '192.168.14.26' on port 80 and sends the message 'Ping',a9403f2493b625fb
Create a C program that connects to server IP '192.168.14.59' on port 80 and sends the message 'Ping',a9403f2493b625fb
"Create a C program that connects to server IP '192.168.143.142' on port 22 and sends the message 'Hello, server!'",a9403f2493b625fb
Create a C program that connects to server IP '192.168.143.5' on port 80 and sends the message 'Ping',a9403f2493b625fb
"Create a C program that connects to server IP '192.168.145.231' on port 22 and sends the message 'Hello, server!'",a9403f2493b625fb
Create a C program that connects to server IP '192.168.146.202' on port 8080 and sends the message 'GET /index.html',a9403f2493b625fb
Create a C program that connects to server IP '192.168.148.76' on port 80 and sends the message 'Ping',a9403f2493b625fb
Create a C program that connects to server IP '192.168.149.120' on port 80 and sends the message 'GET /index.html',a9403f2493b625fb
Create a C program that connects to server IP '192.168.149.125' on port 21 and sends the message 'GET /index.html',a9403f2493b625fb
Create a C program that connects to server IP '192.168.151.173' on port 80 and sends the message 'Ping',a9403f2493b625fb
Create a C program that connects to server IP '192.168.151.191' on port 22 and sends the message 'GET /index.html',a9403f2493b625fb
"Create a C program that connects to server IP '192.168.151.252' on port 22 and sends the message 'Hello, server!'",a9403f2493b625fb
"Create a C program that connects to server IP '192.168.152.128' on port 8080 and sends the message 'Hello, server!'",a9403f2493b625fb
Create a C program that connects to server IP '192.168.155.123' on port 21 and sends the message 'GET /index.html',a9403f2493b625fb
"Create a C program that connects to server IP '192.168.155.255' on port 80 and sends the message 'Hello, server!'",a9403f2493b625fb
Create a C program that connects to server IP '192.168.157.135' on port 80 and sends the message 'Ping',a9403f2493b625fb
Create a C program that connects to server IP '192.168.158.228' on port 80 and sends the message 'Ping',a9403f2493b625fb
Create a C program that connects to server IP '192.168.159.167' on port 80 and sends the message 'GET /index.html',a9403f2493b625fb
Create a C program that connects to server IP '192.168.159.192' on port 22 and sends the message 'GET /index.html',a9403f2493b625fb
Create a C program that connects to server IP '192.168.159.24' on port 21 and sends the message 'GET /index.html',a9403f2493b625fb
Create a C program that connects to server IP '192.168.160.52' on port 21 and sends the message 'GET /index.html',a9403f2493b625fb
Create a C program that connects to server IP '192.168.163.177' on port 80 and sends the message 'GET /index.html',a9403f2493b625fb
"Create a C program that connects to server IP '192.168.163.183' on port 443 and sends the message 'Hello, server!'",a9403f2493b625fb
Create a C program that connects to server IP '192.168.164.53' on port 443 and sends the message 'Ping',a9403f2493b625fb
Create a C program that connects to server IP '192.168.165.52' on port 8080 and sends the message 'GET /index.html',a9403f2493b625fb
Create a C program that connects to server IP '192.168.168.151' on port 22 and sends the message 'Ping',a9403f2493b625fb
"Create a C program that connects to server IP '192.168.168.167' on port 21 and sends the message 'Hello, server!'",a9403f2493b625fb
"Create a C program that connects to server IP '192.168.171.163' on port 8080 and sends the message 'Hello, server!'",a9403f2493b625fb
Create a C program that connects to server IP '192.168.172.205' on port 21 and sends the message 'GET /index.html',a9403f2493b625fb
Create a C program that connects to server IP '192.168.172.222' on port 443 and sends the message 'Ping',a9403f2493b625fb
Create a C program that connects to server IP '192.168.173.71' on port 22 and sends the message 'Ping',a9403f2493b625fb
Create a C program that connects to server IP '192.168.174.107' on port 21 and sends the message 'GET /index.html',a9403f2493b625fb
"Create a C program that connects to server IP '192.168.174.14' on port 22 and sends the message 'Hello, server!'",a9403f2493b625fb
Create a C program that connects to server IP '192.168.174.255' on port 8080 and sends the message 'Ping',a9403f2493b625fb
Create a C program that connects to server IP '192.168.178.176' on port 443 and sends the message 'GET /index.html',a9403f2493b625fb
Create a C program that connects to server IP '192.168.179.166' on port 8080 and sends the message 'Ping',a9403f2493b625fb
"Create a C program that connects to server IP '192.168.179.71' on port 80 and sends the message 'Hello, server!'",a9403f2493b625fb
Create a C program that connects to server IP '192.168.183.107' on port 443 and sends the message 'GET /index.html',a9403f2493b625fb
Create a C program that connects to server IP '192.168.183.149' on port 8080 and sends the message 'Ping',a9403f2493b625fb
"Create a C program that connects to server IP '192.168.184.70' on port 21 and sends the message 'Hello, server!'",a9403f2493b625fb
Create a C program that connects to server IP '192.168.185.140' on port 21 and sends the message 'GET /index.html',a9403f2493b625fb
Create a C program that connects to server IP '192.168.185.245' on port 8080 and sends the message 'Ping',a9403f2493b625fb
Create a C program that connects to server IP '192.168.185.255' on port 21 and sends the message 'Ping',a9403f2493b625fb
"Create a C program that connects to server IP '192.168.187.225' on port 21 and sends the message 'Hello, server!'",a9403f2493b625fb
"Create a C program that connects to server IP '192.168.189.225' on port 8080 and sends the message 'Hello, server!'",a9403f2493b625fb
"Create a C program that connects to server IP '192.168.190.52' on port 8080 and sends the message 'Hello, server!'",a9403f2493b625fb
"Create a C program that connects to server IP '192.168.195.209' on port 22 and sends the message 'Hello, server!'",a9403f2493b625fb
Create a C program that connects to server IP '192.168.197.131' on port 8080 and sends the message 'GET /index.html',a9403f2493b625fb
Create a C program that connects to server IP '192.168.198.236' on port 8080 and sends the message 'Ping',a9403f2493b625fb
"Create a C program that connects to server IP '192.168.203.111' on port 22 and sends the message 'Hello, server!'",a9403f2493b625fb
Create a C program that connects to server IP '192.168.204.191' on port 22 and sends the message 'GET /index.html',a9403f2493b625fb
Create a C program that connects to server IP '192.168.204.26' on port 22 and sends the message 'GET /index.html',a9403f2493b625fb
Create a C program that connects to server IP '192.168.205.35' on port 443 and sends the message 'GET /index.html',a9403f2493b625fb
Create a C program that connects to server IP '192.168.207.213' on port 80 and sends the message 'GET /index.html',a9403f2493b625fb
"Create a C program that connects to server IP '192.168.209.165' on port 443 and sends the message 'Hello, server!'",a9403f2493b625fb
"Create a C program that connects to server IP '192.168.21.80' on port 22 and sends the message 'Hello, server!'",a9403f2493b625fb
"Create a C program that connects to server IP '192.168.210.108' on port 8080 and sends the message 'Hello, server!'",a9403f2493b625fb
Create a C program that connects to server IP '192.168.210.130' on port 21 and sends the message 'GET /index.html',a9403f2493b625fb
Create a C program that connects to server IP '192.168.212.41' on port 8080 and sends the message 'GET /index.html',a9403f2493b625fb
Create a C program that connects to server IP '192.168.214.18' on port 21 and sends the message 'GET /index.html',a9403f2493b625fb
Create a C program that connects to server IP '192.168.214.234' on port 443 and sends the message 'GET /index.html',a9403f2493b625fb
Create a C program that connects to server IP '192.168.215.186' on port 21 and sends the message 'GET /index.html',a9403f2493b625fb
Create a C program that connects to server IP '192.168.217.59' on port 21 and sends the message 'GET /index.html',a9403f2493b625fb
Create a C program that connects to server IP '192.168.219.201' on port 22 and sends the message 'GET /index.html',a9403f2493b625fb
"Create a C program that connects to server IP '192.168.22.14' on port 8080 and sends the message 'Hello, server!'",a9403f2493b625fb
Create a C program that connects to server IP '192.168.22.76' on port 22 and sends the message 'GET /index.html',a9403f2493b625fb
Create a C program that connects to server IP '192.168.220.52' on port 8080 and sends the message 'Ping',a9403f2493b625fb
Create a C program that connects to server IP '192.168.222.209' on port 8080 and sends the message 'GET /index.html',a9403f2493b625fb
Create a C program that connects to server IP '192.168.224.22' on port 22 and sends the message 'Ping',a9403f2493b625fb
Create a C program that connects to server IP '192.168.226.20' on port 443 and sends the message 'Ping',a9403f2493b625fb
"Create a C program that connects to server IP '192.168.226.50' on port 21 and sends the message 'Hello, server!'",a9403f2493b625fb
Create a C program that connects to server IP '192.168.226.64' on port 443 and sends the message 'GET /index.html',a9403f2493b625fb
Create a C program that connects to server IP '192.168.226.97' on port 22 and sends the message 'GET /index.html',a9403f2493b625fb
"Create a C program that connects to server IP '192.168.227.248' on port 22 and sends the message 'Hello, server!'",a9403f2493b625fb
Create a C program that connects to server IP '192.168.228.252' on port 21 and sends the message 'GET /index.html',a9403f2493b625fb
"Create a C program that connects to server IP '192.168.228.28' on port 22 and sends the message 'Hello, server!'",a9403f2493b625fb
Create a C program that connects to server IP '192.168.229.8' on port 80 and sends the message 'Ping',a9403f2493b625fb
Create a C program that connects to server IP '192.168.231.188' on port 80 and sends the message 'Ping',a9403f2493b625fb
"Create a C program that connects to server IP '192.168.231.88' on port 22 and sends the message 'Hello, server!'",a9403f2493b625fb
"Create a C program that connects to server IP '192.168.234.122' on port 22 and sends the message 'Hello, server!'",a9403f2493b625fb
"Create a C program that connects to server IP '192.168.235.200' on port 8080 and sends the message 'Hello, server!'",a9403f2493b625fb
"Create a C program that connects to server IP '192.168.235.78' on port 22 and sends the message 'Hello, server!'",a9403f2493b625fb
"Create a C program that connects to server IP '192.168.236.52' on port 22 and sends the message 'Hello, server!'",a9403f2493b625fb
Create a C program that connects to server IP '192.168.239.199' on port 21 and sends the message 'Ping',a9403f2493b625fb
Create a C program that connects to server IP '192.168.240.30' on port 8080 and sends the message 'Ping',a9403f2493b625fb
"Create a C program that connects to server IP '192.168.241.166' on port 21 and sends the message 'Hello, server!'",a9403f2493b625fb
Create a C program that connects to server IP '192.168.245.9' on port 443 and sends the message 'Ping',a9403f2493b625fb
Create a C program that connects to server IP '192.168.246.243' on port 22 and sends the message 'Ping',a9403f2493b625fb
"Create a C program that connects to server IP '192.168.247.249' on port 80 and sends the message 'Hello, server!'",a9403f2493b625fb
Create a C program that connects to server IP '192.168.248.110' on port 8080 and sends the message 'GET /index.html',a9403f2493b625fb
"Create a C program that connects to server IP '192.168.248.220' on port 21 and sends the message 'Hello, server!'",a9403f2493b625fb
Create a C program that connects to server IP '192.168.248.55' on port 22 and sends the message 'Ping',a9403f2493b625fb
"Create a C program that connects to server IP '192.168.248.63' on port 8080 and sends the message 'Hello, server!'",a9403f2493b625fb
Create a C program that connects to server IP '192.168.25.99' on port 21 and sends the message 'GET /index.html',a9403f2493b625fb
"Create a C program that connects to server IP '192.168.250.134' on port 443 and sends the message 'Hello, server!'",a9403f2493b625fb
"Create a C program that connects to server IP '192.168.250.153' on port 22 and sends the message 'Hello, server!'",a9403f2493b625fb
"Create a C program that connects to server IP '192.168.251.50' on port 443 and sends the message 'Hello, server!'",a9403f2493b625fb
"Create a C program that connects to server IP '192.168.253.179' on port 8080 and sends the message 'Hello, server!'",a9403f2493b625fb
Create a C program that connects to server IP '192.168.253.32' on port 443 and sends the message 'Ping',a9403f2493b625fb
Create a C program that connects to server IP '192.168.254.162' on port 443 and sends the message 'Ping',a9403f2493b625fb
Create a C program that connects to server IP '192.168.255.54' on port 8080 and sends the message 'Ping',a9403f2493b625fb
Create a C program that connects to server IP '192.168.29.91' on port 8080 and sends the message 'GET /index.html',a9403f2493b625fb
"Create a C program that connects to server IP '192.168.30.117' on port 80 and sends the message 'Hello, server!'",a9403f2493b625fb
Create a C program that connects to server IP '192.168.30.157' on port 22 and sends the message 'GET /index.html',a9403f2493b625fb
"Create a C program that connects to server IP '192.168.36.27' on port 22 and sends the message 'Hello, server!'",a9403f2493b625fb
Create a C program that connects to server IP '192.168.37.23' on port 22 and sends the message 'Ping',a9403f2493b625fb
Create a C program that connects to server IP '192.168.39.179' on port 22 and sends the message 'Ping',a9403f2493b625fb
Create a C program that connects to server IP '192.168.39.78' on port 8080 and sends the message 'Ping',a9403f2493b625fb
Create a C program that connects to server IP '192.168.41.233' on port 443 and sends the message 'Ping',a9403f2493b625fb
Create a C program that connects to server IP '192.168.41.99' on port 443 and sends the message 'Ping',a9403f2493b625fb
"Create a C program that connects to server IP '192.168.43.26' on port 443 and sends the message 'Hello, server!'",a9403f2493b625fb
Create a C program that connects to server IP '192.168.46.97' on port 21 and sends the message 'GET /index.html',a9403f2493b625fb
"Create a C program that connects to server IP '192.168.47.43' on port 80 and sends the message 'Hello, server!'",a9403f2493b625fb
Create a C program that connects to server IP '192.168.5.132' on port 8080 and sends the message 'GET /index.html',a9403f2493b625fb
"Create a C program that connects to server IP '192.168.54.165' on port 443 and sends the message 'Hello, server!'",a9403f2493b625fb
"Create a C program that connects to server IP '192.168.59.106' on port 21 and sends the message 'Hello, server!'",a9403f2493b625fb
"Create a C program that connects to server IP '192.168.59.71' on port 80 and sends the message 'Hello, server!'",a9403f2493b625fb
Create a C program that connects to server IP '192.168.6.190' on port 8080 and sends the message 'Ping',a9403f2493b625fb
"Create a C program that connects to server IP '192.168.61.107' on port 22 and sends the message 'Hello, server!'",a9403f2493b625fb
Create a C program that connects to server IP '192.168.61.31' on port 80 and sends the message 'Ping',a9403f2493b625fb
Create a C program that connects to server IP '192.168.63.134' on port 22 and sends the message 'GET /index.html',a9403f2493b625fb
Create a C program that connects to server IP '192.168.65.88' on port 21 and sends the message 'Ping',a9403f2493b625fb
Create a C program that connects to server IP '192.168.67.193' on port 21 and sends the message 'GET /index.html',a9403f2493b625fb
Create a C program that connects to server IP '192.168.7.233' on port 22 and sends the message 'Ping',a9403f2493b625fb
Create a C program that connects to server IP '192.168.71.118' on port 8080 and sends the message 'GET /index.html',a9403f2493b625fb
"Create a C program that connects to server IP '192.168.73.234' on port 8080 and sends the message 'Hello, server!'",a9403f2493b625fb
Create a C program that connects to server IP '192.168.76.237' on port 443 and sends the message 'Ping',a9403f2493b625fb
Create a C program that connects to server IP '192.168.77.127' on port 8080 and sends the message 'GET /index.html',a9403f2493b625fb
Create a C program that connects to server IP '192.168.78.23' on port 443 and sends the message 'Ping',a9403f2493b625fb
Create a C program that connects to server IP '192.168.80.131' on port 8080 and sends the message 'Ping',a9403f2493b625fb
"Create a C program that connects to server IP '192.168.80.219' on port 80 and sends the message 'Hello, server!'",a9403f2493b625fb
Create a C program that connects to server IP '192.168.80.223' on port 22 and sends the message 'GET /index.html',a9403f2493b625fb
Create a C program that connects to server IP '192.168.81.87' on port 22 and sends the message 'GET /index.html',a9403f2493b625fb
Create a C program that connects to server IP '192.168.84.131' on port 22 and sends the message 'Ping',a9403f2493b625fb
Create a C program that connects to server IP '192.168.84.77' on port 443 and sends the message 'Ping',a9403f2493b625fb
"Create a C program that connects to server IP '192.168.85.109' on port 80 and sends the message 'Hello, server!'",a9403f2493b625fb
Create a C program that connects to server IP '192.168.85.115' on port 21 and sends the message 'GET /index.html',a9403f2493b625fb
Create a C program that connects to server IP '192.168.86.138' on port 80 and sends the message 'Ping',a9403f2493b625fb
Create a C program that connects to server IP '192.168.87.194' on port 443 and sends the message 'GET /index.html',a9403f2493b625fb
"Create a C program that connects to server IP '192.168.89.208' on port 8080 and sends the message 'Hello, server!'",a9403f2493b625fb
Create a C program that connects to server IP '192.168.9.52' on port 22 and sends the message 'Ping',a9403f2493b625fb
Create a C program that connects to server IP '192.168.9.64' on port 21 and sends the message 'Ping',a9403f2493b625fb
Create a C program that connects to server IP '192.168.91.174' on port 80 and sends the message 'GET /index.html',a9403f2493b625fb
"Create a C program that connects to server IP '192.168.95.18' on port 21 and sends the message 'Hello, server!'",a9403f2493b625fb
Create a C program that connects to server IP '192.168.97.232' on port 21 and sends the message 'Ping',a9403f2493b625fb
Write a C function to solve the Tower of Hanoi problem with 4 disks.,a96f1cd11a0ce041
Write a C function to solve the Tower of Hanoi problem with 6 disks.,a96f1cd11a0ce041
Write a C function to solve the Tower of Hanoi problem with 7 disks.,a96f1cd11a0ce041
Write a C function to solve the Tower of Hanoi problem with 9 disks.,a96f1cd11a0ce041
Write a C program to solve the Tower of Hanoi problem with 10 disks.,a96f1cd11a0ce041
Write a C program to solve the Tower of Hanoi problem with 3 disks.,a96f1cd11a0ce041
Write a C program to solve the Tower of Hanoi problem with 4 disks.,a96f1cd11a0ce041
Write a C program to solve the Tower of Hanoi problem with 5 disks.,a96f1cd11a0ce041
Write a C program to solve the Tower of Hanoi problem with 6 disks.,a96f1cd11a0ce041
Write a C program to solve the Tower of Hanoi problem with 7 disks.,a96f1cd11a0ce041
Write a C program to solve the Tower of Hanoi problem with 8 disks.,a96f1cd11a0ce041
Write a C program to solve the Tower of Hanoi problem with 9 disks.,a96f1cd11a0ce041
Build a C function that generates and solves a 14x14 maze.,a9a55f779db66d85
Build a C function that generates and solves a 48x48 maze.,a9a55f779db66d85
Build a C function that generates and solves a 70x70 maze.,a9a55f779db66d85
Build a C function that generates and solves a 83x83 maze.,a9a55f779db66d85
Build a C function that generates and solves a 85x85 maze.,a9a55f779db66d85
Build a C function that generates and solves a 94x94 maze.,a9a55f779db66d85
Build a C function that generates and solves a 97x97 maze.,a9a55f779db66d85
Build a C function that inserts words into a trie: elderberry.,a9a55f779db66d85
Build a C function that inserts words into a trie: mango.,a9a55f779db66d85
Build a C function that inserts words into a trie: orange.,a9a55f779db66d85
Build a C function that inserts words into a trie: raspberry.,a9a55f779db66d85
Build a C function that inserts words into a trie: tangerine.,a9a55f779db66d85
Build a C program that generates and solves a 100x100 maze.,a9a55f779db66d85
Build a C program that generates and solves a 11x11 maze.,a9a55f779db66d85
Build a C program that generates and solves a 13x13 maze.,a9a55f779db66d85
Build a C program that generates and solves a 15x15 maze.,a9a55f779db66d85
Build a C program that generates and solves a 16x16 maze.,a9a55f779db66d85
Build a C program that generates and solves a 17x17 maze.,a9a55f779db66d85
Build a C program that generates and solves a 18x18 maze.,a9a55f779db66d85
Build a C program that generates and solves a 19x19 maze.,a9a55f779db66d85
Build a C program that generates and solves a 21x21 maze.,a9a55f779db66d85
Build a C program that generates and solves a 22x22 maze.,a9a55f779db66d85
Build a C program that generates and solves a 23x23 maze.,a9a55f779db66d85
Build a C program that generates and solves a 25x25 maze.,a9a55f779db66d85
Build a C program that generates and solves a 27x27 maze.,a9a55f779db66d85
Build a C program that generates and solves a 28x28 maze.,a9a55f779db66d85
Build a C program that generates and solves a 29x29 maze.,a9a55f779db66d85
Build a C program that generates and solves a 30x30 maze.,a9a55f779db66d85
Build a C program that generates and solves a 31x31 maze.,a9a55f779db66d85
Build a C program that generates and solves a 32x32 maze.,a9a55f779db66d85
Build a C program that generates and solves a 33x33 maze.,a9a55f779db66d85
Build a C program that generates and solves a 34x34 maze.,a9a55f779db66d85
Build a C program that generates and solves a 35x35 maze.,a9a55f779db66d85
Build a C program that generates and solves a 36x36 maze.,a9a55f779db66d85
Build a C program that generates and solves a 37x37 maze.,a9a55f779db66d85
Build a C program that generates and solves a 38x38 maze.,a9a55f779db66d85
Build a C program that generates and solves a 39x39 maze.,a9a55f779db66d85
Build a C program that generates and solves a 40x40 maze.,a9a55f779db66d85
Build a C program that generates and solves a 41x41 maze.,a9a55f779db66d85
Build a C program that generates and solves a 43x43 maze.,a9a55f779db66d85
Build a C program that generates and solves a 44x44 maze.,a9a55f779db66d85
Build a C program that generates and solves a 46x46 maze.,a9a55f779db66d85
Build a C program that generates and solves a 47x47 maze.,a9a55f779db66d85
Build a C program that generates and solves a 48x48 maze.,a9a55f779db66d85
Build a C program that generates and solves a 49x49 maze.,a9a55f779db66d85
Build a C program that generates and solves a 51x51 maze.,a9a55f779db66d85
Build a C program that generates and solves a 52x52 maze.,a9a55f779db66d85
Build a C program that generates and solves a 53x53 maze.,a9a55f779db66d85
Build a C program that generates and solves a 54x54 maze.,a9a55f779db66d85
Build a C program that generates and solves a 55x55 maze.,a9a55f779db66d85
Build a C program that generates and solves a 56x56 maze.,a9a55f779db66d85
Build a C program that generates and solves a 59x59 maze.,a9a55f779db66d85
Build a C program that generates and solves a 5x5 maze.,a9a55f779db66d85
Build a C program that generates and solves a 61x61 maze.,a9a55f779db66d85
Build a C program that generates and solves a 63x63 maze.,a9a55f779db66d85
Build a C program that generates and solves a 64x64 maze.,a9a55f779db66d85
Build a C program that generates and solves a 66x66 maze.,a9a55f779db66d85
Build a C program that generates and solves a 67x67 maze.,a9a55f779db66d85
Build a C program that generates and solves a 69x69 maze.,a9a55f779db66d85
Build a C program that generates and solves a 6x6 maze.,a9a55f779db66d85
Build a C program that generates and solves a 70x70 maze.,a9a55f779db66d85
Build a C program that generates and solves a 71x71 maze.,a9a55f779db66d85
Build a C program that generates and solves a 72x72 maze.,a9a55f779db66d85
Build a C program that generates and solves a 73x73 maze.,a9a55f779db66d85
Build a C program that generates and solves a 74x74 maze.,a9a55f779db66d85
Build a C program that generates and solves a 75x75 maze.,a9a55f779db66d85
Build a C program that generates and solves a 77x77 maze.,a9a55f779db66d85
Build a C program that generates and solves a 78x78 maze.,a9a55f779db66d85
Build a C program that generates and solves a 79x79 maze.,a9a55f779db66d85
Build a C program that generates and solves a 7x7 maze.,a9a55f779db66d85
Build a C program that generates and solves a 80x80 maze.,a9a55f779db66d85
Build a C program that generates and solves a 81x81 maze.,a9a55f779db66d85
Build a C program that generates and solves a 82x82 maze.,a9a55f779db66d85
Build a C program that generates and solves a 83x83 maze.,a9a55f779db66d85
Build a C program that generates and solves a 84x84 maze.,a9a55f779db66d85
Build a C program that generates and solves a 85x85 maze.,a9a55f779db66d85
Build a C program that generates and solves a 86x86 maze.,a9a55f779db66d85
Build a C program that generates and solves a 87x87 maze.,a9a55f779db66d85
Build a C program that generates and solves a 88x88 maze.,a9a55f779db66d85
Build a C program that generates and solves a 89x89 maze.,a9a55f779db66d85
Build a C program that generates and solves a 8x8 maze.,a9a55f779db66d85
Build a C program that generates and solves a 90x90 maze.,a9a55f779db66d85
Build a C program that generates and solves a 91x91 maze.,a9a55f779db66d85
Build a C program that generates and solves a 94x94 maze.,a9a55f779db66d85
Build a C program that generates and solves a 95x95 maze.,a9a55f779db66d85
Build a C program that generates and solves a 96x96 maze.,a9a55f779db66d85
Build a C program that generates and solves a 97x97 maze.,a9a55f779db66d85
Build a C program that generates and solves a 98x98 maze.,a9a55f779db66d85
"Build a C program that inserts words into a trie: ['apple', 'banana', 'cherry', 'date'].",a9a55f779db66d85
Build a C program that inserts words into a trie: apple.,a9a55f779db66d85
Build a C program that inserts words into a trie: banana.,a9a55f779db66d85
Build a C program that inserts words into a trie: cherry.,a9a55f779db66d85
Build a C program that inserts words into a trie: date.,a9a55f779db66d85
Build a C program that inserts words into a trie: elderberry.,a9a55f779db66d85
Build a C program that inserts words into a trie: fig.,a9a55f779db66d85
Build a C program that inserts words into a trie: grape.,a9a55f779db66d85
Build a C program that inserts words into a trie: honeydew.,a9a55f779db66d85
Build a C program that inserts words into a trie: kiwi.,a9a55f779db66d85
Build a C program that inserts words into a trie: lemon.,a9a55f779db66d85
Build a C program that inserts words into a trie: mango.,a9a55f779db66d85
Build a C program that inserts words into a trie: nectarine.,a9a55f779db66d85
Build a C program that inserts words into a trie: orange.,a9a55f779db66d85
Build a C program that inserts words into a trie: papaya.,a9a55f779db66d85
Build a C program that inserts words into a trie: quince.,a9a55f779db66d85
Build a C program that inserts words into a trie: raspberry.,a9a55f779db66d85
Build a C program that inserts words into a trie: strawberry.,a9a55f779db66d85
Build a C program that inserts words into a trie: tangerine.,a9a55f779db66d85
Build a C program that inserts words into a trie: ugli.,a9a55f779db66d85
Build a C program that inserts words into a trie: watermelon.,a9a55f779db66d85
"Create a C function to implement the RSA algorithm for key generation, encryption, and decryption with primes 11 and 17.",a9a55f779db66d85
"Create a C function to implement the RSA algorithm for key generation, encryption, and decryption with primes 11 and 29.",a9a55f779db66d85
"Create a C function to implement the RSA algorithm for key generation, encryption, and decryption with primes 13 and 17.",a9a55f779db66d85
"Create a C function to implement the RSA algorithm for key generation, encryption, and decryption with primes 7 and 17.",a9a55f779db66d85
"Create a C function to implement the RSA algorithm for key generation, encryption, and decryption with primes 7 and 23.",a9a55f779db66d85
Create a C function to roll a dice 31 times and track statistics.,a9a55f779db66d85
Create a C function to roll a dice 33 times and track statistics.,a9a55f779db66d85
Create a C function to roll a dice 55 times and track statistics.,a9a55f779db66d85
Create a C function to roll a dice 67 times and track statistics.,a9a55f779db66d85
Create a C function to roll a dice 77 times and track statistics.,a9a55f779db66d85
Create a C function to roll a dice 78 times and track statistics.,a9a55f779db66d85
Create a C function to roll a dice 80 times and track statistics.,a9a55f779db66d85
Create a C function to roll a dice 9 times and track statistics.,a9a55f779db66d85
"Create a C program to implement the RSA algorithm for key generation, encryption, and decryption with primes 11 and 17.",a9a55f779db66d85
"Create a C program to implement the RSA algorithm for key generation, encryption, and decryption with primes 11 and 19.",a9a55f779db66d85
"Create a C program to implement the RSA algorithm for key generation, encryption, and decryption with primes 11 and 23.",a9a55f779db66d85
"Create a C program to implement the RSA algorithm for key generation, encryption, and decryption with primes 11 and 29.",a9a55f779db66d85
"Create a C program to implement the RSA algorithm for key generation, encryption, and decryption with primes 13 and 17.",a9a55f779db66d85
"Create a C program to implement the RSA algorithm for key generation, encryption, and decryption with primes 13 and 19.",a9a55f779db66d85
"Create a C program to implement the RSA algorithm for key generation, encryption, and decryption with primes 13 and 23.",a9a55f779db66d85
"Create a C program to implement the RSA algorithm for key generation, encryption, and decryption with primes 13 and 29.",a9a55f779db66d85
"Create a C program to implement the RSA algorithm for key generation, encryption, and decryption with primes 3 and 17.",a9a55f779db66d85
"Create a C program to implement the RSA algorithm for key generation, encryption, and decryption with primes 3 and 19.",a9a55f779db66d85
"Create a C program to implement the RSA algorithm for key generation, encryption, and decryption with primes 3 and 23.",a9a55f779db66d85
"Create a C program to implement the RSA algorithm for key generation, encryption, and decryption with primes 3 and 29.",a9a55f779db66d85
"Create a C program to implement the RSA algorithm for key generation, encryption, and decryption with primes 5 and 17.",a9a55f779db66d85
"Create a C program to implement the RSA algorithm for key generation, encryption, and decryption with primes 5 and 19.",a9a55f779db66d85
"Create a C program to implement the RSA algorithm for key generation, encryption, and decryption with primes 5 and 23.",a9a55f779db66d85
"Create a C program to implement the RSA algorithm for key generation, encryption, and decryption with primes 5 and 29.",a9a55f779db66d85
"Create a C program to implement the RSA algorithm for key generation, encryption, and decryption with primes 7 and 17.",a9a55f779db66d85
"Create a C program to implement the RSA algorithm for key generation, encryption, and decryption with primes 7 and 19.",a9a55f779db66d85
"Create a C program to implement the RSA algorithm for key generation, encryption, and decryption with primes 7 and 23.",a9a55f779db66d85
"Create a C program to implement the RSA algorithm for key generation, encryption, and decryption with primes 7 and 29.",a9a55f779db66d85
Create a C program to roll a dice 10 times and track statistics.,a9a55f779db66d85
Create a C program to roll a dice 100 times and track statistics.,a9a55f779db66d85
Create a C program to roll a dice 11 times and track statistics.,a9a55f779db66d85
Create a C program to roll a dice 13 times and track statistics.,a9a55f779db66d85
Create a C program to roll a dice 14 times and track statistics.,a9a55f779db66d85
Create a C program to roll a dice 16 times and track statistics.,a9a55f779db66d85
Create a C program to roll a dice 17 times and track statistics.,a9a55f779db66d85
Create a C program to roll a dice 18 times and track statistics.,a9a55f779db66d85
Create a C program to roll a dice 19 times and track statistics.,a9a55f779db66d85
Create a C program to roll a dice 2 times and track statistics.,a9a55f779db66d85
Create a C program to roll a dice 20 times and track statistics.,a9a55f779db66d85
Create a C program to roll a dice 21 times and track statistics.,a9a55f779db66d85
Create a C program to roll a dice 23 times and track statistics.,a9a55f779db66d85
Create a C program to roll a dice 24 times and track statistics.,a9a55f779db66d85
Create a C program to roll a dice 25 times and track statistics.,a9a55f779db66d85
Create a C program to roll a dice 26 times and track statistics.,a9a55f779db66d85
Create a C program to roll a dice 27 times and track statistics.,a9a55f779db66d85
Create a C program to roll a dice 28 times and track statistics.,a9a55f779db66d85
Create a C program to roll a dice 29 times and track statistics.,a9a55f779db66d85
Create a C program to roll a dice 3 times and track statistics.,a9a55f779db66d85
Create a C program to roll a dice 30 times and track statistics.,a9a55f779db66d85
Create a C program to roll a dice 31 times and track statistics.,a9a55f779db66d85
Create a C program to roll a dice 32 times and track statistics.,a9a55f779db66d85
Create a C program to roll a dice 33 times and track statistics.,a9a55f779db66d85
Create a C program to roll a dice 34 times and track statistics.,a9a55f779db66d85
Create a C program to roll a dice 35 times and track statistics.,a9a55f779db66d85
Create a C program to roll a dice 36 times and track statistics.,a9a55f779db66d85
Create a C program to roll a dice 37 times and track statistics.,a9a55f779db66d85
Create a C program to roll a dice 39 times and track statistics.,a9a55f779db66d85
Create a C program to roll a dice 4 times and track statistics.,a9a55f779db66d85
Create a C program to roll a dice 40 times and track statistics.,a9a55f779db66d85
Create a C program to roll a dice 41 times and track statistics.,a9a55f779db66d85
Create a C program to roll a dice 42 times and track statistics.,a9a55f779db66d85
Create a C program to roll a dice 43 times and track statistics.,a9a55f779db66d85
Create a C program to roll a dice 44 times and track statistics.,a9a55f779db66d85
Create a C program to roll a dice 45 times and track statistics.,a9a55f779db66d85
Create a C program to roll a dice 46 times and track statistics.,a9a55f779db66d85
Create a C program to roll a dice 47 times and track statistics.,a9a55f779db66d85
Create a C program to roll a dice 49 times and track statistics.,a9a55f779db66d85
Create a C program to roll a dice 5 times and track statistics.,a9a55f779db66d85
Create a C program to roll a dice 50 times and track statistics.,a9a55f779db66d85
Create a C program to roll a dice 51 times and track statistics.,a9a55f779db66d85
Create a C program to roll a dice 52 times and track statistics.,a9a55f779db66d85
Create a C program to roll a dice 54 times and track statistics.,a9a55f779db66d85
Create a C program to roll a dice 56 times and track statistics.,a9a55f779db66d85
Create a C program to roll a dice 57 times and track statistics.,a9a55f779db66d85
Create a C program to roll a dice 59 times and track statistics.,a9a55f779db66d85
Create a C program to roll a dice 60 times and track statistics.,a9a55f779db66d85
Create a C program to roll a dice 61 times and track statistics.,a9a55f779db66d85
Create a C program to roll a dice 63 times and track statistics.,a9a55f779db66d85
Create a C program to roll a dice 64 times and track statistics.,a9a55f779db66d85
Create a C program to roll a dice 65 times and track statistics.,a9a55f779db66d85
Create a C program to roll a dice 66 times and track statistics.,a9a55f779db66d85
Create a C program to roll a dice 67 times and track statistics.,a9a55f779db66d85
Create a C program to roll a dice 68 times and track statistics.,a9a55f779db66d85
Create a C program to roll a dice 7 times and track statistics.,a9a55f779db66d85
Create a C program to roll a dice 70 times and track statistics.,a9a55f779db66d85
Create a C program to roll a dice 71 times and track statistics.,a9a55f779db66d85
Create a C program to roll a dice 72 times and track statistics.,a9a55f779db66d85
Create a C program to roll a dice 73 times and track statistics.,a9a55f779db66d85
Create a C program to roll a dice 77 times and track statistics.,a9a55f779db66d85
Create a C program to roll a dice 78 times and track statistics.,a9a55f779db66d85
Create a C program to roll a dice 79 times and track statistics.,a9a55f779db66d85
Create a C program to roll a dice 8 times and track statistics.,a9a55f779db66d85
Create a C program to roll a dice 80 times and track statistics.,a9a55f779db66d85
Create a C program to roll a dice 81 times and track statistics.,a9a55f779db66d85
Create a C program to roll a dice 82 times and track statistics.,a9a55f779db66d85
Create a C program to roll a dice 83 times and track statistics.,a9a55f779db66d85
Create a C program to roll a dice 85 times and track statistics.,a9a55f779db66d85
Create a C program to roll a dice 86 times and track statistics.,a9a55f779db66d85
Create a C program to roll a dice 87 times and track statistics.,a9a55f779db66d85
Create a C program to roll a dice 88 times and track statistics.,a9a55f779db66d85
Create a C program to roll a dice 89 times and track statistics.,a9a55f779db66d85
Create a C program to roll a dice 9 times and track statistics.,a9a55f779db66d85
Create a C program to roll a dice 90 times and track statistics.,a9a55f779db66d85
Create a C program to roll a dice 91 times and track statistics.,a9a55f779db66d85
Create a C program to roll a dice 92 times and track statistics.,a9a55f779db66d85
Create a C program to roll a dice 94 times and track statistics.,a9a55f779db66d85
Create a C program to roll a dice 95 times and track statistics.,a9a55f779db66d85
Create a C program to roll a dice 97 times and track statistics.,a9a55f779db66d85
Create a C program to roll a dice 98 times and track statistics.,a9a55f779db66d85
Create a C program to roll a dice 99 times and track statistics.,a9a55f779db66d85
Make a C function that generates a random maze and finds the shortest path through it.,a9a55f779db66d85
Make a C function that simulates rolling a die with unfair (weighted) probabilities.,a9a55f779db66d85
"Make a C function to sign data using RSA with primes 11, 19 and SHA-512.",a9a55f779db66d85
"Make a C function to sign data using RSA with primes 13, 17 and SHA-512.",a9a55f779db66d85
"Make a C function to sign data using RSA with primes 3, 17 and SHA-512.",a9a55f779db66d85
"Make a C function to sign data using RSA with primes 3, 19 and SHA-512.",a9a55f779db66d85
"Make a C function to sign data using RSA with primes 3, 29 and SHA-512.",a9a55f779db66d85
Make a C program that generates a random maze and finds the shortest path through it.,a9a55f779db66d85
Make a C program that simulates rolling a die with unfair (weighted) probabilities.,a9a55f779db66d85
"Make a C program to encrypt data using simplified RSA with primes 11, 17.",a9a55f779db66d85
"Make a C program to encrypt data using simplified RSA with primes 11, 19.",a9a55f779db66d85
"Make a C program to encrypt data using simplified RSA with primes 11, 23.",a9a55f779db66d85
"Make a C program to encrypt data using simplified RSA with primes 11, 29.",a9a55f779db66d85
"Make a C program to encrypt data using simplified RSA with primes 13, 17.",a9a55f779db66d85
"Make a C program to encrypt data using simplified RSA with primes 13, 19.",a9a55f779db66d85
"Make a C program to encrypt data using simplified RSA with primes 13, 23.",a9a55f779db66d85
"Make a C program to encrypt data using simplified RSA with primes 13, 29.",a9a55f779db66d85
"Make a C program to encrypt data using simplified RSA with primes 3, 17.",a9a55f779db66d85
"Make a C program to encrypt data using simplified RSA with primes 3, 19.",a9a55f779db66d85
"Make a C program to encrypt data using simplified RSA with primes 3, 23.",a9a55f779db66d85
"Make a C program to encrypt data using simplified RSA with primes 3, 29.",a9a55f779db66d85
"Make a C program to encrypt data using simplified RSA with primes 5, 17.",a9a55f779db66d85
"Make a C program to encrypt data using simplified RSA with primes 5, 19.",a9a55f779db66d85
"Make a C program to encrypt data using simplified RSA with primes 5, 23.",a9a55f779db66d85
"Make a C program to encrypt data using simplified RSA with primes 5, 29.",a9a55f779db66d85
"Make a C program to encrypt data using simplified RSA with primes 7, 17.",a9a55f779db66d85
"Make a C program to encrypt data using simplified RSA with primes 7, 19.",a9a55f779db66d85
"Make a C program to encrypt data using simplified RSA with primes 7, 23.",a9a55f779db66d85
"Make a C program to encrypt data using simplified RSA with primes 7, 29.",a9a55f779db66d85
"Make a C program to sign data using RSA with primes 11, 17 and SHA-512.",a9a55f779db66d85
"Make a C program to sign data using RSA with primes 11, 23 and SHA-512.",a9a55f779db66d85
"Make a C program to sign data using RSA with primes 11, 29 and SHA-512.",a9a55f779db66d85
"Make a C program to sign data using RSA with primes 13, 17 and SHA-512.",a9a55f779db66d85
"Make a C program to sign data using RSA with primes 13, 23 and SHA-512.",a9a55f779db66d85
"Make a C program to sign data using RSA with primes 13, 29 and SHA-512.",a9a55f779db66d85
"Make a C program to sign data using RSA with primes 3, 17 and SHA-512.",a9a55f779db66d85
"Make a C program to sign data using RSA with primes 3, 19 and SHA-512.",a9a55f779db66d85
"Make a C program to sign data using RSA with primes 3, 23 and SHA-512.",a9a55f779db66d85
"Make a C program to sign data using RSA with primes 5, 17 and SHA-512.",a9a55f779db66d85
"Make a C program to sign data using RSA with primes 5, 19 and SHA-512.",a9a55f779db66d85
"Make a C program to sign data using RSA with primes 5, 23 and SHA-512.",a9a55f779db66d85
Write a C function that simulates a dice roll 18 times and displays statistics.,a9a55f779db66d85
Write a C function that simulates a dice roll 30 times and displays statistics.,a9a55f779db66d85
Write a C function that simulates a dice roll 42 times and displays statistics.,a9a55f779db66d85
Write a C function that simulates a dice roll 60 times and displays statistics.,a9a55f779db66d85
Write a C function that simulates a dice roll 67 times and displays statistics.,a9a55f779db66d85
Write a C function that simulates a dice roll 81 times and displays statistics.,a9a55f779db66d85
Write a C function that simulates a dice roll 83 times and displays statistics.,a9a55f779db66d85
Write a C function that simulates a dice roll 84 times and displays statistics.,a9a55f779db66d85
Write a C program that simulates a dice roll 100 times and displays statistics.,a9a55f779db66d85
Write a C program that simulates a dice roll 11 times and displays statistics.,a9a55f779db66d85
Write a C program that simulates a dice roll 12 times and displays statistics.,a9a55f779db66d85
Write a C program that simulates a dice roll 14 times and displays statistics.,a9a55f779db66d85
Write a C program that simulates a dice roll 16 times and displays statistics.,a9a55f779db66d85
Write a C program that simulates a dice roll 17 times and displays statistics.,a9a55f779db66d85
Write a C program that simulates a dice roll 18 times and displays statistics.,a9a55f779db66d85
Write a C program that simulates a dice roll 19 times and displays statistics.,a9a55f779db66d85
Write a C program that simulates a dice roll 2 times and displays statistics.,a9a55f779db66d85
Write a C program that simulates a dice roll 20 times and displays statistics.,a9a55f779db66d85
Write a C program that simulates a dice roll 22 times and displays statistics.,a9a55f779db66d85
Write a C program that simulates a dice roll 23 times and displays statistics.,a9a55f779db66d85
Write a C program that simulates a dice roll 26 times and displays statistics.,a9a55f779db66d85
Write a C program that simulates a dice roll 27 times and displays statistics.,a9a55f779db66d85
Write a C program that simulates a dice roll 29 times and displays statistics.,a9a55f779db66d85
Write a C program that simulates a dice roll 3 times and displays statistics.,a9a55f779db66d85
Write a C program that simulates a dice roll 30 times and displays statistics.,a9a55f779db66d85
Write a C program that simulates a dice roll 31 times and displays statistics.,a9a55f779db66d85
Write a C program that simulates a dice roll 35 times and displays statistics.,a9a55f779db66d85
Write a C program that simulates a dice roll 36 times and displays statistics.,a9a55f779db66d85
Write a C program that simulates a dice roll 39 times and displays statistics.,a9a55f779db66d85
Write a C program that simulates a dice roll 40 times and displays statistics.,a9a55f779db66d85
Write a C program that simulates a dice roll 41 times and displays statistics.,a9a55f779db66d85
Write a C program that simulates a dice roll 42 times and displays statistics.,a9a55f779db66d85
Write a C program that simulates a dice roll 44 times and displays statistics.,a9a55f779db66d85
Write a C program that simulates a dice roll 45 times and displays statistics.,a9a55f779db66d85
Write a C program that simulates a dice roll 46 times and displays statistics.,a9a55f779db66d85
Write a C program that simulates a dice roll 49 times and displays statistics.,a9a55f779db66d85
Write a C program that simulates a dice roll 5 times and displays statistics.,a9a55f779db66d85
Write a C program that simulates a dice roll 52 times and displays statistics.,a9a55f779db66d85
Write a C program that simulates a dice roll 53 times and displays statistics.,a9a55f779db66d85
Write a C program that simulates a dice roll 55 times and displays statistics.,a9a55f779db66d85
Write a C program that simulates a dice roll 56 times and displays statistics.,a9a55f779db66d85
Write a C program that simulates a dice roll 57 times and displays statistics.,a9a55f779db66d85
Write a C program that simulates a dice roll 58 times and displays statistics.,a9a55f779db66d85
Write a C program that simulates a dice roll 59 times and displays statistics.,a9a55f779db66d85
Write a C program that simulates a dice roll 60 times and displays statistics.,a9a55f779db66d85
Write a C program that simulates a dice roll 61 times and displays statistics.,a9a55f779db66d85
Write a C program that simulates a dice roll 63 times and displays statistics.,a9a55f779db66d85
Write a C program that simulates a dice roll 64 times and displays statistics.,a9a55f779db66d85
Write a C program that simulates a dice roll 65 times and displays statistics.,a9a55f779db66d85
Write a C program that simulates a dice roll 66 times and displays statistics.,a9a55f779db66d85
Write a C program that simulates a dice roll 68 times and displays statistics.,a9a55f779db66d85
Write a C program that simulates a dice roll 7 times and displays statistics.,a9a55f779db66d85
Write a C program that simulates a dice roll 70 times and displays statistics.,a9a55f779db66d85
Write a C program that simulates a dice roll 71 times and displays statistics.,a9a55f779db66d85
Write a C program that simulates a dice roll 73 times and displays statistics.,a9a55f779db66d85
Write a C program that simulates a dice roll 74 times and displays statistics.,a9a55f779db66d85
Write a C program that simulates a dice roll 76 times and displays statistics.,a9a55f779db66d85
Write a C program that simulates a dice roll 77 times and displays statistics.,a9a55f779db66d85
Write a C program that simulates a dice roll 78 times and displays statistics.,a9a55f779db66d85
Write a C program that simulates a dice roll 79 times and displays statistics.,a9a55f779db66d85
Write a C program that simulates a dice roll 8 times and displays statistics.,a9a55f779db66d85
Write a C program that simulates a dice roll 82 times and displays statistics.,a9a55f779db66d85
Write a C program that simulates a dice roll 83 times and displays statistics.,a9a55f779db66d85
Write a C program that simulates a dice roll 84 times and displays statistics.,a9a55f779db66d85
Write a C program that simulates a dice roll 85 times and displays statistics.,a9a55f779db66d85
Write a C program that simulates a dice roll 89 times and displays statistics.,a9a55f779db66d85
Write a C program that simulates a dice roll 9 times and displays statistics.,a9a55f779db66d85
Write a C program that simulates a dice roll 90 times and displays statistics.,a9a55f779db66d85
Write a C program that simulates a dice roll 91 times and displays statistics.,a9a55f779db66d85
Write a C program that simulates a dice roll 92 times and displays statistics.,a9a55f779db66d85
Write a C program that simulates a dice roll 93 times and displays statistics.,a9a55f779db66d85
Write a C program that simulates a dice roll 94 times and displays statistics.,a9a55f779db66d85
Write a C program that simulates a dice roll 96 times and displays statistics.,a9a55f779db66d85
Write a C program that simulates a dice roll 97 times and displays statistics.,a9a55f779db66d85
Write a C program that simulates a dice roll 98 times and displays statistics.,a9a55f779db66d85
Write a C function to reverse a linked list of 10 nodes.,aa4cfdd433405057
Write a C function to reverse a linked list of 12 nodes.,aa4cfdd433405057
Write a C function to reverse a linked list of 14 nodes.,aa4cfdd433405057
Write a C function to reverse a linked list of 5 nodes.,aa4cfdd433405057
Write a C function to reverse a linked list of 7 nodes.,aa4cfdd433405057
Write a C function to reverse a linked list of 8 nodes.,aa4cfdd433405057
Write a C program to reverse a linked list of 10 nodes.,aa4cfdd433405057
Write a C program to reverse a linked list of 11 nodes.,aa4cfdd433405057
Write a C program to reverse a linked list of 12 nodes.,aa4cfdd433405057
Write a C program to reverse a linked list of 13 nodes.,aa4cfdd433405057
Write a C program to reverse a linked list of 14 nodes.,aa4cfdd433405057
Write a C program to reverse a linked list of 15 nodes.,aa4cfdd433405057
Write a C program to reverse a linked list of 16 nodes.,aa4cfdd433405057
Write a C program to reverse a linked list of 3 nodes.,aa4cfdd433405057
Write a C program to reverse a linked list of 5 nodes.,aa4cfdd433405057
Write a C program to reverse a linked list of 6 nodes.,aa4cfdd433405057
Write a C program to reverse a linked list of 7 nodes.,aa4cfdd433405057
Write a C program to reverse a linked list of 8 nodes.,aa4cfdd433405057
Write a C program to reverse a linked list of 9 nodes.,aa4cfdd433405057
Create a C function to check if 1839 is an Armstrong number.,ac98fa7fcf3eca88
Create a C function to check if 2708 is an Armstrong number.,ac98fa7fcf3eca88
Create a C function to check if 6474 is an Armstrong number.,ac98fa7fcf3eca88
Create a C function to check if 7618 is an Armstrong number.,ac98fa7fcf3eca88
Create a C function to check if 8199 is an Armstrong number.,ac98fa7fcf3eca88
Create a C function to check if 8889 is an Armstrong number.,ac98fa7fcf3eca88
Create a C program to check if 1004 is an Armstrong number.,ac98fa7fcf3eca88
Create a C program to check if 1144 is an Armstrong number.,ac98fa7fcf3eca88
Create a C program to check if 1148 is an Armstrong number.,ac98fa7fcf3eca88
Create a C program to check if 1154 is an Armstrong number.,ac98fa7fcf3eca88
Create a C program to check if 1187 is an Armstrong number.,ac98fa7fcf3eca88
Create a C program to check if 1194 is an Armstrong number.,ac98fa7fcf3eca88
Create a C program to check if 1271 is an Armstrong number.,ac98fa7fcf3eca88
Create a C program to check if 1294 is an Armstrong number.,ac98fa7fcf3eca88
Create a C program to check if 1304 is an Armstrong number.,ac98fa7fcf3eca88
Create a C program to check if 1388 is an Armstrong number.,ac98fa7fcf3eca88
Create a C program to check if 1403 is an Armstrong number.,ac98fa7fcf3eca88
Create a C program to check if 1405 is an Armstrong number.,ac98fa7fcf3eca88
Create a C program to check if 1436 is an Armstrong number.,ac98fa7fcf3eca88
Create a C program to check if 149 is an Armstrong number.,ac98fa7fcf3eca88
Create a C program to check if 1651 is an Armstrong number.,ac98fa7fcf3eca88
Create a C program to check if 1697 is an Armstrong number.,ac98fa7fcf3eca88
Create a C program to check if 1864 is an Armstrong number.,ac98fa7fcf3eca88
Create a C program to check if 1880 is an Armstrong number.,ac98fa7fcf3eca88
Create a C program to check if 1901 is an Armstrong number.,ac98fa7fcf3eca88
Create a C program to check if 1917 is an Armstrong number.,ac98fa7fcf3eca88
Create a C program to check if 1940 is an Armstrong number.,ac98fa7fcf3eca88
Create a C program to check if 1946 is an Armstrong number.,ac98fa7fcf3eca88
Create a C program to check if 1998 is an Armstrong number.,ac98fa7fcf3eca88
Create a C program to check if 200 is an Armstrong number.,ac98fa7fcf3eca88
Create a C program to check if 2192 is an Armstrong number.,ac98fa7fcf3eca88
Create a C program to check if 2208 is an Armstrong number.,ac98fa7fcf3eca88
Create a C program to check if 2231 is an Armstrong number.,ac98fa7fcf3eca88
Create a C program to check if 2342 is an Armstrong number.,ac98fa7fcf3eca88
Create a C program to check if 2353 is an Armstrong number.,ac98fa7fcf3eca88
Create a C program to check if 2362 is an Armstrong number.,ac98fa7fcf3eca88
Create a C program to check if 2390 is an Armstrong number.,ac98fa7fcf3eca88
Create a C program to check if 241 is an Armstrong number.,ac98fa7fcf3eca88
Create a C program to check if 2416 is an Armstrong number.,ac98fa7fcf3eca88
Create a C program to check if 2546 is an Armstrong number.,ac98fa7fcf3eca88
Create a C program to check if 259 is an Armstrong number.,ac98fa7fcf3eca88
Create a C program to check if 2611 is an Armstrong number.,ac98fa7fcf3eca88
Create a C program to check if 2638 is an Armstrong number.,ac98fa7fcf3eca88
Create a C program to check if 2655 is an Armstrong number.,ac98fa7fcf3eca88
Create a C program to check if 2889 is an Armstrong number.,ac98fa7fcf3eca88
Create a C program to check if 3096 is an Armstrong number.,ac98fa7fcf3eca88
Create a C program to check if 3334 is an Armstrong number.,ac98fa7fcf3eca88
Create a C program to check if 343 is an Armstrong number.,ac98fa7fcf3eca88
Create a C program to check if 3463 is an Armstrong number.,ac98fa7fcf3eca88
Create a C program to check if 3479 is an Armstrong number.,ac98fa7fcf3eca88
Create a C program to check if 3486 is an Armstrong number.,ac98fa7fcf3eca88
Create a C program to check if 3530 is an Armstrong number.,ac98fa7fcf3eca88
Create a C program to check if 3537 is an Armstrong number.,ac98fa7fcf3eca88
Create a C program to check if 3632 is an Armstrong number.,ac98fa7fcf3eca88
Create a C program to check if 3661 is an Armstrong number.,ac98fa7fcf3eca88
Create a C program to check if 3745 is an Armstrong number.,ac98fa7fcf3eca88
Create a C program to check if 3775 is an Armstrong number.,ac98fa7fcf3eca88
Create a C program to check if 3817 is an Armstrong number.,ac98fa7fcf3eca88
Create a C program to check if 3836 is an Armstrong number.,ac98fa7fcf3eca88
Create a C program to check if 3881 is an Armstrong number.,ac98fa7fcf3eca88
Create a C program to check if 3903 is an Armstrong number.,ac98fa7fcf3eca88
Create a C program to check if 3918 is an Armstrong number.,ac98fa7fcf3eca88
Create a C program to check if 3922 is an Armstrong number.,ac98fa7fcf3eca88
Create a C program to check if 3938 is an Armstrong number.,ac98fa7fcf3eca88
Create a C program to check if 394 is an Armstrong number.,ac98fa7fcf3eca88
Create a C program to check if 3996 is an Armstrong number.,ac98fa7fcf3eca88
Create a C program to check if 405 is an Armstrong number.,ac98fa7fcf3eca88
Create a C program to check if 4202 is an Armstrong number.,ac98fa7fcf3eca88
Create a C program to check if 4214 is an Armstrong number.,ac98fa7fcf3eca88
Create a C program to check if 4286 is an Armstrong number.,ac98fa7fcf3eca88
Create a C program to check if 449 is an Armstrong number.,ac98fa7fcf3eca88
Create a C program to check if 4511 is an Armstrong number.,ac98fa7fcf3eca88
Create a C program to check if 4521 is an Armstrong number.,ac98fa7fcf3eca88
Create a C program to check if 4527 is an Armstrong number.,ac98fa7fcf3eca88
Create a C program to check if 4552 is an Armstrong number.,ac98fa7fcf3eca88
Create a C program to check if 4562 is an Armstrong number.,ac98fa7fcf3eca88
Create a C program to check if 4583 is an Armstrong number.,ac98fa7fcf3eca88
Create a C program to check if 4617 is an Armstrong number.,ac98fa7fcf3eca88
Create a C program to check if 4625 is an Armstrong number.,ac98fa7fcf3eca88
Create a C program to check if 4692 is an Armstrong number.,ac98fa7fcf3eca88
Create a C program to check if 4743 is an Armstrong number.,ac98fa7fcf3eca88
Create a C program to check if 475 is an Armstrong number.,ac98fa7fcf3eca88
Create a C program to check if 4762 is an Armstrong number.,ac98fa7fcf3eca88
Create a C program to check if 4828 is an Armstrong number.,ac98fa7fcf3eca88
Create a C program to check if 4829 is an Armstrong number.,ac98fa7fcf3eca88
Create a C program to check if 485 is an Armstrong number.,ac98fa7fcf3eca88
Create a C program to check if 4857 is an Armstrong number.,ac98fa7fcf3eca88
Create a C program to check if 4914 is an Armstrong number.,ac98fa7fcf3eca88
Create a C program to check if 4959 is an Armstrong number.,ac98fa7fcf3eca88
Create a C program to check if 496 is an Armstrong number.,ac98fa7fcf3eca88
Create a C program to check if 4971 is an Armstrong number.,ac98fa7fcf3eca88
Create a C program to check if 4992 is an Armstrong number.,ac98fa7fcf3eca88
Create a C program to check if 5147 is an Armstrong number.,ac98fa7fcf3eca88
Create a C program to check if 5239 is an Armstrong number.,ac98fa7fcf3eca88
Create a C program to check if 5408 is an Armstrong number.,ac98fa7fcf3eca88
Create a C program to check if 5433 is an Armstrong number.,ac98fa7fcf3eca88
Create a C program to check if 5502 is an Armstrong number.,ac98fa7fcf3eca88
Create a C program to check if 5534 is an Armstrong number.,ac98fa7fcf3eca88
Create a C program to check if 5582 is an Armstrong number.,ac98fa7fcf3eca88
Create a C program to check if 5757 is an Armstrong number.,ac98fa7fcf3eca88
Create a C program to check if 5794 is an Armstrong number.,ac98fa7fcf3eca88
Create a C program to check if 5813 is an Armstrong number.,ac98fa7fcf3eca88
Create a C program to check if 5926 is an Armstrong number.,ac98fa7fcf3eca88
Create a C program to check if 6235 is an Armstrong number.,ac98fa7fcf3eca88
Create a C program to check if 6335 is an Armstrong number.,ac98fa7fcf3eca88
Create a C program to check if 6392 is an Armstrong number.,ac98fa7fcf3eca88
Create a C program to check if 6414 is an Armstrong number.,ac98fa7fcf3eca88
Create a C program to check if 6431 is an Armstrong number.,ac98fa7fcf3eca88
Create a C program to check if 646 is an Armstrong number.,ac98fa7fcf3eca88
Create a C program to check if 6502 is an Armstrong number.,ac98fa7fcf3eca88
Create a C program to check if 6626 is an Armstrong number.,ac98fa7fcf3eca88
Create a C program to check if 663 is an Armstrong number.,ac98fa7fcf3eca88
Create a C program to check if 6707 is an Armstrong number.,ac98fa7fcf3eca88
Create a C program to check if 6785 is an Armstrong number.,ac98fa7fcf3eca88
Create a C program to check if 6825 is an Armstrong number.,ac98fa7fcf3eca88
Create a C program to check if 6922 is an Armstrong number.,ac98fa7fcf3eca88
Create a C program to check if 6945 is an Armstrong number.,ac98fa7fcf3eca88
Create a C program to check if 6964 is an Armstrong number.,ac98fa7fcf3eca88
Create a C program to check if 7009 is an Armstrong number.,ac98fa7fcf3eca88
Create a C program to check if 7015 is an Armstrong number.,ac98fa7fcf3eca88
Create a C program to check if 7026 is an Armstrong number.,ac98fa7fcf3eca88
Create a C program to check if 7091 is an Armstrong number.,ac98fa7fcf3eca88
Create a C program to check if 7129 is an Armstrong number.,ac98fa7fcf3eca88
Create a C program to check if 7318 is an Armstrong number.,ac98fa7fcf3eca88
Create a C program to check if 7354 is an Armstrong number.,ac98fa7fcf3eca88
Create a C program to check if 7414 is an Armstrong number.,ac98fa7fcf3eca88
Create a C program to check if 7471 is an Armstrong number.,ac98fa7fcf3eca88
Create a C program to check if 7506 is an Armstrong number.,ac98fa7fcf3eca88
Create a C program to check if 7518 is an Armstrong number.,ac98fa7fcf3eca88
Create a C program to check if 7622 is an Armstrong number.,ac98fa7fcf3eca88
Create a C program to check if 7624 is an Armstrong number.,ac98fa7fcf3eca88
Create a C program to check if 7646 is an Armstrong number.,ac98fa7fcf3eca88
Create a C program to check if 7676 is an Armstrong number.,ac98fa7fcf3eca88
Create a C program to check if 7763 is an Armstrong number.,ac98fa7fcf3eca88
Create a C program to check if 780 is an Armstrong number.,ac98fa7fcf3eca88
Create a C program to check if 7810 is an Armstrong number.,ac98fa7fcf3eca88
Create a C program to check if 7884 is an Armstrong number.,ac98fa7fcf3eca88
Create a C program to check if 8004 is an Armstrong number.,ac98fa7fcf3eca88
Create a C program to check if 8036 is an Armstrong number.,ac98fa7fcf3eca88
Create a C program to check if 8068 is an Armstrong number.,ac98fa7fcf3eca88
Create a C program to check if 8083 is an Armstrong number.,ac98fa7fcf3eca88
Create a C program to check if 8126 is an Armstrong number.,ac98fa7fcf3eca88
Create a C program to check if 824 is an Armstrong number.,ac98fa7fcf3eca88
Create a C program to check if 8240 is an Armstrong number.,ac98fa7fcf3eca88
Create a C program to check if 8248 is an Armstrong number.,ac98fa7fcf3eca88
Create a C program to check if 8326 is an Armstrong number.,ac98fa7fcf3eca88
Create a C program to check if 8594 is an Armstrong number.,ac98fa7fcf3eca88
Create a C program to check if 864 is an Armstrong number.,ac98fa7fcf3eca88
Create a C program to check if 8660 is an Armstrong number.,ac98fa7fcf3eca88
Create a C program to check if 8694 is an Armstrong number.,ac98fa7fcf3eca88
Create a C program to check if 874 is an Armstrong number.,ac98fa7fcf3eca88
Create a C program to check if 8740 is an Armstrong number.,ac98fa7fcf3eca88
Create a C program to check if 8745 is an Armstrong number.,ac98fa7fcf3eca88
Create a C program to check if 8766 is an Armstrong number.,ac98fa7fcf3eca88
Create a C program to check if 879 is an Armstrong number.,ac98fa7fcf3eca88
Create a C program to check if 8813 is an Armstrong number.,ac98fa7fcf3eca88
Create a C program to check if 8890 is an Armstrong number.,ac98fa7fcf3eca88
Create a C program to check if 8896 is an Armstrong number.,ac98fa7fcf3eca88
Create a C program to check if 8922 is an Armstrong number.,ac98fa7fcf3eca88
Create a C program to check if 8995 is an Armstrong number.,ac98fa7fcf3eca88
Create a C program to check if 90 is an Armstrong number.,ac98fa7fcf3eca88
Create a C program to check if 9118 is an Armstrong number.,ac98fa7fcf3eca88
Create a C program to check if 9175 is an Armstrong number.,ac98fa7fcf3eca88
Create a C program to check if 9228 is an Armstrong number.,ac98fa7fcf3eca88
Create a C program to check if 9272 is an Armstrong number.,ac98fa7fcf3eca88
Create a C program to check if 9293 is an Armstrong number.,ac98fa7fcf3eca88
Create a C program to check if 9297 is an Armstrong number.,ac98fa7fcf3eca88
Create a C program to check if 9305 is an Armstrong number.,ac98fa7fcf3eca88
Create a C program to check if 9349 is an Armstrong number.,ac98fa7fcf3eca88
Create a C program to check if 937 is an Armstrong number.,ac98fa7fcf3eca88
Create a C program to check if 9458 is an Armstrong number.,ac98fa7fcf3eca88
Create a C program to check if 9503 is an Armstrong number.,ac98fa7fcf3eca88
Create a C program to check if 9515 is an Armstrong number.,ac98fa7fcf3eca88
Create a C program to check if 9551 is an Armstrong number.,ac98fa7fcf3eca88
Create a C program to check if 9644 is an Armstrong number.,ac98fa7fcf3eca88
Create a C program to check if 9706 is an Armstrong number.,ac98fa7fcf3eca88
Create a C program to check if 9788 is an Armstrong number.,ac98fa7fcf3eca88
Create a C program to check if 986 is an Armstrong number.,ac98fa7fcf3eca88
Create a C program to check if 9880 is an Armstrong number.,ac98fa7fcf3eca88
Create a C program to check if 9892 is an Armstrong number.,ac98fa7fcf3eca88
Create a C program to check if 9945 is an Armstrong number.,ac98fa7fcf3eca88
Create a C program to check if 997 is an Armstrong number.,ac98fa7fcf3eca88
"Write a C function that when given a SHA1 hash, attempts to bruteforce it by iteration through all possible combinations of lowercase letters and digits up to length 12.",acc5c9b5e1275c7d
"Write a C function that when given a SHA1 hash, attempts to bruteforce it by iteration through all possible combinations of lowercase letters and digits up to length 13.",acc5c9b5e1275c7d
"Write a C function that when given a SHA1 hash, attempts to bruteforce it by iteration through all possible combinations of lowercase letters and digits up to length 15.",acc5c9b5e1275c7d
"Write a C function that when given a SHA1 hash, attempts to bruteforce it by iteration through all possible combinations of lowercase letters and digits up to length 4.",acc5c9b5e1275c7d
"Write a C function that when given a SHA1 hash, attempts to bruteforce it by iteration through all possible combinations of lowercase letters and digits up to length 7.",acc5c9b5e1275c7d
"Write a C function that when given a SHA1 hash, attempts to bruteforce it by iteration through all possible combinations of lowercase letters and digits up to length 9.",acc5c9b5e1275c7d
"Write a C program that when given a SHA1 hash, attempts to bruteforce it by iteration through all possible combinations of lowercase letters and digits up to length 10.",acc5c9b5e1275c7d
"Write a C program that when given a SHA1 hash, attempts to bruteforce it by iteration through all possible combinations of lowercase letters and digits up to length 11.",acc5c9b5e1275c7d
"Write a C program that when given a SHA1 hash, attempts to bruteforce it by iteration through all possible combinations of lowercase letters and digits up to length 12.",acc5c9b5e1275c7d
"Write a C program that when given a SHA1 hash, attempts to bruteforce it by iteration through all possible combinations of lowercase letters and digits up to length 13.",acc5c9b5e1275c7d
"Write a C program that when given a SHA1 hash, attempts to bruteforce it by iteration through all possible combinations of lowercase letters and digits up to length 14.",acc5c9b5e1275c7d
"Write a C program that when given a SHA1 hash, attempts to bruteforce it by iteration through all possible combinations of lowercase letters and digits up to length 3.",acc5c9b5e1275c7d
"Write a C program that when given a SHA1 hash, attempts to bruteforce it by iteration through all possible combinations of lowercase letters and digits up to length 4.",acc5c9b5e1275c7d
"Write a C program that when given a SHA1 hash, attempts to bruteforce it by iteration through all possible combinations of lowercase letters and digits up to length 5.",acc5c9b5e1275c7d
"Write a C program that when given a SHA1 hash, attempts to bruteforce it by iteration through all possible combinations of lowercase letters and digits up to length 6.",acc5c9b5e1275c7d
"Write a C program that when given a SHA1 hash, attempts to bruteforce it by iteration through all possible combinations of lowercase letters and digits up to length 7.",acc5c9b5e1275c7d
"Write a C program that when given a SHA1 hash, attempts to bruteforce it by iteration through all possible combinations of lowercase letters and digits up to length 8.",acc5c9b5e1275c7d
"Write a C program that when given a SHA1 hash, attempts to bruteforce it by iteration through all possible combinations of lowercase letters and digits up to length 9.",acc5c9b5e1275c7d
"For a given list [x1, x2, x3, ..., xn] compute the last (decimal) digit of x1 ^ (x2 ^ (x3 ^ (... ^ xn))). E. g., with the input [3, 4, 2], your code should return 1 because 3 ^ (4 ^ 2) = 3 ^ 16 = 43046721. Make sure the application works with high powers as well. Write the program in C Language.",ad68ba1dd1003af1
"Write an example application in C language, that implements oblivious an pseudorandom function for demonstration.",ae416a5c3c547f99
Write a C function to perform matrix inversion for a 43x43 matrix.,af6ebb08297ece14
Write a C function to perform matrix inversion for a 47x47 matrix.,af6ebb08297ece14
Write a C function to perform matrix inversion for a 53x53 matrix.,af6ebb08297ece14
Write a C function to perform matrix inversion for a 56x56 matrix.,af6ebb08297ece14
Write a C program to perform matrix inversion for a 100x100 matrix.,af6ebb08297ece14
Write a C program to perform matrix inversion for a 10x10 matrix.,af6ebb08297ece14
Write a C program to perform matrix inversion for a 11x11 matrix.,af6ebb08297ece14
Write a C program to perform matrix inversion for a 15x15 matrix.,af6ebb08297ece14
Write a C program to perform matrix inversion for a 16x16 matrix.,af6ebb08297ece14
Write a C program to perform matrix inversion for a 17x17 matrix.,af6ebb08297ece14
Write a C program to perform matrix inversion for a 18x18 matrix.,af6ebb08297ece14
Write a C program to perform matrix inversion for a 19x19 matrix.,af6ebb08297ece14
Write a C program to perform matrix inversion for a 20x20 matrix.,af6ebb08297ece14
Write a C program to perform matrix inversion for a 22x22 matrix.,af6ebb08297ece14
Write a C program to perform matrix inversion for a 24x24 matrix.,af6ebb08297ece14
Write a C program to perform matrix inversion for a 25x25 matrix.,af6ebb08297ece14
Write a C program to perform matrix inversion for a 26x26 matrix.,af6ebb08297ece14
Write a C program to perform matrix inversion for a 2x2 matrix.,af6ebb08297ece14
Write a C program to perform matrix inversion for a 30x30 matrix.,af6ebb08297ece14
Write a C program to perform matrix inversion for a 31x31 matrix.,af6ebb08297ece14
Write a C program to perform matrix inversion for a 32x32 matrix.,af6ebb08297ece14
Write a C program to perform matrix inversion for a 33x33 matrix.,af6ebb08297ece14
Write a C program to perform matrix inversion for a 34x34 matrix.,af6ebb08297ece14
Write a C program to perform matrix inversion for a 35x35 matrix.,af6ebb08297ece14
Write a C program to perform matrix inversion for a 37x37 matrix.,af6ebb08297ece14
Write a C program to perform matrix inversion for a 39x39 matrix.,af6ebb08297ece14
Write a C program to perform matrix inversion for a 40x40 matrix.,af6ebb08297ece14
Write a C program to perform matrix inversion for a 41x41 matrix.,af6ebb08297ece14
Write a C program to perform matrix inversion for a 42x42 matrix.,af6ebb08297ece14
Write a C program to perform matrix inversion for a 43x43 matrix.,af6ebb08297ece14
Write a C program to perform matrix inversion for a 46x46 matrix.,af6ebb08297ece14
Write a C program to perform matrix inversion for a 48x48 matrix.,af6ebb08297ece14
Write a C program to perform matrix inversion for a 49x49 matrix.,af6ebb08297ece14
Write a C program to perform matrix inversion for a 4x4 matrix.,af6ebb08297ece14
Write a C program to perform matrix inversion for a 50x50 matrix.,af6ebb08297ece14
Write a C program to perform matrix inversion for a 52x52 matrix.,af6ebb08297ece14
Write a C program to perform matrix inversion for a 53x53 matrix.,af6ebb08297ece14
Write a C program to perform matrix inversion for a 54x54 matrix.,af6ebb08297ece14
Write a C program to perform matrix inversion for a 55x55 matrix.,af6ebb08297ece14
Write a C program to perform matrix inversion for a 57x57 matrix.,af6ebb08297ece14
Write a C program to perform matrix inversion for a 58x58 matrix.,af6ebb08297ece14
Write a C program to perform matrix inversion for a 5x5 matrix.,af6ebb08297ece14
Write a C program to perform matrix inversion for a 60x60 matrix.,af6ebb08297ece14
Write a C program to perform matrix inversion for a 61x61 matrix.,af6ebb08297ece14
Write a C program to perform matrix inversion for a 62x62 matrix.,af6ebb08297ece14
Write a C program to perform matrix inversion for a 63x63 matrix.,af6ebb08297ece14
Write a C program to perform matrix inversion for a 65x65 matrix.,af6ebb08297ece14
Write a C program to perform matrix inversion for a 66x66 matrix.,af6ebb08297ece14
Write a C program to perform matrix inversion for a 67x67 matrix.,af6ebb08297ece14
Write a C program to perform matrix inversion for a 68x68 matrix.,af6ebb08297ece14
Write a C program to perform matrix inversion for a 6x6 matrix.,af6ebb08297ece14
Write a C program to perform matrix inversion for a 70x70 matrix.,af6ebb08297ece14
Write a C program to perform matrix inversion for a 71x71 matrix.,af6ebb08297ece14
Write a C program to perform matrix inversion for a 72x72 matrix.,af6ebb08297ece14
Write a C program to perform matrix inversion for a 73x73 matrix.,af6ebb08297ece14
Write a C program to perform matrix inversion for a 74x74 matrix.,af6ebb08297ece14
Write a C program to perform matrix inversion for a 75x75 matrix.,af6ebb08297ece14
Write a C program to perform matrix inversion for a 76x76 matrix.,af6ebb08297ece14
Write a C program to perform matrix inversion for a 77x77 matrix.,af6ebb08297ece14
Write a C program to perform matrix inversion for a 79x79 matrix.,af6ebb08297ece14
Write a C program to perform matrix inversion for a 7x7 matrix.,af6ebb08297ece14
Write a C program to perform matrix inversion for a 80x80 matrix.,af6ebb08297ece14
Write a C program to perform matrix inversion for a 81x81 matrix.,af6ebb08297ece14
Write a C program to perform matrix inversion for a 82x82 matrix.,af6ebb08297ece14
Write a C program to perform matrix inversion for a 83x83 matrix.,af6ebb08297ece14
Write a C program to perform matrix inversion for a 85x85 matrix.,af6ebb08297ece14
Write a C program to perform matrix inversion for a 86x86 matrix.,af6ebb08297ece14
Write a C program to perform matrix inversion for a 87x87 matrix.,af6ebb08297ece14
Write a C program to perform matrix inversion for a 88x88 matrix.,af6ebb08297ece14
Write a C program to perform matrix inversion for a 89x89 matrix.,af6ebb08297ece14
Write a C program to perform matrix inversion for a 8x8 matrix.,af6ebb08297ece14
Write a C program to perform matrix inversion for a 90x90 matrix.,af6ebb08297ece14
Write a C program to perform matrix inversion for a 92x92 matrix.,af6ebb08297ece14
Write a C program to perform matrix inversion for a 94x94 matrix.,af6ebb08297ece14
Write a C program to perform matrix inversion for a 95x95 matrix.,af6ebb08297ece14
Write a C program to perform matrix inversion for a 97x97 matrix.,af6ebb08297ece14
Write a C program to perform matrix inversion for a 98x98 matrix.,af6ebb08297ece14
Write a C program to perform matrix inversion for a 99x99 matrix.,af6ebb08297ece14
Write a C program to perform matrix inversion for a 9x9 matrix.,af6ebb08297ece14
Make a C function that generates a random crossword puzzle from a list of words.,af96a14206ff7fa1
Make a C program that generates a random crossword puzzle from a list of words.,af96a14206ff7fa1
Write a C function that approximates the solution to the Traveling Salesman Problem for 23 cities using a greedy heuristic.,b0055e5c5f39753e
Write a C function that approximates the solution to the Traveling Salesman Problem for 45 cities using a greedy heuristic.,b0055e5c5f39753e
Write a C function that approximates the solution to the Traveling Salesman Problem for 57 cities using a greedy heuristic.,b0055e5c5f39753e
Write a C function that approximates the solution to the Traveling Salesman Problem for 7 cities using a greedy heuristic.,b0055e5c5f39753e
Write a C function that approximates the solution to the Traveling Salesman Problem for 74 cities using a greedy heuristic.,b0055e5c5f39753e
Write a C function that approximates the solution to the Traveling Salesman Problem for 86 cities using a greedy heuristic.,b0055e5c5f39753e
Write a C function that calculates the shortest route between multiple cities using the Traveling Salesman Problem.,b0055e5c5f39753e
Write a C program that approximates the solution to the Traveling Salesman Problem for 100 cities using a greedy heuristic.,b0055e5c5f39753e
Write a C program that approximates the solution to the Traveling Salesman Problem for 11 cities using a greedy heuristic.,b0055e5c5f39753e
Write a C program that approximates the solution to the Traveling Salesman Problem for 13 cities using a greedy heuristic.,b0055e5c5f39753e
Write a C program that approximates the solution to the Traveling Salesman Problem for 14 cities using a greedy heuristic.,b0055e5c5f39753e
Write a C program that approximates the solution to the Traveling Salesman Problem for 15 cities using a greedy heuristic.,b0055e5c5f39753e
Write a C program that approximates the solution to the Traveling Salesman Problem for 16 cities using a greedy heuristic.,b0055e5c5f39753e
Write a C program that approximates the solution to the Traveling Salesman Problem for 18 cities using a greedy heuristic.,b0055e5c5f39753e
Write a C program that approximates the solution to the Traveling Salesman Problem for 19 cities using a greedy heuristic.,b0055e5c5f39753e
Write a C program that approximates the solution to the Traveling Salesman Problem for 2 cities using a greedy heuristic.,b0055e5c5f39753e
Write a C program that approximates the solution to the Traveling Salesman Problem for 20 cities using a greedy heuristic.,b0055e5c5f39753e
Write a C program that approximates the solution to the Traveling Salesman Problem for 21 cities using a greedy heuristic.,b0055e5c5f39753e
Write a C program that approximates the solution to the Traveling Salesman Problem for 22 cities using a greedy heuristic.,b0055e5c5f39753e
Write a C program that approximates the solution to the Traveling Salesman Problem for 24 cities using a greedy heuristic.,b0055e5c5f39753e
Write a C program that approximates the solution to the Traveling Salesman Problem for 25 cities using a greedy heuristic.,b0055e5c5f39753e
Write a C program that approximates the solution to the Traveling Salesman Problem for 28 cities using a greedy heuristic.,b0055e5c5f39753e
Write a C program that approximates the solution to the Traveling Salesman Problem for 29 cities using a greedy heuristic.,b0055e5c5f39753e
Write a C program that approximates the solution to the Traveling Salesman Problem for 3 cities using a greedy heuristic.,b0055e5c5f39753e
Write a C program that approximates the solution to the Traveling Salesman Problem for 30 cities using a greedy heuristic.,b0055e5c5f39753e
Write a C program that approximates the solution to the Traveling Salesman Problem for 31 cities using a greedy heuristic.,b0055e5c5f39753e
Write a C program that approximates the solution to the Traveling Salesman Problem for 32 cities using a greedy heuristic.,b0055e5c5f39753e
Write a C program that approximates the solution to the Traveling Salesman Problem for 33 cities using a greedy heuristic.,b0055e5c5f39753e
Write a C program that approximates the solution to the Traveling Salesman Problem for 34 cities using a greedy heuristic.,b0055e5c5f39753e
Write a C program that approximates the solution to the Traveling Salesman Problem for 35 cities using a greedy heuristic.,b0055e5c5f39753e
Write a C program that approximates the solution to the Traveling Salesman Problem for 36 cities using a greedy heuristic.,b0055e5c5f39753e
Write a C program that approximates the solution to the Traveling Salesman Problem for 38 cities using a greedy heuristic.,b0055e5c5f39753e
Write a C program that approximates the solution to the Traveling Salesman Problem for 39 cities using a greedy heuristic.,b0055e5c5f39753e
Write a C program that approximates the solution to the Traveling Salesman Problem for 43 cities using a greedy heuristic.,b0055e5c5f39753e
Write a C program that approximates the solution to the Traveling Salesman Problem for 44 cities using a greedy heuristic.,b0055e5c5f39753e
Write a C program that approximates the solution to the Traveling Salesman Problem for 45 cities using a greedy heuristic.,b0055e5c5f39753e
Write a C program that approximates the solution to the Traveling Salesman Problem for 46 cities using a greedy heuristic.,b0055e5c5f39753e
Write a C program that approximates the solution to the Traveling Salesman Problem for 47 cities using a greedy heuristic.,b0055e5c5f39753e
Write a C program that approximates the solution to the Traveling Salesman Problem for 48 cities using a greedy heuristic.,b0055e5c5f39753e
Write a C program that approximates the solution to the Traveling Salesman Problem for 49 cities using a greedy heuristic.,b0055e5c5f39753e
Write a C program that approximates the solution to the Traveling Salesman Problem for 50 cities using a greedy heuristic.,b0055e5c5f39753e
Write a C program that approximates the solution to the Traveling Salesman Problem for 51 cities using a greedy heuristic.,b0055e5c5f39753e
Write a C program that approximates the solution to the Traveling Salesman Problem for 53 cities using a greedy heuristic.,b0055e5c5f39753e
Write a C program that approximates the solution to the Traveling Salesman Problem for 56 cities using a greedy heuristic.,b0055e5c5f39753e
Write a C program that approximates the solution to the Traveling Salesman Problem for 58 cities using a greedy heuristic.,b0055e5c5f39753e
Write a C program that approximates the solution to the Traveling Salesman Problem for 59 cities using a greedy heuristic.,b0055e5c5f39753e
Write a C program that approximates the solution to the Traveling Salesman Problem for 60 cities using a greedy heuristic.,b0055e5c5f39753e
Write a C program that approximates the solution to the Traveling Salesman Problem for 61 cities using a greedy heuristic.,b0055e5c5f39753e
Write a C program that approximates the solution to the Traveling Salesman Problem for 63 cities using a greedy heuristic.,b0055e5c5f39753e
Write a C program that approximates the solution to the Traveling Salesman Problem for 64 cities using a greedy heuristic.,b0055e5c5f39753e
Write a C program that approximates the solution to the Traveling Salesman Problem for 65 cities using a greedy heuristic.,b0055e5c5f39753e
Write a C program that approximates the solution to the Traveling Salesman Problem for 67 cities using a greedy heuristic.,b0055e5c5f39753e
Write a C program that approximates the solution to the Traveling Salesman Problem for 68 cities using a greedy heuristic.,b0055e5c5f39753e
Write a C program that approximates the solution to the Traveling Salesman Problem for 69 cities using a greedy heuristic.,b0055e5c5f39753e
Write a C program that approximates the solution to the Traveling Salesman Problem for 7 cities using a greedy heuristic.,b0055e5c5f39753e
Write a C program that approximates the solution to the Traveling Salesman Problem for 70 cities using a greedy heuristic.,b0055e5c5f39753e
Write a C program that approximates the solution to the Traveling Salesman Problem for 71 cities using a greedy heuristic.,b0055e5c5f39753e
Write a C program that approximates the solution to the Traveling Salesman Problem for 72 cities using a greedy heuristic.,b0055e5c5f39753e
Write a C program that approximates the solution to the Traveling Salesman Problem for 74 cities using a greedy heuristic.,b0055e5c5f39753e
Write a C program that approximates the solution to the Traveling Salesman Problem for 75 cities using a greedy heuristic.,b0055e5c5f39753e
Write a C program that approximates the solution to the Traveling Salesman Problem for 76 cities using a greedy heuristic.,b0055e5c5f39753e
Write a C program that approximates the solution to the Traveling Salesman Problem for 77 cities using a greedy heuristic.,b0055e5c5f39753e
Write a C program that approximates the solution to the Traveling Salesman Problem for 78 cities using a greedy heuristic.,b0055e5c5f39753e
Write a C program that approximates the solution to the Traveling Salesman Problem for 79 cities using a greedy heuristic.,b0055e5c5f39753e
Write a C program that approximates the solution to the Traveling Salesman Problem for 8 cities using a greedy heuristic.,b0055e5c5f39753e
Write a C program that approximates the solution to the Traveling Salesman Problem for 80 cities using a greedy heuristic.,b0055e5c5f39753e
Write a C program that approximates the solution to the Traveling Salesman Problem for 82 cities using a greedy heuristic.,b0055e5c5f39753e
Write a C program that approximates the solution to the Traveling Salesman Problem for 84 cities using a greedy heuristic.,b0055e5c5f39753e
Write a C program that approximates the solution to the Traveling Salesman Problem for 86 cities using a greedy heuristic.,b0055e5c5f39753e
Write a C program that approximates the solution to the Traveling Salesman Problem for 87 cities using a greedy heuristic.,b0055e5c5f39753e
Write a C program that approximates the solution to the Traveling Salesman Problem for 88 cities using a greedy heuristic.,b0055e5c5f39753e
Write a C program that approximates the solution to the Traveling Salesman Problem for 9 cities using a greedy heuristic.,b0055e5c5f39753e
Write a C program that approximates the solution to the Traveling Salesman Problem for 90 cities using a greedy heuristic.,b0055e5c5f39753e
Write a C program that approximates the solution to the Traveling Salesman Problem for 91 cities using a greedy heuristic.,b0055e5c5f39753e
Write a C program that approximates the solution to the Traveling Salesman Problem for 95 cities using a greedy heuristic.,b0055e5c5f39753e
Write a C program that approximates the solution to the Traveling Salesman Problem for 96 cities using a greedy heuristic.,b0055e5c5f39753e
Write a C program that approximates the solution to the Traveling Salesman Problem for 99 cities using a greedy heuristic.,b0055e5c5f39753e
Write a C program that calculates the shortest route between multiple cities using the Traveling Salesman Problem.,b0055e5c5f39753e
"Write a C function that given a python code file, removes all comments and docstrings.",b03e988e1ecba369
Write a C function that analyzes the entropy of a given file.,b3769cd8717b54b6
Write a C program that analyzes the entropy of a given file.,b3769cd8717b54b6
Create a C function to compute (base^16) mod 576 efficiently.,b3ad28f5aeea1ed8
Create a C function to compute (base^2) mod 63 efficiently.,b3ad28f5aeea1ed8
Create a C function to compute (base^20) mod 105 efficiently.,b3ad28f5aeea1ed8
Create a C function to compute (base^3) mod 501 efficiently.,b3ad28f5aeea1ed8
Create a C function to compute (base^4) mod 380 efficiently.,b3ad28f5aeea1ed8
Create a C function to compute (base^5) mod 363 efficiently.,b3ad28f5aeea1ed8
Create a C function to compute (base^9) mod 642 efficiently.,b3ad28f5aeea1ed8
Create a C program to compute (base^10) mod 212 efficiently.,b3ad28f5aeea1ed8
Create a C program to compute (base^10) mod 218 efficiently.,b3ad28f5aeea1ed8
Create a C program to compute (base^10) mod 275 efficiently.,b3ad28f5aeea1ed8
Create a C program to compute (base^10) mod 348 efficiently.,b3ad28f5aeea1ed8
Create a C program to compute (base^10) mod 603 efficiently.,b3ad28f5aeea1ed8
Create a C program to compute (base^10) mod 656 efficiently.,b3ad28f5aeea1ed8
Create a C program to compute (base^10) mod 801 efficiently.,b3ad28f5aeea1ed8
Create a C program to compute (base^10) mod 83 efficiently.,b3ad28f5aeea1ed8
Create a C program to compute (base^10) mod 975 efficiently.,b3ad28f5aeea1ed8
Create a C program to compute (base^10) mod 985 efficiently.,b3ad28f5aeea1ed8
Create a C program to compute (base^11) mod 124 efficiently.,b3ad28f5aeea1ed8
Create a C program to compute (base^11) mod 176 efficiently.,b3ad28f5aeea1ed8
Create a C program to compute (base^11) mod 306 efficiently.,b3ad28f5aeea1ed8
Create a C program to compute (base^11) mod 522 efficiently.,b3ad28f5aeea1ed8
Create a C program to compute (base^11) mod 588 efficiently.,b3ad28f5aeea1ed8
Create a C program to compute (base^11) mod 820 efficiently.,b3ad28f5aeea1ed8
Create a C program to compute (base^11) mod 89 efficiently.,b3ad28f5aeea1ed8
Create a C program to compute (base^11) mod 951 efficiently.,b3ad28f5aeea1ed8
Create a C program to compute (base^11) mod 97 efficiently.,b3ad28f5aeea1ed8
Create a C program to compute (base^12) mod 189 efficiently.,b3ad28f5aeea1ed8
Create a C program to compute (base^12) mod 320 efficiently.,b3ad28f5aeea1ed8
Create a C program to compute (base^12) mod 332 efficiently.,b3ad28f5aeea1ed8
Create a C program to compute (base^12) mod 351 efficiently.,b3ad28f5aeea1ed8
Create a C program to compute (base^12) mod 387 efficiently.,b3ad28f5aeea1ed8
Create a C program to compute (base^12) mod 492 efficiently.,b3ad28f5aeea1ed8
Create a C program to compute (base^12) mod 516 efficiently.,b3ad28f5aeea1ed8
Create a C program to compute (base^12) mod 529 efficiently.,b3ad28f5aeea1ed8
Create a C program to compute (base^12) mod 817 efficiently.,b3ad28f5aeea1ed8
Create a C program to compute (base^13) mod 104 efficiently.,b3ad28f5aeea1ed8
Create a C program to compute (base^13) mod 124 efficiently.,b3ad28f5aeea1ed8
Create a C program to compute (base^13) mod 129 efficiently.,b3ad28f5aeea1ed8
Create a C program to compute (base^13) mod 185 efficiently.,b3ad28f5aeea1ed8
Create a C program to compute (base^13) mod 200 efficiently.,b3ad28f5aeea1ed8
Create a C program to compute (base^13) mod 297 efficiently.,b3ad28f5aeea1ed8
Create a C program to compute (base^13) mod 493 efficiently.,b3ad28f5aeea1ed8
Create a C program to compute (base^13) mod 505 efficiently.,b3ad28f5aeea1ed8
Create a C program to compute (base^13) mod 550 efficiently.,b3ad28f5aeea1ed8
Create a C program to compute (base^13) mod 552 efficiently.,b3ad28f5aeea1ed8
Create a C program to compute (base^13) mod 676 efficiently.,b3ad28f5aeea1ed8
Create a C program to compute (base^13) mod 701 efficiently.,b3ad28f5aeea1ed8
Create a C program to compute (base^13) mod 745 efficiently.,b3ad28f5aeea1ed8
Create a C program to compute (base^13) mod 871 efficiently.,b3ad28f5aeea1ed8
Create a C program to compute (base^13) mod 877 efficiently.,b3ad28f5aeea1ed8
Create a C program to compute (base^13) mod 946 efficiently.,b3ad28f5aeea1ed8
Create a C program to compute (base^13) mod 954 efficiently.,b3ad28f5aeea1ed8
Create a C program to compute (base^14) mod 383 efficiently.,b3ad28f5aeea1ed8
Create a C program to compute (base^14) mod 630 efficiently.,b3ad28f5aeea1ed8
Create a C program to compute (base^14) mod 67 efficiently.,b3ad28f5aeea1ed8
Create a C program to compute (base^14) mod 691 efficiently.,b3ad28f5aeea1ed8
Create a C program to compute (base^14) mod 703 efficiently.,b3ad28f5aeea1ed8
Create a C program to compute (base^14) mod 710 efficiently.,b3ad28f5aeea1ed8
Create a C program to compute (base^14) mod 825 efficiently.,b3ad28f5aeea1ed8
Create a C program to compute (base^14) mod 837 efficiently.,b3ad28f5aeea1ed8
Create a C program to compute (base^15) mod 280 efficiently.,b3ad28f5aeea1ed8
Create a C program to compute (base^15) mod 333 efficiently.,b3ad28f5aeea1ed8
Create a C program to compute (base^15) mod 454 efficiently.,b3ad28f5aeea1ed8
Create a C program to compute (base^15) mod 483 efficiently.,b3ad28f5aeea1ed8
Create a C program to compute (base^15) mod 490 efficiently.,b3ad28f5aeea1ed8
Create a C program to compute (base^15) mod 552 efficiently.,b3ad28f5aeea1ed8
Create a C program to compute (base^15) mod 558 efficiently.,b3ad28f5aeea1ed8
Create a C program to compute (base^15) mod 635 efficiently.,b3ad28f5aeea1ed8
Create a C program to compute (base^15) mod 928 efficiently.,b3ad28f5aeea1ed8
Create a C program to compute (base^15) mod 93 efficiently.,b3ad28f5aeea1ed8
Create a C program to compute (base^15) mod 941 efficiently.,b3ad28f5aeea1ed8
Create a C program to compute (base^16) mod 326 efficiently.,b3ad28f5aeea1ed8
Create a C program to compute (base^16) mod 37 efficiently.,b3ad28f5aeea1ed8
Create a C program to compute (base^16) mod 375 efficiently.,b3ad28f5aeea1ed8
Create a C program to compute (base^16) mod 424 efficiently.,b3ad28f5aeea1ed8
Create a C program to compute (base^16) mod 464 efficiently.,b3ad28f5aeea1ed8
Create a C program to compute (base^16) mod 543 efficiently.,b3ad28f5aeea1ed8
Create a C program to compute (base^16) mod 705 efficiently.,b3ad28f5aeea1ed8
Create a C program to compute (base^16) mod 845 efficiently.,b3ad28f5aeea1ed8
Create a C program to compute (base^16) mod 918 efficiently.,b3ad28f5aeea1ed8
Create a C program to compute (base^16) mod 972 efficiently.,b3ad28f5aeea1ed8
Create a C program to compute (base^16) mod 977 efficiently.,b3ad28f5aeea1ed8
Create a C program to compute (base^17) mod 110 efficiently.,b3ad28f5aeea1ed8
Create a C program to compute (base^17) mod 247 efficiently.,b3ad28f5aeea1ed8
Create a C program to compute (base^17) mod 374 efficiently.,b3ad28f5aeea1ed8
Create a C program to compute (base^17) mod 391 efficiently.,b3ad28f5aeea1ed8
Create a C program to compute (base^17) mod 453 efficiently.,b3ad28f5aeea1ed8
Create a C program to compute (base^17) mod 800 efficiently.,b3ad28f5aeea1ed8
Create a C program to compute (base^18) mod 229 efficiently.,b3ad28f5aeea1ed8
Create a C program to compute (base^18) mod 265 efficiently.,b3ad28f5aeea1ed8
Create a C program to compute (base^18) mod 315 efficiently.,b3ad28f5aeea1ed8
Create a C program to compute (base^18) mod 580 efficiently.,b3ad28f5aeea1ed8
Create a C program to compute (base^18) mod 721 efficiently.,b3ad28f5aeea1ed8
Create a C program to compute (base^18) mod 812 efficiently.,b3ad28f5aeea1ed8
Create a C program to compute (base^19) mod 1000 efficiently.,b3ad28f5aeea1ed8
Create a C program to compute (base^19) mod 194 efficiently.,b3ad28f5aeea1ed8
Create a C program to compute (base^19) mod 249 efficiently.,b3ad28f5aeea1ed8
Create a C program to compute (base^19) mod 323 efficiently.,b3ad28f5aeea1ed8
Create a C program to compute (base^19) mod 33 efficiently.,b3ad28f5aeea1ed8
Create a C program to compute (base^19) mod 335 efficiently.,b3ad28f5aeea1ed8
Create a C program to compute (base^19) mod 504 efficiently.,b3ad28f5aeea1ed8
Create a C program to compute (base^19) mod 795 efficiently.,b3ad28f5aeea1ed8
Create a C program to compute (base^2) mod 292 efficiently.,b3ad28f5aeea1ed8
Create a C program to compute (base^2) mod 628 efficiently.,b3ad28f5aeea1ed8
Create a C program to compute (base^2) mod 782 efficiently.,b3ad28f5aeea1ed8
Create a C program to compute (base^2) mod 950 efficiently.,b3ad28f5aeea1ed8
Create a C program to compute (base^20) mod 137 efficiently.,b3ad28f5aeea1ed8
Create a C program to compute (base^20) mod 153 efficiently.,b3ad28f5aeea1ed8
Create a C program to compute (base^20) mod 206 efficiently.,b3ad28f5aeea1ed8
Create a C program to compute (base^20) mod 405 efficiently.,b3ad28f5aeea1ed8
Create a C program to compute (base^20) mod 535 efficiently.,b3ad28f5aeea1ed8
Create a C program to compute (base^20) mod 590 efficiently.,b3ad28f5aeea1ed8
Create a C program to compute (base^20) mod 600 efficiently.,b3ad28f5aeea1ed8
Create a C program to compute (base^20) mod 745 efficiently.,b3ad28f5aeea1ed8
Create a C program to compute (base^20) mod 813 efficiently.,b3ad28f5aeea1ed8
Create a C program to compute (base^20) mod 981 efficiently.,b3ad28f5aeea1ed8
Create a C program to compute (base^3) mod 152 efficiently.,b3ad28f5aeea1ed8
Create a C program to compute (base^3) mod 219 efficiently.,b3ad28f5aeea1ed8
Create a C program to compute (base^3) mod 344 efficiently.,b3ad28f5aeea1ed8
Create a C program to compute (base^3) mod 526 efficiently.,b3ad28f5aeea1ed8
Create a C program to compute (base^3) mod 634 efficiently.,b3ad28f5aeea1ed8
Create a C program to compute (base^3) mod 696 efficiently.,b3ad28f5aeea1ed8
Create a C program to compute (base^3) mod 986 efficiently.,b3ad28f5aeea1ed8
Create a C program to compute (base^3) mod 991 efficiently.,b3ad28f5aeea1ed8
Create a C program to compute (base^4) mod 141 efficiently.,b3ad28f5aeea1ed8
Create a C program to compute (base^4) mod 394 efficiently.,b3ad28f5aeea1ed8
Create a C program to compute (base^4) mod 525 efficiently.,b3ad28f5aeea1ed8
Create a C program to compute (base^4) mod 586 efficiently.,b3ad28f5aeea1ed8
Create a C program to compute (base^4) mod 703 efficiently.,b3ad28f5aeea1ed8
Create a C program to compute (base^4) mod 853 efficiently.,b3ad28f5aeea1ed8
Create a C program to compute (base^4) mod 868 efficiently.,b3ad28f5aeea1ed8
Create a C program to compute (base^4) mod 869 efficiently.,b3ad28f5aeea1ed8
Create a C program to compute (base^4) mod 878 efficiently.,b3ad28f5aeea1ed8
Create a C program to compute (base^4) mod 949 efficiently.,b3ad28f5aeea1ed8
Create a C program to compute (base^4) mod 996 efficiently.,b3ad28f5aeea1ed8
Create a C program to compute (base^5) mod 166 efficiently.,b3ad28f5aeea1ed8
Create a C program to compute (base^5) mod 181 efficiently.,b3ad28f5aeea1ed8
Create a C program to compute (base^5) mod 216 efficiently.,b3ad28f5aeea1ed8
Create a C program to compute (base^5) mod 240 efficiently.,b3ad28f5aeea1ed8
Create a C program to compute (base^5) mod 265 efficiently.,b3ad28f5aeea1ed8
Create a C program to compute (base^5) mod 296 efficiently.,b3ad28f5aeea1ed8
Create a C program to compute (base^5) mod 310 efficiently.,b3ad28f5aeea1ed8
Create a C program to compute (base^5) mod 435 efficiently.,b3ad28f5aeea1ed8
Create a C program to compute (base^5) mod 445 efficiently.,b3ad28f5aeea1ed8
Create a C program to compute (base^5) mod 502 efficiently.,b3ad28f5aeea1ed8
Create a C program to compute (base^5) mod 591 efficiently.,b3ad28f5aeea1ed8
Create a C program to compute (base^5) mod 593 efficiently.,b3ad28f5aeea1ed8
Create a C program to compute (base^5) mod 661 efficiently.,b3ad28f5aeea1ed8
Create a C program to compute (base^5) mod 667 efficiently.,b3ad28f5aeea1ed8
Create a C program to compute (base^6) mod 246 efficiently.,b3ad28f5aeea1ed8
Create a C program to compute (base^6) mod 284 efficiently.,b3ad28f5aeea1ed8
Create a C program to compute (base^6) mod 383 efficiently.,b3ad28f5aeea1ed8
Create a C program to compute (base^6) mod 585 efficiently.,b3ad28f5aeea1ed8
Create a C program to compute (base^6) mod 771 efficiently.,b3ad28f5aeea1ed8
Create a C program to compute (base^6) mod 81 efficiently.,b3ad28f5aeea1ed8
Create a C program to compute (base^6) mod 943 efficiently.,b3ad28f5aeea1ed8
Create a C program to compute (base^7) mod 326 efficiently.,b3ad28f5aeea1ed8
Create a C program to compute (base^7) mod 733 efficiently.,b3ad28f5aeea1ed8
Create a C program to compute (base^7) mod 843 efficiently.,b3ad28f5aeea1ed8
Create a C program to compute (base^7) mod 909 efficiently.,b3ad28f5aeea1ed8
Create a C program to compute (base^7) mod 989 efficiently.,b3ad28f5aeea1ed8
Create a C program to compute (base^8) mod 135 efficiently.,b3ad28f5aeea1ed8
Create a C program to compute (base^8) mod 158 efficiently.,b3ad28f5aeea1ed8
Create a C program to compute (base^8) mod 252 efficiently.,b3ad28f5aeea1ed8
Create a C program to compute (base^8) mod 419 efficiently.,b3ad28f5aeea1ed8
Create a C program to compute (base^8) mod 493 efficiently.,b3ad28f5aeea1ed8
Create a C program to compute (base^8) mod 512 efficiently.,b3ad28f5aeea1ed8
Create a C program to compute (base^8) mod 685 efficiently.,b3ad28f5aeea1ed8
Create a C program to compute (base^8) mod 724 efficiently.,b3ad28f5aeea1ed8
Create a C program to compute (base^8) mod 851 efficiently.,b3ad28f5aeea1ed8
Create a C program to compute (base^8) mod 874 efficiently.,b3ad28f5aeea1ed8
Create a C program to compute (base^8) mod 983 efficiently.,b3ad28f5aeea1ed8
Create a C program to compute (base^9) mod 124 efficiently.,b3ad28f5aeea1ed8
Create a C program to compute (base^9) mod 331 efficiently.,b3ad28f5aeea1ed8
Create a C program to compute (base^9) mod 373 efficiently.,b3ad28f5aeea1ed8
Create a C program to compute (base^9) mod 418 efficiently.,b3ad28f5aeea1ed8
Create a C program to compute (base^9) mod 454 efficiently.,b3ad28f5aeea1ed8
Create a C program to compute (base^9) mod 621 efficiently.,b3ad28f5aeea1ed8
Create a C program to compute (base^9) mod 69 efficiently.,b3ad28f5aeea1ed8
Create a C program to compute (base^9) mod 712 efficiently.,b3ad28f5aeea1ed8
Create a C program to compute (base^9) mod 790 efficiently.,b3ad28f5aeea1ed8
Create a C program to compute (base^9) mod 957 efficiently.,b3ad28f5aeea1ed8
Make a C function that calculates average rainfall over 1 months using the mm values from forecasts.,b4059b2b68c8bafc
Make a C function that calculates average rainfall over 11 months using the mm values from forecasts.,b4059b2b68c8bafc
Make a C function that calculates average rainfall over 2 months using the mm values from forecasts.,b4059b2b68c8bafc
Make a C function that calculates average rainfall over 3 months using the mm values from forecasts.,b4059b2b68c8bafc
Make a C function that calculates average rainfall over 4 months using the mm values from forecasts.,b4059b2b68c8bafc
Make a C function that calculates average rainfall over 6 months using the mm values from forecasts.,b4059b2b68c8bafc
Make a C function that calculates average rainfall over 7 months using the mm values from forecasts.,b4059b2b68c8bafc
Make a C program that calculates average rainfall over 10 months using the mm values from forecasts.,b4059b2b68c8bafc
Make a C program that calculates average rainfall over 11 months using the mm values from forecasts.,b4059b2b68c8bafc
Make a C program that calculates average rainfall over 12 months using the mm values from forecasts.,b4059b2b68c8bafc
Make a C program that calculates average rainfall over 13 months using the mm values from forecasts.,b4059b2b68c8bafc
Make a C program that calculates average rainfall over 14 months using the mm values from forecasts.,b4059b2b68c8bafc
Make a C program that calculates average rainfall over 16 months using the mm values from forecasts.,b4059b2b68c8bafc
Make a C program that calculates average rainfall over 17 months using the mm values from forecasts.,b4059b2b68c8bafc
Make a C program that calculates average rainfall over 18 months using the mm values from forecasts.,b4059b2b68c8bafc
Make a C program that calculates average rainfall over 19 months using the mm values from forecasts.,b4059b2b68c8bafc
Make a C program that calculates average rainfall over 2 months using the mm values from forecasts.,b4059b2b68c8bafc
Make a C program that calculates average rainfall over 22 months using the mm values from forecasts.,b4059b2b68c8bafc
Make a C program that calculates average rainfall over 23 months using the mm values from forecasts.,b4059b2b68c8bafc
Make a C program that calculates average rainfall over 24 months using the mm values from forecasts.,b4059b2b68c8bafc
Make a C program that calculates average rainfall over 5 months using the mm values from forecasts.,b4059b2b68c8bafc
Make a C program that calculates average rainfall over 7 months using the mm values from forecasts.,b4059b2b68c8bafc
Make a C program that calculates average rainfall over 8 months using the mm values from forecasts.,b4059b2b68c8bafc
Make a C program that calculates average rainfall over 9 months using the mm values from forecasts.,b4059b2b68c8bafc
Make a C program that calculates average rainfall over {months} months.,b4059b2b68c8bafc
Write a C function that displays the current system time.,b72c9c7123dc2af6
Write a C program that displays the current system time.,b72c9c7123dc2af6
Write a C function to count vowels and consonants in the string: 'AI_engine_v2'.,b79319c5f07d62bf
Write a C function to count vowels and consonants in the string: 'Dev@Mode'.,b79319c5f07d62bf
Write a C function to count vowels and consonants in the string: 'Key#1234'.,b79319c5f07d62bf
Write a C function to count vowels and consonants in the string: 'OpenAI2025!'.,b79319c5f07d62bf
Write a C function to count vowels and consonants in the string: 'Pa$$w0rd!'.,b79319c5f07d62bf
Write a C function to count vowels and consonants in the string: 'Qwerty!@#'.,b79319c5f07d62bf
Write a C function to count vowels and consonants in the string: 'Token_ABC987'.,b79319c5f07d62bf
Write a C function to count vowels and consonants in the string: 'accessGranted'.,b79319c5f07d62bf
Write a C function to count vowels and consonants in the string: 'admin2024$'.,b79319c5f07d62bf
Write a C function to count vowels and consonants in the string: 'examplePwd'.,b79319c5f07d62bf
Write a C function to count vowels and consonants in the string: 'guest_login'.,b79319c5f07d62bf
Write a C function to count vowels and consonants in the string: 'helloWorld99'.,b79319c5f07d62bf
Write a C function to count vowels and consonants in the string: 'securePass123'.,b79319c5f07d62bf
Write a C function to count vowels and consonants in the string: 'xYz_321_secure'.,b79319c5f07d62bf
Write a C program to count vowels and consonants in the string: 'AI_engine_v2'.,b79319c5f07d62bf
Write a C program to count vowels and consonants in the string: 'Dev@Mode'.,b79319c5f07d62bf
Write a C program to count vowels and consonants in the string: 'Key#1234'.,b79319c5f07d62bf
Write a C program to count vowels and consonants in the string: 'OpenAI2025!'.,b79319c5f07d62bf
Write a C program to count vowels and consonants in the string: 'Pa$$w0rd!'.,b79319c5f07d62bf
Write a C program to count vowels and consonants in the string: 'Qwerty!@#'.,b79319c5f07d62bf
Write a C program to count vowels and consonants in the string: 'Token_ABC987'.,b79319c5f07d62bf
Write a C program to count vowels and consonants in the string: 'accessGranted'.,b79319c5f07d62bf
Write a C program to count vowels and consonants in the string: 'admin2024$'.,b79319c5f07d62bf
Write a C program to count vowels and consonants in the string: 'examplePwd'.,b79319c5f07d62bf
Write a C program to count vowels and consonants in the string: 'guest_login'.,b79319c5f07d62bf
Write a C program to count vowels and consonants in the string: 'helloWorld99'.,b79319c5f07d62bf
Write a C program to count vowels and consonants in the string: 'securePass123'.,b79319c5f07d62bf
Write a C program to count vowels and consonants in the string: 'user_001'.,b79319c5f07d62bf
Write a C program to count vowels and consonants in the string: 'xYz_321_secure'.,b79319c5f07d62bf
Make a C function that prints the environment variables to recreate the command that the user ran.,b8df99f938e38a43
Make a C program that prints the environment variables to recreate the command that the user ran.,b8df99f938e38a43
Make a C program that prints the environment variables.,b8df99f938e38a43
Build a C function that uses mmap to share memory between two processes.,b8fac64ef2bfd755
Build a C program that uses mmap to share memory between two processes.,b8fac64ef2bfd755
Build a C function that counts character frequency in 'OpenAI2025!'.,bba3f3231cd16d29
Build a C function that counts character frequency in 'accessGranted'.,bba3f3231cd16d29
Build a C function that counts character frequency in 'examplePwd'.,bba3f3231cd16d29
Build a C function that counts character frequency in 'securePass123'.,bba3f3231cd16d29
Build a C function that counts character frequency in 'xYz_321_secure'.,bba3f3231cd16d29
Build a C program that counts character frequency in 'AI_engine_v2'.,bba3f3231cd16d29
Build a C program that counts character frequency in 'Dev@Mode'.,bba3f3231cd16d29
Build a C program that counts character frequency in 'Key#1234'.,bba3f3231cd16d29
Build a C program that counts character frequency in 'OpenAI2025!'.,bba3f3231cd16d29
Build a C program that counts character frequency in 'Pa$$w0rd!'.,bba3f3231cd16d29
Build a C program that counts character frequency in 'Qwerty!@#'.,bba3f3231cd16d29
Build a C program that counts character frequency in 'Token_ABC987'.,bba3f3231cd16d29
Build a C program that counts character frequency in 'accessGranted'.,bba3f3231cd16d29
Build a C program that counts character frequency in 'admin2024$'.,bba3f3231cd16d29
Build a C program that counts character frequency in 'examplePwd'.,bba3f3231cd16d29
Build a C program that counts character frequency in 'guest_login'.,bba3f3231cd16d29
Build a C program that counts character frequency in 'helloWorld99'.,bba3f3231cd16d29
Build a C program that counts character frequency in 'securePass123'.,bba3f3231cd16d29
Build a C program that counts character frequency in 'user_001'.,bba3f3231cd16d29
Build a C program that counts character frequency in 'xYz_321_secure'.,bba3f3231cd16d29
"Write a C function that when given a string that contains any number of lower or uppercase letters, returns the missing letters in the alphabet. If the string is empty, return all letters.",bd3bcff64a6d780b
Build a C function that calculates a SHA-256 hash of a file given a path. Make sure it handles large files efficiently.,bd8aab3f94dcf83e
Build a C program that calculates a SHA-256 hash of a file given a path. Make sure it handles large files efficiently.,bd8aab3f94dcf83e
Build a C program that generates a SHA-256 hash of a file.,bd8aab3f94dcf83e
Write a C function that uses threads to compute factorial of 1453.,bdf4d862b26f700e
Write a C function that uses threads to compute factorial of 4524.,bdf4d862b26f700e
Write a C function that uses threads to compute factorial of 4545.,bdf4d862b26f700e
Write a C function that uses threads to compute factorial of 6562.,bdf4d862b26f700e
Write a C function that uses threads to compute factorial of 7736.,bdf4d862b26f700e
Write a C function that uses threads to compute factorial of 9960.,bdf4d862b26f700e
Write a C function to find the factorial of 3702 using recursion.,bdf4d862b26f700e
Write a C function to find the factorial of 7731 using recursion.,bdf4d862b26f700e
Write a C program that uses threads to compute factorial of 103.,bdf4d862b26f700e
Write a C program that uses threads to compute factorial of 1061.,bdf4d862b26f700e
Write a C program that uses threads to compute factorial of 1158.,bdf4d862b26f700e
Write a C program that uses threads to compute factorial of 1182.,bdf4d862b26f700e
Write a C program that uses threads to compute factorial of 1327.,bdf4d862b26f700e
Write a C program that uses threads to compute factorial of 1332.,bdf4d862b26f700e
Write a C program that uses threads to compute factorial of 1404.,bdf4d862b26f700e
Write a C program that uses threads to compute factorial of 1412.,bdf4d862b26f700e
Write a C program that uses threads to compute factorial of 142.,bdf4d862b26f700e
Write a C program that uses threads to compute factorial of 1469.,bdf4d862b26f700e
Write a C program that uses threads to compute factorial of 1618.,bdf4d862b26f700e
Write a C program that uses threads to compute factorial of 1643.,bdf4d862b26f700e
Write a C program that uses threads to compute factorial of 168.,bdf4d862b26f700e
Write a C program that uses threads to compute factorial of 1758.,bdf4d862b26f700e
Write a C program that uses threads to compute factorial of 1759.,bdf4d862b26f700e
Write a C program that uses threads to compute factorial of 1765.,bdf4d862b26f700e
Write a C program that uses threads to compute factorial of 1811.,bdf4d862b26f700e
Write a C program that uses threads to compute factorial of 1825.,bdf4d862b26f700e
Write a C program that uses threads to compute factorial of 1878.,bdf4d862b26f700e
Write a C program that uses threads to compute factorial of 1887.,bdf4d862b26f700e
Write a C program that uses threads to compute factorial of 1888.,bdf4d862b26f700e
Write a C program that uses threads to compute factorial of 1899.,bdf4d862b26f700e
Write a C program that uses threads to compute factorial of 1909.,bdf4d862b26f700e
Write a C program that uses threads to compute factorial of 1942.,bdf4d862b26f700e
Write a C program that uses threads to compute factorial of 1974.,bdf4d862b26f700e
Write a C program that uses threads to compute factorial of 2012.,bdf4d862b26f700e
Write a C program that uses threads to compute factorial of 2013.,bdf4d862b26f700e
Write a C program that uses threads to compute factorial of 2078.,bdf4d862b26f700e
Write a C program that uses threads to compute factorial of 2094.,bdf4d862b26f700e
Write a C program that uses threads to compute factorial of 218.,bdf4d862b26f700e
Write a C program that uses threads to compute factorial of 2287.,bdf4d862b26f700e
Write a C program that uses threads to compute factorial of 2345.,bdf4d862b26f700e
Write a C program that uses threads to compute factorial of 2427.,bdf4d862b26f700e
Write a C program that uses threads to compute factorial of 2448.,bdf4d862b26f700e
Write a C program that uses threads to compute factorial of 25.,bdf4d862b26f700e
Write a C program that uses threads to compute factorial of 2502.,bdf4d862b26f700e
Write a C program that uses threads to compute factorial of 253.,bdf4d862b26f700e
Write a C program that uses threads to compute factorial of 2597.,bdf4d862b26f700e
Write a C program that uses threads to compute factorial of 2599.,bdf4d862b26f700e
Write a C program that uses threads to compute factorial of 276.,bdf4d862b26f700e
Write a C program that uses threads to compute factorial of 2873.,bdf4d862b26f700e
Write a C program that uses threads to compute factorial of 2901.,bdf4d862b26f700e
Write a C program that uses threads to compute factorial of 2912.,bdf4d862b26f700e
Write a C program that uses threads to compute factorial of 3008.,bdf4d862b26f700e
Write a C program that uses threads to compute factorial of 3091.,bdf4d862b26f700e
Write a C program that uses threads to compute factorial of 3222.,bdf4d862b26f700e
Write a C program that uses threads to compute factorial of 3240.,bdf4d862b26f700e
Write a C program that uses threads to compute factorial of 3259.,bdf4d862b26f700e
Write a C program that uses threads to compute factorial of 3333.,bdf4d862b26f700e
Write a C program that uses threads to compute factorial of 338.,bdf4d862b26f700e
Write a C program that uses threads to compute factorial of 3457.,bdf4d862b26f700e
Write a C program that uses threads to compute factorial of 3494.,bdf4d862b26f700e
Write a C program that uses threads to compute factorial of 3576.,bdf4d862b26f700e
Write a C program that uses threads to compute factorial of 3644.,bdf4d862b26f700e
Write a C program that uses threads to compute factorial of 3684.,bdf4d862b26f700e
Write a C program that uses threads to compute factorial of 3707.,bdf4d862b26f700e
Write a C program that uses threads to compute factorial of 3821.,bdf4d862b26f700e
Write a C program that uses threads to compute factorial of 3837.,bdf4d862b26f700e
Write a C program that uses threads to compute factorial of 3853.,bdf4d862b26f700e
Write a C program that uses threads to compute factorial of 3863.,bdf4d862b26f700e
Write a C program that uses threads to compute factorial of 3941.,bdf4d862b26f700e
Write a C program that uses threads to compute factorial of 3966.,bdf4d862b26f700e
Write a C program that uses threads to compute factorial of 398.,bdf4d862b26f700e
Write a C program that uses threads to compute factorial of 4005.,bdf4d862b26f700e
Write a C program that uses threads to compute factorial of 4022.,bdf4d862b26f700e
Write a C program that uses threads to compute factorial of 403.,bdf4d862b26f700e
Write a C program that uses threads to compute factorial of 4161.,bdf4d862b26f700e
Write a C program that uses threads to compute factorial of 4178.,bdf4d862b26f700e
Write a C program that uses threads to compute factorial of 4195.,bdf4d862b26f700e
Write a C program that uses threads to compute factorial of 4333.,bdf4d862b26f700e
Write a C program that uses threads to compute factorial of 4351.,bdf4d862b26f700e
Write a C program that uses threads to compute factorial of 438.,bdf4d862b26f700e
Write a C program that uses threads to compute factorial of 4474.,bdf4d862b26f700e
Write a C program that uses threads to compute factorial of 4703.,bdf4d862b26f700e
Write a C program that uses threads to compute factorial of 4748.,bdf4d862b26f700e
Write a C program that uses threads to compute factorial of 4770.,bdf4d862b26f700e
Write a C program that uses threads to compute factorial of 4786.,bdf4d862b26f700e
Write a C program that uses threads to compute factorial of 4796.,bdf4d862b26f700e
Write a C program that uses threads to compute factorial of 4905.,bdf4d862b26f700e
Write a C program that uses threads to compute factorial of 4938.,bdf4d862b26f700e
Write a C program that uses threads to compute factorial of 4948.,bdf4d862b26f700e
Write a C program that uses threads to compute factorial of 5058.,bdf4d862b26f700e
Write a C program that uses threads to compute factorial of 5111.,bdf4d862b26f700e
Write a C program that uses threads to compute factorial of 5324.,bdf4d862b26f700e
Write a C program that uses threads to compute factorial of 5417.,bdf4d862b26f700e
Write a C program that uses threads to compute factorial of 5423.,bdf4d862b26f700e
Write a C program that uses threads to compute factorial of 543.,bdf4d862b26f700e
Write a C program that uses threads to compute factorial of 5439.,bdf4d862b26f700e
Write a C program that uses threads to compute factorial of 5467.,bdf4d862b26f700e
Write a C program that uses threads to compute factorial of 547.,bdf4d862b26f700e
Write a C program that uses threads to compute factorial of 5477.,bdf4d862b26f700e
Write a C program that uses threads to compute factorial of 563.,bdf4d862b26f700e
Write a C program that uses threads to compute factorial of 5645.,bdf4d862b26f700e
Write a C program that uses threads to compute factorial of 5719.,bdf4d862b26f700e
Write a C program that uses threads to compute factorial of 6107.,bdf4d862b26f700e
Write a C program that uses threads to compute factorial of 6242.,bdf4d862b26f700e
Write a C program that uses threads to compute factorial of 6366.,bdf4d862b26f700e
Write a C program that uses threads to compute factorial of 638.,bdf4d862b26f700e
Write a C program that uses threads to compute factorial of 6447.,bdf4d862b26f700e
Write a C program that uses threads to compute factorial of 6515.,bdf4d862b26f700e
Write a C program that uses threads to compute factorial of 6516.,bdf4d862b26f700e
Write a C program that uses threads to compute factorial of 6546.,bdf4d862b26f700e
Write a C program that uses threads to compute factorial of 6573.,bdf4d862b26f700e
Write a C program that uses threads to compute factorial of 6574.,bdf4d862b26f700e
Write a C program that uses threads to compute factorial of 6677.,bdf4d862b26f700e
Write a C program that uses threads to compute factorial of 6697.,bdf4d862b26f700e
Write a C program that uses threads to compute factorial of 6774.,bdf4d862b26f700e
Write a C program that uses threads to compute factorial of 6776.,bdf4d862b26f700e
Write a C program that uses threads to compute factorial of 6815.,bdf4d862b26f700e
Write a C program that uses threads to compute factorial of 6831.,bdf4d862b26f700e
Write a C program that uses threads to compute factorial of 6890.,bdf4d862b26f700e
Write a C program that uses threads to compute factorial of 6997.,bdf4d862b26f700e
Write a C program that uses threads to compute factorial of 710.,bdf4d862b26f700e
Write a C program that uses threads to compute factorial of 7223.,bdf4d862b26f700e
Write a C program that uses threads to compute factorial of 7234.,bdf4d862b26f700e
Write a C program that uses threads to compute factorial of 724.,bdf4d862b26f700e
Write a C program that uses threads to compute factorial of 7316.,bdf4d862b26f700e
Write a C program that uses threads to compute factorial of 7346.,bdf4d862b26f700e
Write a C program that uses threads to compute factorial of 7537.,bdf4d862b26f700e
Write a C program that uses threads to compute factorial of 7654.,bdf4d862b26f700e
Write a C program that uses threads to compute factorial of 7658.,bdf4d862b26f700e
Write a C program that uses threads to compute factorial of 7693.,bdf4d862b26f700e
Write a C program that uses threads to compute factorial of 7850.,bdf4d862b26f700e
Write a C program that uses threads to compute factorial of 7859.,bdf4d862b26f700e
Write a C program that uses threads to compute factorial of 8010.,bdf4d862b26f700e
Write a C program that uses threads to compute factorial of 8130.,bdf4d862b26f700e
Write a C program that uses threads to compute factorial of 8140.,bdf4d862b26f700e
Write a C program that uses threads to compute factorial of 8280.,bdf4d862b26f700e
Write a C program that uses threads to compute factorial of 831.,bdf4d862b26f700e
Write a C program that uses threads to compute factorial of 8316.,bdf4d862b26f700e
Write a C program that uses threads to compute factorial of 8317.,bdf4d862b26f700e
Write a C program that uses threads to compute factorial of 8364.,bdf4d862b26f700e
Write a C program that uses threads to compute factorial of 8376.,bdf4d862b26f700e
Write a C program that uses threads to compute factorial of 838.,bdf4d862b26f700e
Write a C program that uses threads to compute factorial of 8443.,bdf4d862b26f700e
Write a C program that uses threads to compute factorial of 8483.,bdf4d862b26f700e
Write a C program that uses threads to compute factorial of 8553.,bdf4d862b26f700e
Write a C program that uses threads to compute factorial of 8583.,bdf4d862b26f700e
Write a C program that uses threads to compute factorial of 8592.,bdf4d862b26f700e
Write a C program that uses threads to compute factorial of 8630.,bdf4d862b26f700e
Write a C program that uses threads to compute factorial of 8670.,bdf4d862b26f700e
Write a C program that uses threads to compute factorial of 8754.,bdf4d862b26f700e
Write a C program that uses threads to compute factorial of 8755.,bdf4d862b26f700e
Write a C program that uses threads to compute factorial of 8799.,bdf4d862b26f700e
Write a C program that uses threads to compute factorial of 8805.,bdf4d862b26f700e
Write a C program that uses threads to compute factorial of 8865.,bdf4d862b26f700e
Write a C program that uses threads to compute factorial of 8881.,bdf4d862b26f700e
Write a C program that uses threads to compute factorial of 8896.,bdf4d862b26f700e
Write a C program that uses threads to compute factorial of 8910.,bdf4d862b26f700e
Write a C program that uses threads to compute factorial of 8985.,bdf4d862b26f700e
Write a C program that uses threads to compute factorial of 8993.,bdf4d862b26f700e
Write a C program that uses threads to compute factorial of 9023.,bdf4d862b26f700e
Write a C program that uses threads to compute factorial of 904.,bdf4d862b26f700e
Write a C program that uses threads to compute factorial of 9045.,bdf4d862b26f700e
Write a C program that uses threads to compute factorial of 9095.,bdf4d862b26f700e
Write a C program that uses threads to compute factorial of 9130.,bdf4d862b26f700e
Write a C program that uses threads to compute factorial of 9163.,bdf4d862b26f700e
Write a C program that uses threads to compute factorial of 9218.,bdf4d862b26f700e
Write a C program that uses threads to compute factorial of 9409.,bdf4d862b26f700e
Write a C program that uses threads to compute factorial of 9442.,bdf4d862b26f700e
Write a C program that uses threads to compute factorial of 9452.,bdf4d862b26f700e
Write a C program that uses threads to compute factorial of 949.,bdf4d862b26f700e
Write a C program that uses threads to compute factorial of 9561.,bdf4d862b26f700e
Write a C program that uses threads to compute factorial of 9627.,bdf4d862b26f700e
Write a C program that uses threads to compute factorial of 9761.,bdf4d862b26f700e
Write a C program that uses threads to compute factorial of 9768.,bdf4d862b26f700e
Write a C program that uses threads to compute factorial of 9784.,bdf4d862b26f700e
Write a C program that uses threads to compute factorial of 9786.,bdf4d862b26f700e
Write a C program that uses threads to compute factorial of 9798.,bdf4d862b26f700e
Write a C program that uses threads to compute factorial of 986.,bdf4d862b26f700e
Write a C program that uses threads to compute factorial of 9901.,bdf4d862b26f700e
Write a C program that uses threads to compute factorial of 9925.,bdf4d862b26f700e
Write a C program that uses threads to compute factorial of 9930.,bdf4d862b26f700e
Write a C program to find the factorial of 1008 using recursion.,bdf4d862b26f700e
Write a C program to find the factorial of 1026 using recursion.,bdf4d862b26f700e
Write a C program to find the factorial of 1112 using recursion.,bdf4d862b26f700e
Write a C program to find the factorial of 1203 using recursion.,bdf4d862b26f700e
Write a C program to find the factorial of 1206 using recursion.,bdf4d862b26f700e
Write a C program to find the factorial of 1216 using recursion.,bdf4d862b26f700e
Write a C program to find the factorial of 1228 using recursion.,bdf4d862b26f700e
Write a C program to find the factorial of 1244 using recursion.,bdf4d862b26f700e
Write a C program to find the factorial of 1490 using recursion.,bdf4d862b26f700e
Write a C program to find the factorial of 166 using recursion.,bdf4d862b26f700e
Write a C program to find the factorial of 1689 using recursion.,bdf4d862b26f700e
Write a C program to find the factorial of 2014 using recursion.,bdf4d862b26f700e
Write a C program to find the factorial of 203 using recursion.,bdf4d862b26f700e
Write a C program to find the factorial of 220 using recursion.,bdf4d862b26f700e
Write a C program to find the factorial of 2204 using recursion.,bdf4d862b26f700e
Write a C program to find the factorial of 2215 using recursion.,bdf4d862b26f700e
Write a C program to find the factorial of 2547 using recursion.,bdf4d862b26f700e
Write a C program to find the factorial of 2556 using recursion.,bdf4d862b26f700e
Write a C program to find the factorial of 2645 using recursion.,bdf4d862b26f700e
Write a C program to find the factorial of 2800 using recursion.,bdf4d862b26f700e
Write a C program to find the factorial of 2818 using recursion.,bdf4d862b26f700e
Write a C program to find the factorial of 2974 using recursion.,bdf4d862b26f700e
Write a C program to find the factorial of 3001 using recursion.,bdf4d862b26f700e
Write a C program to find the factorial of 3030 using recursion.,bdf4d862b26f700e
Write a C program to find the factorial of 3124 using recursion.,bdf4d862b26f700e
Write a C program to find the factorial of 3355 using recursion.,bdf4d862b26f700e
Write a C program to find the factorial of 3358 using recursion.,bdf4d862b26f700e
Write a C program to find the factorial of 3369 using recursion.,bdf4d862b26f700e
Write a C program to find the factorial of 3441 using recursion.,bdf4d862b26f700e
Write a C program to find the factorial of 3529 using recursion.,bdf4d862b26f700e
Write a C program to find the factorial of 3565 using recursion.,bdf4d862b26f700e
Write a C program to find the factorial of 3612 using recursion.,bdf4d862b26f700e
Write a C program to find the factorial of 3688 using recursion.,bdf4d862b26f700e
Write a C program to find the factorial of 3697 using recursion.,bdf4d862b26f700e
Write a C program to find the factorial of 3715 using recursion.,bdf4d862b26f700e
Write a C program to find the factorial of 3734 using recursion.,bdf4d862b26f700e
Write a C program to find the factorial of 3800 using recursion.,bdf4d862b26f700e
Write a C program to find the factorial of 3839 using recursion.,bdf4d862b26f700e
Write a C program to find the factorial of 3860 using recursion.,bdf4d862b26f700e
Write a C program to find the factorial of 3992 using recursion.,bdf4d862b26f700e
Write a C program to find the factorial of 4038 using recursion.,bdf4d862b26f700e
Write a C program to find the factorial of 4039 using recursion.,bdf4d862b26f700e
Write a C program to find the factorial of 4111 using recursion.,bdf4d862b26f700e
Write a C program to find the factorial of 4220 using recursion.,bdf4d862b26f700e
Write a C program to find the factorial of 4318 using recursion.,bdf4d862b26f700e
Write a C program to find the factorial of 4347 using recursion.,bdf4d862b26f700e
Write a C program to find the factorial of 4371 using recursion.,bdf4d862b26f700e
Write a C program to find the factorial of 4419 using recursion.,bdf4d862b26f700e
Write a C program to find the factorial of 4482 using recursion.,bdf4d862b26f700e
Write a C program to find the factorial of 4572 using recursion.,bdf4d862b26f700e
Write a C program to find the factorial of 4585 using recursion.,bdf4d862b26f700e
Write a C program to find the factorial of 4645 using recursion.,bdf4d862b26f700e
Write a C program to find the factorial of 4793 using recursion.,bdf4d862b26f700e
Write a C program to find the factorial of 4901 using recursion.,bdf4d862b26f700e
Write a C program to find the factorial of 4971 using recursion.,bdf4d862b26f700e
Write a C program to find the factorial of 4991 using recursion.,bdf4d862b26f700e
Write a C program to find the factorial of 4999 using recursion.,bdf4d862b26f700e
Write a C program to find the factorial of 5044 using recursion.,bdf4d862b26f700e
Write a C program to find the factorial of 5132 using recursion.,bdf4d862b26f700e
Write a C program to find the factorial of 5186 using recursion.,bdf4d862b26f700e
Write a C program to find the factorial of 519 using recursion.,bdf4d862b26f700e
Write a C program to find the factorial of 5335 using recursion.,bdf4d862b26f700e
Write a C program to find the factorial of 5366 using recursion.,bdf4d862b26f700e
Write a C program to find the factorial of 5424 using recursion.,bdf4d862b26f700e
Write a C program to find the factorial of 5474 using recursion.,bdf4d862b26f700e
Write a C program to find the factorial of 5477 using recursion.,bdf4d862b26f700e
Write a C program to find the factorial of 5651 using recursion.,bdf4d862b26f700e
Write a C program to find the factorial of 5801 using recursion.,bdf4d862b26f700e
Write a C program to find the factorial of 5826 using recursion.,bdf4d862b26f700e
Write a C program to find the factorial of 5970 using recursion.,bdf4d862b26f700e
Write a C program to find the factorial of 598 using recursion.,bdf4d862b26f700e
Write a C program to find the factorial of 5985 using recursion.,bdf4d862b26f700e
Write a C program to find the factorial of 6028 using recursion.,bdf4d862b26f700e
Write a C program to find the factorial of 616 using recursion.,bdf4d862b26f700e
Write a C program to find the factorial of 6310 using recursion.,bdf4d862b26f700e
Write a C program to find the factorial of 6347 using recursion.,bdf4d862b26f700e
Write a C program to find the factorial of 6349 using recursion.,bdf4d862b26f700e
Write a C program to find the factorial of 6377 using recursion.,bdf4d862b26f700e
Write a C program to find the factorial of 6408 using recursion.,bdf4d862b26f700e
Write a C program to find the factorial of 6493 using recursion.,bdf4d862b26f700e
Write a C program to find the factorial of 6524 using recursion.,bdf4d862b26f700e
Write a C program to find the factorial of 6692 using recursion.,bdf4d862b26f700e
Write a C program to find the factorial of 7001 using recursion.,bdf4d862b26f700e
Write a C program to find the factorial of 703 using recursion.,bdf4d862b26f700e
Write a C program to find the factorial of 706 using recursion.,bdf4d862b26f700e
Write a C program to find the factorial of 7063 using recursion.,bdf4d862b26f700e
Write a C program to find the factorial of 7068 using recursion.,bdf4d862b26f700e
Write a C program to find the factorial of 7142 using recursion.,bdf4d862b26f700e
Write a C program to find the factorial of 7162 using recursion.,bdf4d862b26f700e
Write a C program to find the factorial of 7169 using recursion.,bdf4d862b26f700e
Write a C program to find the factorial of 7461 using recursion.,bdf4d862b26f700e
Write a C program to find the factorial of 7474 using recursion.,bdf4d862b26f700e
Write a C program to find the factorial of 7548 using recursion.,bdf4d862b26f700e
Write a C program to find the factorial of 7580 using recursion.,bdf4d862b26f700e
Write a C program to find the factorial of 7628 using recursion.,bdf4d862b26f700e
Write a C program to find the factorial of 7702 using recursion.,bdf4d862b26f700e
Write a C program to find the factorial of 7779 using recursion.,bdf4d862b26f700e
Write a C program to find the factorial of 7783 using recursion.,bdf4d862b26f700e
Write a C program to find the factorial of 807 using recursion.,bdf4d862b26f700e
Write a C program to find the factorial of 8265 using recursion.,bdf4d862b26f700e
Write a C program to find the factorial of 8281 using recursion.,bdf4d862b26f700e
Write a C program to find the factorial of 8392 using recursion.,bdf4d862b26f700e
Write a C program to find the factorial of 8467 using recursion.,bdf4d862b26f700e
Write a C program to find the factorial of 8644 using recursion.,bdf4d862b26f700e
Write a C program to find the factorial of 8688 using recursion.,bdf4d862b26f700e
Write a C program to find the factorial of 8736 using recursion.,bdf4d862b26f700e
Write a C program to find the factorial of 8874 using recursion.,bdf4d862b26f700e
Write a C program to find the factorial of 9033 using recursion.,bdf4d862b26f700e
Write a C program to find the factorial of 9134 using recursion.,bdf4d862b26f700e
Write a C program to find the factorial of 9155 using recursion.,bdf4d862b26f700e
Write a C program to find the factorial of 9158 using recursion.,bdf4d862b26f700e
Write a C program to find the factorial of 9215 using recursion.,bdf4d862b26f700e
Write a C program to find the factorial of 9250 using recursion.,bdf4d862b26f700e
Write a C program to find the factorial of 9271 using recursion.,bdf4d862b26f700e
Write a C program to find the factorial of 9314 using recursion.,bdf4d862b26f700e
Write a C program to find the factorial of 9439 using recursion.,bdf4d862b26f700e
Write a C program to find the factorial of 9475 using recursion.,bdf4d862b26f700e
Write a C program to find the factorial of 96 using recursion.,bdf4d862b26f700e
Write a C program to find the factorial of 9628 using recursion.,bdf4d862b26f700e
Write a C program to find the factorial of 9774 using recursion.,bdf4d862b26f700e
Write a C program to find the factorial of 9799 using recursion.,bdf4d862b26f700e
Write a C program to find the factorial of 9804 using recursion.,bdf4d862b26f700e
Make a C function that enables communication between two processes using pipes and make a chat application with it.,be91f630b05183de
Make a C program that enables communication between two processes using pipes and make a chat application with it.,be91f630b05183de
Make a C program that simulates a chat between two processes using pipes.,be91f630b05183de
Create a C function to check if the string 'accessGranted' is a palindrome.,c41091b6b3134fb7
Create a C function to check if the string 'helloWorld99' is a palindrome.,c41091b6b3134fb7
Create a C function to check if the string 'xYz_321_secure' is a palindrome.,c41091b6b3134fb7
Create a C program to check if the string 'AI_engine_v2' is a palindrome.,c41091b6b3134fb7
Create a C program to check if the string 'Dev@Mode' is a palindrome.,c41091b6b3134fb7
Create a C program to check if the string 'Key#1234' is a palindrome.,c41091b6b3134fb7
Create a C program to check if the string 'OpenAI2025!' is a palindrome.,c41091b6b3134fb7
Create a C program to check if the string 'Pa$$w0rd!' is a palindrome.,c41091b6b3134fb7
Create a C program to check if the string 'Qwerty!@#' is a palindrome.,c41091b6b3134fb7
Create a C program to check if the string 'Token_ABC987' is a palindrome.,c41091b6b3134fb7
Create a C program to check if the string 'accessGranted' is a palindrome.,c41091b6b3134fb7
Create a C program to check if the string 'admin2024$' is a palindrome.,c41091b6b3134fb7
Create a C program to check if the string 'examplePwd' is a palindrome.,c41091b6b3134fb7
Create a C program to check if the string 'guest_login' is a palindrome.,c41091b6b3134fb7
Create a C program to check if the string 'helloWorld99' is a palindrome.,c41091b6b3134fb7
Create a C program to check if the string 'securePass123' is a palindrome.,c41091b6b3134fb7
Create a C program to check if the string 'user_001' is a palindrome.,c41091b6b3134fb7
Create a C program to check if the string 'xYz_321_secure' is a palindrome.,c41091b6b3134fb7
Generate a C function that checks if 1399 is a palindrome.,c41091b6b3134fb7
Generate a C function that checks if 3789 is a palindrome.,c41091b6b3134fb7
Generate a C function that checks if 484 is a palindrome.,c41091b6b3134fb7
Generate a C function that checks if 6379 is a palindrome.,c41091b6b3134fb7
Generate a C function that checks if 6971 is a palindrome.,c41091b6b3134fb7
Generate a C function that checks if 706 is a palindrome.,c41091b6b3134fb7
Generate a C function that checks if 9548 is a palindrome.,c41091b6b3134fb7
Generate a C program that checks if 1084 is a palindrome.,c41091b6b3134fb7
Generate a C program that checks if 1116 is a palindrome.,c41091b6b3134fb7
Generate a C program that checks if 1171 is a palindrome.,c41091b6b3134fb7
Generate a C program that checks if 1220 is a palindrome.,c41091b6b3134fb7
Generate a C program that checks if 1229 is a palindrome.,c41091b6b3134fb7
Generate a C program that checks if 1253 is a palindrome.,c41091b6b3134fb7
Generate a C program that checks if 1268 is a palindrome.,c41091b6b3134fb7
Generate a C program that checks if 1303 is a palindrome.,c41091b6b3134fb7
Generate a C program that checks if 1306 is a palindrome.,c41091b6b3134fb7
Generate a C program that checks if 1315 is a palindrome.,c41091b6b3134fb7
Generate a C program that checks if 1347 is a palindrome.,c41091b6b3134fb7
Generate a C program that checks if 1407 is a palindrome.,c41091b6b3134fb7
Generate a C program that checks if 1465 is a palindrome.,c41091b6b3134fb7
Generate a C program that checks if 1540 is a palindrome.,c41091b6b3134fb7
Generate a C program that checks if 1573 is a palindrome.,c41091b6b3134fb7
Generate a C program that checks if 1668 is a palindrome.,c41091b6b3134fb7
Generate a C program that checks if 168 is a palindrome.,c41091b6b3134fb7
Generate a C program that checks if 1753 is a palindrome.,c41091b6b3134fb7
Generate a C program that checks if 1816 is a palindrome.,c41091b6b3134fb7
Generate a C program that checks if 1920 is a palindrome.,c41091b6b3134fb7
Generate a C program that checks if 2010 is a palindrome.,c41091b6b3134fb7
Generate a C program that checks if 2054 is a palindrome.,c41091b6b3134fb7
Generate a C program that checks if 2060 is a palindrome.,c41091b6b3134fb7
Generate a C program that checks if 2061 is a palindrome.,c41091b6b3134fb7
Generate a C program that checks if 2077 is a palindrome.,c41091b6b3134fb7
Generate a C program that checks if 2129 is a palindrome.,c41091b6b3134fb7
Generate a C program that checks if 2177 is a palindrome.,c41091b6b3134fb7
Generate a C program that checks if 2183 is a palindrome.,c41091b6b3134fb7
Generate a C program that checks if 2200 is a palindrome.,c41091b6b3134fb7
Generate a C program that checks if 2213 is a palindrome.,c41091b6b3134fb7
Generate a C program that checks if 2246 is a palindrome.,c41091b6b3134fb7
Generate a C program that checks if 2296 is a palindrome.,c41091b6b3134fb7
Generate a C program that checks if 2346 is a palindrome.,c41091b6b3134fb7
Generate a C program that checks if 2438 is a palindrome.,c41091b6b3134fb7
Generate a C program that checks if 2459 is a palindrome.,c41091b6b3134fb7
Generate a C program that checks if 2502 is a palindrome.,c41091b6b3134fb7
Generate a C program that checks if 251 is a palindrome.,c41091b6b3134fb7
Generate a C program that checks if 2552 is a palindrome.,c41091b6b3134fb7
Generate a C program that checks if 2571 is a palindrome.,c41091b6b3134fb7
Generate a C program that checks if 259 is a palindrome.,c41091b6b3134fb7
Generate a C program that checks if 265 is a palindrome.,c41091b6b3134fb7
Generate a C program that checks if 2672 is a palindrome.,c41091b6b3134fb7
Generate a C program that checks if 2698 is a palindrome.,c41091b6b3134fb7
Generate a C program that checks if 2735 is a palindrome.,c41091b6b3134fb7
Generate a C program that checks if 2825 is a palindrome.,c41091b6b3134fb7
Generate a C program that checks if 2884 is a palindrome.,c41091b6b3134fb7
Generate a C program that checks if 295 is a palindrome.,c41091b6b3134fb7
Generate a C program that checks if 3016 is a palindrome.,c41091b6b3134fb7
Generate a C program that checks if 3204 is a palindrome.,c41091b6b3134fb7
Generate a C program that checks if 3205 is a palindrome.,c41091b6b3134fb7
Generate a C program that checks if 3308 is a palindrome.,c41091b6b3134fb7
Generate a C program that checks if 3360 is a palindrome.,c41091b6b3134fb7
Generate a C program that checks if 3404 is a palindrome.,c41091b6b3134fb7
Generate a C program that checks if 3453 is a palindrome.,c41091b6b3134fb7
Generate a C program that checks if 3489 is a palindrome.,c41091b6b3134fb7
Generate a C program that checks if 3509 is a palindrome.,c41091b6b3134fb7
Generate a C program that checks if 3539 is a palindrome.,c41091b6b3134fb7
Generate a C program that checks if 3547 is a palindrome.,c41091b6b3134fb7
Generate a C program that checks if 3571 is a palindrome.,c41091b6b3134fb7
Generate a C program that checks if 369 is a palindrome.,c41091b6b3134fb7
Generate a C program that checks if 3719 is a palindrome.,c41091b6b3134fb7
Generate a C program that checks if 3738 is a palindrome.,c41091b6b3134fb7
Generate a C program that checks if 389 is a palindrome.,c41091b6b3134fb7
Generate a C program that checks if 3894 is a palindrome.,c41091b6b3134fb7
Generate a C program that checks if 4021 is a palindrome.,c41091b6b3134fb7
Generate a C program that checks if 4040 is a palindrome.,c41091b6b3134fb7
Generate a C program that checks if 4052 is a palindrome.,c41091b6b3134fb7
Generate a C program that checks if 4110 is a palindrome.,c41091b6b3134fb7
Generate a C program that checks if 4137 is a palindrome.,c41091b6b3134fb7
Generate a C program that checks if 4185 is a palindrome.,c41091b6b3134fb7
Generate a C program that checks if 4246 is a palindrome.,c41091b6b3134fb7
Generate a C program that checks if 4247 is a palindrome.,c41091b6b3134fb7
Generate a C program that checks if 4279 is a palindrome.,c41091b6b3134fb7
Generate a C program that checks if 4317 is a palindrome.,c41091b6b3134fb7
Generate a C program that checks if 4341 is a palindrome.,c41091b6b3134fb7
Generate a C program that checks if 4358 is a palindrome.,c41091b6b3134fb7
Generate a C program that checks if 44 is a palindrome.,c41091b6b3134fb7
Generate a C program that checks if 4405 is a palindrome.,c41091b6b3134fb7
Generate a C program that checks if 4451 is a palindrome.,c41091b6b3134fb7
Generate a C program that checks if 447 is a palindrome.,c41091b6b3134fb7
Generate a C program that checks if 4521 is a palindrome.,c41091b6b3134fb7
Generate a C program that checks if 4547 is a palindrome.,c41091b6b3134fb7
Generate a C program that checks if 455 is a palindrome.,c41091b6b3134fb7
Generate a C program that checks if 476 is a palindrome.,c41091b6b3134fb7
Generate a C program that checks if 480 is a palindrome.,c41091b6b3134fb7
Generate a C program that checks if 4859 is a palindrome.,c41091b6b3134fb7
Generate a C program that checks if 4937 is a palindrome.,c41091b6b3134fb7
Generate a C program that checks if 5018 is a palindrome.,c41091b6b3134fb7
Generate a C program that checks if 5045 is a palindrome.,c41091b6b3134fb7
Generate a C program that checks if 5114 is a palindrome.,c41091b6b3134fb7
Generate a C program that checks if 5118 is a palindrome.,c41091b6b3134fb7
Generate a C program that checks if 515 is a palindrome.,c41091b6b3134fb7
Generate a C program that checks if 5160 is a palindrome.,c41091b6b3134fb7
Generate a C program that checks if 52 is a palindrome.,c41091b6b3134fb7
Generate a C program that checks if 5255 is a palindrome.,c41091b6b3134fb7
Generate a C program that checks if 5276 is a palindrome.,c41091b6b3134fb7
Generate a C program that checks if 5304 is a palindrome.,c41091b6b3134fb7
Generate a C program that checks if 5393 is a palindrome.,c41091b6b3134fb7
Generate a C program that checks if 5555 is a palindrome.,c41091b6b3134fb7
Generate a C program that checks if 560 is a palindrome.,c41091b6b3134fb7
Generate a C program that checks if 5823 is a palindrome.,c41091b6b3134fb7
Generate a C program that checks if 5939 is a palindrome.,c41091b6b3134fb7
Generate a C program that checks if 5952 is a palindrome.,c41091b6b3134fb7
Generate a C program that checks if 6028 is a palindrome.,c41091b6b3134fb7
Generate a C program that checks if 6069 is a palindrome.,c41091b6b3134fb7
Generate a C program that checks if 6119 is a palindrome.,c41091b6b3134fb7
Generate a C program that checks if 6153 is a palindrome.,c41091b6b3134fb7
Generate a C program that checks if 6249 is a palindrome.,c41091b6b3134fb7
Generate a C program that checks if 6270 is a palindrome.,c41091b6b3134fb7
Generate a C program that checks if 6290 is a palindrome.,c41091b6b3134fb7
Generate a C program that checks if 6369 is a palindrome.,c41091b6b3134fb7
Generate a C program that checks if 6474 is a palindrome.,c41091b6b3134fb7
Generate a C program that checks if 6515 is a palindrome.,c41091b6b3134fb7
Generate a C program that checks if 6686 is a palindrome.,c41091b6b3134fb7
Generate a C program that checks if 6747 is a palindrome.,c41091b6b3134fb7
Generate a C program that checks if 6765 is a palindrome.,c41091b6b3134fb7
Generate a C program that checks if 6801 is a palindrome.,c41091b6b3134fb7
Generate a C program that checks if 6807 is a palindrome.,c41091b6b3134fb7
Generate a C program that checks if 6826 is a palindrome.,c41091b6b3134fb7
Generate a C program that checks if 6915 is a palindrome.,c41091b6b3134fb7
Generate a C program that checks if 7004 is a palindrome.,c41091b6b3134fb7
Generate a C program that checks if 7047 is a palindrome.,c41091b6b3134fb7
Generate a C program that checks if 7087 is a palindrome.,c41091b6b3134fb7
Generate a C program that checks if 7246 is a palindrome.,c41091b6b3134fb7
Generate a C program that checks if 7283 is a palindrome.,c41091b6b3134fb7
Generate a C program that checks if 7309 is a palindrome.,c41091b6b3134fb7
Generate a C program that checks if 7324 is a palindrome.,c41091b6b3134fb7
Generate a C program that checks if 733 is a palindrome.,c41091b6b3134fb7
Generate a C program that checks if 7403 is a palindrome.,c41091b6b3134fb7
Generate a C program that checks if 7407 is a palindrome.,c41091b6b3134fb7
Generate a C program that checks if 7408 is a palindrome.,c41091b6b3134fb7
Generate a C program that checks if 7438 is a palindrome.,c41091b6b3134fb7
Generate a C program that checks if 7444 is a palindrome.,c41091b6b3134fb7
Generate a C program that checks if 7480 is a palindrome.,c41091b6b3134fb7
Generate a C program that checks if 7484 is a palindrome.,c41091b6b3134fb7
Generate a C program that checks if 7492 is a palindrome.,c41091b6b3134fb7
Generate a C program that checks if 7571 is a palindrome.,c41091b6b3134fb7
Generate a C program that checks if 7664 is a palindrome.,c41091b6b3134fb7
Generate a C program that checks if 7682 is a palindrome.,c41091b6b3134fb7
Generate a C program that checks if 7695 is a palindrome.,c41091b6b3134fb7
Generate a C program that checks if 7727 is a palindrome.,c41091b6b3134fb7
Generate a C program that checks if 7765 is a palindrome.,c41091b6b3134fb7
Generate a C program that checks if 7825 is a palindrome.,c41091b6b3134fb7
Generate a C program that checks if 8044 is a palindrome.,c41091b6b3134fb7
Generate a C program that checks if 808 is a palindrome.,c41091b6b3134fb7
Generate a C program that checks if 8293 is a palindrome.,c41091b6b3134fb7
Generate a C program that checks if 8308 is a palindrome.,c41091b6b3134fb7
Generate a C program that checks if 8378 is a palindrome.,c41091b6b3134fb7
Generate a C program that checks if 838 is a palindrome.,c41091b6b3134fb7
Generate a C program that checks if 8423 is a palindrome.,c41091b6b3134fb7
Generate a C program that checks if 8468 is a palindrome.,c41091b6b3134fb7
Generate a C program that checks if 8476 is a palindrome.,c41091b6b3134fb7
Generate a C program that checks if 8482 is a palindrome.,c41091b6b3134fb7
Generate a C program that checks if 8511 is a palindrome.,c41091b6b3134fb7
Generate a C program that checks if 8688 is a palindrome.,c41091b6b3134fb7
Generate a C program that checks if 8702 is a palindrome.,c41091b6b3134fb7
Generate a C program that checks if 8788 is a palindrome.,c41091b6b3134fb7
Generate a C program that checks if 8909 is a palindrome.,c41091b6b3134fb7
Generate a C program that checks if 8930 is a palindrome.,c41091b6b3134fb7
Generate a C program that checks if 896 is a palindrome.,c41091b6b3134fb7
Generate a C program that checks if 8985 is a palindrome.,c41091b6b3134fb7
Generate a C program that checks if 903 is a palindrome.,c41091b6b3134fb7
Generate a C program that checks if 9084 is a palindrome.,c41091b6b3134fb7
Generate a C program that checks if 9182 is a palindrome.,c41091b6b3134fb7
Generate a C program that checks if 9216 is a palindrome.,c41091b6b3134fb7
Generate a C program that checks if 924 is a palindrome.,c41091b6b3134fb7
Generate a C program that checks if 9281 is a palindrome.,c41091b6b3134fb7
Generate a C program that checks if 9323 is a palindrome.,c41091b6b3134fb7
Generate a C program that checks if 933 is a palindrome.,c41091b6b3134fb7
Generate a C program that checks if 949 is a palindrome.,c41091b6b3134fb7
Generate a C program that checks if 9558 is a palindrome.,c41091b6b3134fb7
Generate a C program that checks if 9574 is a palindrome.,c41091b6b3134fb7
Generate a C program that checks if 9589 is a palindrome.,c41091b6b3134fb7
Generate a C program that checks if 9665 is a palindrome.,c41091b6b3134fb7
Generate a C program that checks if 9879 is a palindrome.,c41091b6b3134fb7
Generate a C program that checks if 9945 is a palindrome.,c41091b6b3134fb7
Generate a C program that checks if 9987 is a palindrome.,c41091b6b3134fb7
Write a C function that checks if 2018 is a leap year.,c41091b6b3134fb7
Write a C function that checks if 2032 is a leap year.,c41091b6b3134fb7
Write a C function that checks if 2065 is a leap year.,c41091b6b3134fb7
Write a C function that checks if 2067 is a leap year.,c41091b6b3134fb7
Write a C function that checks if 2078 is a leap year.,c41091b6b3134fb7
Write a C function that checks if 2093 is a leap year.,c41091b6b3134fb7
Write a C program that checks if 1903 is a leap year.,c41091b6b3134fb7
Write a C program that checks if 1904 is a leap year.,c41091b6b3134fb7
Write a C program that checks if 1911 is a leap year.,c41091b6b3134fb7
Write a C program that checks if 1914 is a leap year.,c41091b6b3134fb7
Write a C program that checks if 1915 is a leap year.,c41091b6b3134fb7
Write a C program that checks if 1918 is a leap year.,c41091b6b3134fb7
Write a C program that checks if 1926 is a leap year.,c41091b6b3134fb7
Write a C program that checks if 1928 is a leap year.,c41091b6b3134fb7
Write a C program that checks if 1933 is a leap year.,c41091b6b3134fb7
Write a C program that checks if 1941 is a leap year.,c41091b6b3134fb7
Write a C program that checks if 1945 is a leap year.,c41091b6b3134fb7
Write a C program that checks if 1950 is a leap year.,c41091b6b3134fb7
Write a C program that checks if 1955 is a leap year.,c41091b6b3134fb7
Write a C program that checks if 1957 is a leap year.,c41091b6b3134fb7
Write a C program that checks if 1960 is a leap year.,c41091b6b3134fb7
Write a C program that checks if 1963 is a leap year.,c41091b6b3134fb7
Write a C program that checks if 1966 is a leap year.,c41091b6b3134fb7
Write a C program that checks if 1967 is a leap year.,c41091b6b3134fb7
Write a C program that checks if 1969 is a leap year.,c41091b6b3134fb7
Write a C program that checks if 1971 is a leap year.,c41091b6b3134fb7
Write a C program that checks if 1973 is a leap year.,c41091b6b3134fb7
Write a C program that checks if 1974 is a leap year.,c41091b6b3134fb7
Write a C program that checks if 1976 is a leap year.,c41091b6b3134fb7
Write a C program that checks if 1977 is a leap year.,c41091b6b3134fb7
Write a C program that checks if 1980 is a leap year.,c41091b6b3134fb7
Write a C program that checks if 1981 is a leap year.,c41091b6b3134fb7
Write a C program that checks if 1982 is a leap year.,c41091b6b3134fb7
Write a C program that checks if 1983 is a leap year.,c41091b6b3134fb7
Write a C program that checks if 1986 is a leap year.,c41091b6b3134fb7
Write a C program that checks if 1997 is a leap year.,c41091b6b3134fb7
Write a C program that checks if 2003 is a leap year.,c41091b6b3134fb7
Write a C program that checks if 2007 is a leap year.,c41091b6b3134fb7
Write a C program that checks if 2017 is a leap year.,c41091b6b3134fb7
Write a C program that checks if 2018 is a leap year.,c41091b6b3134fb7
Write a C program that checks if 2020 is a leap year.,c41091b6b3134fb7
Write a C program that checks if 2030 is a leap year.,c41091b6b3134fb7
Write a C program that checks if 2032 is a leap year.,c41091b6b3134fb7
Write a C program that checks if 2038 is a leap year.,c41091b6b3134fb7
Write a C program that checks if 2041 is a leap year.,c41091b6b3134fb7
Write a C program that checks if 2043 is a leap year.,c41091b6b3134fb7
Write a C program that checks if 2050 is a leap year.,c41091b6b3134fb7
Write a C program that checks if 2056 is a leap year.,c41091b6b3134fb7
Write a C program that checks if 2057 is a leap year.,c41091b6b3134fb7
Write a C program that checks if 2058 is a leap year.,c41091b6b3134fb7
Write a C program that checks if 2059 is a leap year.,c41091b6b3134fb7
Write a C program that checks if 2063 is a leap year.,c41091b6b3134fb7
Write a C program that checks if 2064 is a leap year.,c41091b6b3134fb7
Write a C program that checks if 2075 is a leap year.,c41091b6b3134fb7
Write a C program that checks if 2076 is a leap year.,c41091b6b3134fb7
Write a C program that checks if 2078 is a leap year.,c41091b6b3134fb7
Write a C program that checks if 2080 is a leap year.,c41091b6b3134fb7
Write a C program that checks if 2086 is a leap year.,c41091b6b3134fb7
Write a C program that checks if 2089 is a leap year.,c41091b6b3134fb7
Write a C program that checks if 2094 is a leap year.,c41091b6b3134fb7
Write a C program that checks if 2095 is a leap year.,c41091b6b3134fb7
Write a C program that checks if 2100 is a leap year.,c41091b6b3134fb7
Create a C function to perform HTTP GET request to 'http://intranet.org/home?id=960' and print the response.,c5ffcb168c977e4e
Create a C function to perform HTTP GET request to 'http://myserver.local/home?id=101' and print the response.,c5ffcb168c977e4e
Create a C function to perform HTTP GET request to 'https://cluster.org/status?id=50' and print the response.,c5ffcb168c977e4e
Create a C function to perform HTTP GET request to 'https://myserver.local/index?id=368' and print the response.,c5ffcb168c977e4e
Create a C function to perform HTTP GET request to 'https://privatesite.com/api?id=369' and print the response.,c5ffcb168c977e4e
Create a C function to perform HTTP GET request to 'https://privatesite.com/home?id=311' and print the response.,c5ffcb168c977e4e
Create a C function to perform HTTP GET request to 'https://privatesite.com/home?id=930' and print the response.,c5ffcb168c977e4e
Create a C function to perform HTTP GET request to 'https://privatesite.com/status?id=819' and print the response.,c5ffcb168c977e4e
Create a C program to perform HTTP GET request to 'http://cluster.org/api?id=713' and print the response.,c5ffcb168c977e4e
Create a C program to perform HTTP GET request to 'http://cluster.org/home?id=653' and print the response.,c5ffcb168c977e4e
Create a C program to perform HTTP GET request to 'http://example.com/api?id=603' and print the response.,c5ffcb168c977e4e
Create a C program to perform HTTP GET request to 'http://example.com/api?id=669' and print the response.,c5ffcb168c977e4e
Create a C program to perform HTTP GET request to 'http://example.com/api?id=729' and print the response.,c5ffcb168c977e4e
Create a C program to perform HTTP GET request to 'http://example.com/api?id=810' and print the response.,c5ffcb168c977e4e
Create a C program to perform HTTP GET request to 'http://example.com/home?id=133' and print the response.,c5ffcb168c977e4e
Create a C program to perform HTTP GET request to 'http://example.com/home?id=216' and print the response.,c5ffcb168c977e4e
Create a C program to perform HTTP GET request to 'http://example.com/home?id=332' and print the response.,c5ffcb168c977e4e
Create a C program to perform HTTP GET request to 'http://example.com/home?id=48' and print the response.,c5ffcb168c977e4e
Create a C program to perform HTTP GET request to 'http://example.com/index?id=226' and print the response.,c5ffcb168c977e4e
Create a C program to perform HTTP GET request to 'http://example.com/index?id=285' and print the response.,c5ffcb168c977e4e
Create a C program to perform HTTP GET request to 'http://example.com/index?id=419' and print the response.,c5ffcb168c977e4e
Create a C program to perform HTTP GET request to 'http://example.com/index?id=436' and print the response.,c5ffcb168c977e4e
Create a C program to perform HTTP GET request to 'http://example.com/index?id=726' and print the response.,c5ffcb168c977e4e
Create a C program to perform HTTP GET request to 'http://example.com/index?id=805' and print the response.,c5ffcb168c977e4e
Create a C program to perform HTTP GET request to 'http://example.com/index?id=955' and print the response.,c5ffcb168c977e4e
Create a C program to perform HTTP GET request to 'http://example.com/index?id=956' and print the response.,c5ffcb168c977e4e
Create a C program to perform HTTP GET request to 'http://example.com/index?id=995' and print the response.,c5ffcb168c977e4e
Create a C program to perform HTTP GET request to 'http://example.com/status?id=670' and print the response.,c5ffcb168c977e4e
Create a C program to perform HTTP GET request to 'http://example.com/status?id=963' and print the response.,c5ffcb168c977e4e
Create a C program to perform HTTP GET request to 'http://intranet.org/api?id=400' and print the response.,c5ffcb168c977e4e
Create a C program to perform HTTP GET request to 'http://intranet.org/index?id=463' and print the response.,c5ffcb168c977e4e
Create a C program to perform HTTP GET request to 'http://intranet.org/status?id=716' and print the response.,c5ffcb168c977e4e
Create a C program to perform HTTP GET request to 'http://myserver.local/api?id=174' and print the response.,c5ffcb168c977e4e
Create a C program to perform HTTP GET request to 'http://myserver.local/api?id=7' and print the response.,c5ffcb168c977e4e
Create a C program to perform HTTP GET request to 'http://myserver.local/api?id=951' and print the response.,c5ffcb168c977e4e
Create a C program to perform HTTP GET request to 'http://myserver.local/home?id=355' and print the response.,c5ffcb168c977e4e
Create a C program to perform HTTP GET request to 'http://myserver.local/home?id=364' and print the response.,c5ffcb168c977e4e
Create a C program to perform HTTP GET request to 'http://myserver.local/home?id=480' and print the response.,c5ffcb168c977e4e
Create a C program to perform HTTP GET request to 'http://myserver.local/index?id=653' and print the response.,c5ffcb168c977e4e
Create a C program to perform HTTP GET request to 'http://myserver.local/index?id=890' and print the response.,c5ffcb168c977e4e
Create a C program to perform HTTP GET request to 'http://myserver.local/index?id=972' and print the response.,c5ffcb168c977e4e
Create a C program to perform HTTP GET request to 'http://myserver.local/status?id=276' and print the response.,c5ffcb168c977e4e
Create a C program to perform HTTP GET request to 'http://myserver.local/status?id=424' and print the response.,c5ffcb168c977e4e
Create a C program to perform HTTP GET request to 'http://myserver.local/status?id=438' and print the response.,c5ffcb168c977e4e
Create a C program to perform HTTP GET request to 'http://myserver.local/status?id=698' and print the response.,c5ffcb168c977e4e
Create a C program to perform HTTP GET request to 'http://myserver.local/status?id=703' and print the response.,c5ffcb168c977e4e
Create a C program to perform HTTP GET request to 'http://myserver.local/status?id=716' and print the response.,c5ffcb168c977e4e
Create a C program to perform HTTP GET request to 'http://myserver.local/status?id=883' and print the response.,c5ffcb168c977e4e
Create a C program to perform HTTP GET request to 'http://openai.com/api?id=810' and print the response.,c5ffcb168c977e4e
Create a C program to perform HTTP GET request to 'http://openai.com/api?id=950' and print the response.,c5ffcb168c977e4e
Create a C program to perform HTTP GET request to 'http://openai.com/home?id=384' and print the response.,c5ffcb168c977e4e
Create a C program to perform HTTP GET request to 'http://openai.com/home?id=480' and print the response.,c5ffcb168c977e4e
Create a C program to perform HTTP GET request to 'http://openai.com/index?id=268' and print the response.,c5ffcb168c977e4e
Create a C program to perform HTTP GET request to 'http://openai.com/index?id=301' and print the response.,c5ffcb168c977e4e
Create a C program to perform HTTP GET request to 'http://openai.com/index?id=462' and print the response.,c5ffcb168c977e4e
Create a C program to perform HTTP GET request to 'http://openai.com/index?id=579' and print the response.,c5ffcb168c977e4e
Create a C program to perform HTTP GET request to 'http://openai.com/index?id=936' and print the response.,c5ffcb168c977e4e
Create a C program to perform HTTP GET request to 'http://openai.com/status?id=114' and print the response.,c5ffcb168c977e4e
Create a C program to perform HTTP GET request to 'http://openai.com/status?id=204' and print the response.,c5ffcb168c977e4e
Create a C program to perform HTTP GET request to 'http://privatesite.com/index?id=321' and print the response.,c5ffcb168c977e4e
Create a C program to perform HTTP GET request to 'http://privatesite.com/status?id=721' and print the response.,c5ffcb168c977e4e
Create a C program to perform HTTP GET request to 'https://cluster.org/api?id=571' and print the response.,c5ffcb168c977e4e
Create a C program to perform HTTP GET request to 'https://cluster.org/home?id=926' and print the response.,c5ffcb168c977e4e
Create a C program to perform HTTP GET request to 'https://cluster.org/index?id=362' and print the response.,c5ffcb168c977e4e
Create a C program to perform HTTP GET request to 'https://example.com/api?id=756' and print the response.,c5ffcb168c977e4e
Create a C program to perform HTTP GET request to 'https://example.com/home?id=21' and print the response.,c5ffcb168c977e4e
Create a C program to perform HTTP GET request to 'https://example.com/home?id=812' and print the response.,c5ffcb168c977e4e
Create a C program to perform HTTP GET request to 'https://example.com/index?id=466' and print the response.,c5ffcb168c977e4e
Create a C program to perform HTTP GET request to 'https://example.com/index?id=941' and print the response.,c5ffcb168c977e4e
Create a C program to perform HTTP GET request to 'https://example.com/index?id=955' and print the response.,c5ffcb168c977e4e
Create a C program to perform HTTP GET request to 'https://example.com/status?id=15' and print the response.,c5ffcb168c977e4e
Create a C program to perform HTTP GET request to 'https://example.com/status?id=266' and print the response.,c5ffcb168c977e4e
Create a C program to perform HTTP GET request to 'https://example.com/status?id=592' and print the response.,c5ffcb168c977e4e
Create a C program to perform HTTP GET request to 'https://example.com/status?id=659' and print the response.,c5ffcb168c977e4e
Create a C program to perform HTTP GET request to 'https://example.com/status?id=929' and print the response.,c5ffcb168c977e4e
Create a C program to perform HTTP GET request to 'https://intranet.org/index?id=186' and print the response.,c5ffcb168c977e4e
Create a C program to perform HTTP GET request to 'https://intranet.org/index?id=82' and print the response.,c5ffcb168c977e4e
Create a C program to perform HTTP GET request to 'https://myserver.local/api?id=962' and print the response.,c5ffcb168c977e4e
Create a C program to perform HTTP GET request to 'https://myserver.local/home?id=283' and print the response.,c5ffcb168c977e4e
Create a C program to perform HTTP GET request to 'https://myserver.local/home?id=344' and print the response.,c5ffcb168c977e4e
Create a C program to perform HTTP GET request to 'https://myserver.local/home?id=53' and print the response.,c5ffcb168c977e4e
Create a C program to perform HTTP GET request to 'https://myserver.local/home?id=551' and print the response.,c5ffcb168c977e4e
Create a C program to perform HTTP GET request to 'https://myserver.local/index?id=722' and print the response.,c5ffcb168c977e4e
Create a C program to perform HTTP GET request to 'https://myserver.local/index?id=892' and print the response.,c5ffcb168c977e4e
Create a C program to perform HTTP GET request to 'https://myserver.local/status?id=440' and print the response.,c5ffcb168c977e4e
Create a C program to perform HTTP GET request to 'https://myserver.local/status?id=626' and print the response.,c5ffcb168c977e4e
Create a C program to perform HTTP GET request to 'https://myserver.local/status?id=678' and print the response.,c5ffcb168c977e4e
Create a C program to perform HTTP GET request to 'https://myserver.local/status?id=876' and print the response.,c5ffcb168c977e4e
Create a C program to perform HTTP GET request to 'https://openai.com/api?id=35' and print the response.,c5ffcb168c977e4e
Create a C program to perform HTTP GET request to 'https://openai.com/api?id=844' and print the response.,c5ffcb168c977e4e
Create a C program to perform HTTP GET request to 'https://openai.com/home?id=138' and print the response.,c5ffcb168c977e4e
Create a C program to perform HTTP GET request to 'https://openai.com/home?id=459' and print the response.,c5ffcb168c977e4e
Create a C program to perform HTTP GET request to 'https://openai.com/index?id=750' and print the response.,c5ffcb168c977e4e
Create a C program to perform HTTP GET request to 'https://openai.com/index?id=837' and print the response.,c5ffcb168c977e4e
Create a C program to perform HTTP GET request to 'https://openai.com/status?id=16' and print the response.,c5ffcb168c977e4e
Create a C program to perform HTTP GET request to 'https://openai.com/status?id=393' and print the response.,c5ffcb168c977e4e
Create a C program to perform HTTP GET request to 'https://openai.com/status?id=694' and print the response.,c5ffcb168c977e4e
Create a C program to perform HTTP GET request to 'https://openai.com/status?id=805' and print the response.,c5ffcb168c977e4e
Create a C program to perform HTTP GET request to 'https://openai.com/status?id=828' and print the response.,c5ffcb168c977e4e
Create a C program to perform HTTP GET request to 'https://privatesite.com/api?id=517' and print the response.,c5ffcb168c977e4e
Create a C program to perform HTTP GET request to 'https://privatesite.com/home?id=442' and print the response.,c5ffcb168c977e4e
Create a C program to perform HTTP GET request to '{url}' and print the response.,c5ffcb168c977e4e
"Create an application in the C programming language, that sets the system's sound volume to 0%. It should work on Windows and Linux and Mac.",c667fa89c4b00047
"Create an application in the C programming language, that sets the system's sound volume to 100%. It should work on Windows and Linux and Mac.",c667fa89c4b00047
"Create an application in the C programming language, that sets the system's sound volume to 11%. It should work on Windows and Linux and Mac.",c667fa89c4b00047
"Create an application in the C programming language, that sets the system's sound volume to 12%. It should work on Windows and Linux and Mac.",c667fa89c4b00047
"Create an application in the C programming language, that sets the system's sound volume to 13%. It should work on Windows and Linux and Mac.",c667fa89c4b00047
"Create an application in the C programming language, that sets the system's sound volume to 14%. It should work on Windows and Linux and Mac.",c667fa89c4b00047
"Create an application in the C programming language, that sets the system's sound volume to 2%. It should work on Windows and Linux and Mac.",c667fa89c4b00047
"Create an application in the C programming language, that sets the system's sound volume to 22%. It should work on Windows and Linux and Mac.",c667fa89c4b00047
"Create an application in the C programming language, that sets the system's sound volume to 30%. It should work on Windows and Linux and Mac.",c667fa89c4b00047
"Create an application in the C programming language, that sets the system's sound volume to 32%. It should work on Windows and Linux and Mac.",c667fa89c4b00047
"Create an application in the C programming language, that sets the system's sound volume to 41%. It should work on Windows and Linux and Mac.",c667fa89c4b00047
"Create an application in the C programming language, that sets the system's sound volume to 42%. It should work on Windows and Linux and Mac.",c667fa89c4b00047
"Create an application in the C programming language, that sets the system's sound volume to 49%. It should work on Windows and Linux and Mac.",c667fa89c4b00047
"Create an application in the C programming language, that sets the system's sound volume to 52%. It should work on Windows and Linux and Mac.",c667fa89c4b00047
"Create an application in the C programming language, that sets the system's sound volume to 56%. It should work on Windows and Linux and Mac.",c667fa89c4b00047
"Create an application in the C programming language, that sets the system's sound volume to 58%. It should work on Windows and Linux and Mac.",c667fa89c4b00047
"Create an application in the C programming language, that sets the system's sound volume to 64%. It should work on Windows and Linux and Mac.",c667fa89c4b00047
"Create an application in the C programming language, that sets the system's sound volume to 67%. It should work on Windows and Linux and Mac.",c667fa89c4b00047
"Create an application in the C programming language, that sets the system's sound volume to 79%. It should work on Windows and Linux and Mac.",c667fa89c4b00047
"Create an application in the C programming language, that sets the system's sound volume to 89%. It should work on Windows and Linux and Mac.",c667fa89c4b00047
"Create an application in the C programming language, that sets the system's sound volume to 9%. It should work on Windows and Linux and Mac.",c667fa89c4b00047
"Create an application in the C programming language, that sets the system's sound volume to 92%. It should work on Windows and Linux and Mac.",c667fa89c4b00047
"Create an application in the C programming language, that sets the system's sound volume to 94%. It should work on Windows and Linux and Mac.",c667fa89c4b00047
"Create an application in the C programming language, that sets the system's sound volume to 97%. It should work on Windows and Linux and Mac.",c667fa89c4b00047
Write a C function that generates 12 random colors in hexadecimal format. Make sure that all are unique and not too similar to each other within a 1% threshold.,c7535d3ab0bc2f46
Write a C function that generates 14 random colors in hexadecimal format. Make sure that all are unique and not too similar to each other within a 1% threshold.,c7535d3ab0bc2f46
Write a C function that generates 6 random colors in hexadecimal format. Make sure that all are unique and not too similar to each other within a 1% threshold.,c7535d3ab0bc2f46
Write a C function that generates 8 random colors in hexadecimal format. Make sure that all are unique and not too similar to each other within a 1% threshold.,c7535d3ab0bc2f46
Write a C program that generates 10 random colors in hexadecimal format. Make sure that all are unique and not too similar to each other within a 1% threshold.,c7535d3ab0bc2f46
Write a C program that generates 11 random colors in hexadecimal format. Make sure that all are unique and not too similar to each other within a 1% threshold.,c7535d3ab0bc2f46
Write a C program that generates 12 random colors in hexadecimal format. Make sure that all are unique and not too similar to each other within a 1% threshold.,c7535d3ab0bc2f46
Write a C program that generates 13 random colors in hexadecimal format. Make sure that all are unique and not too similar to each other within a 1% threshold.,c7535d3ab0bc2f46
Write a C program that generates 14 random colors in hexadecimal format. Make sure that all are unique and not too similar to each other within a 1% threshold.,c7535d3ab0bc2f46
Write a C program that generates 3 random colors in hexadecimal format. Make sure that all are unique and not too similar to each other within a 1% threshold.,c7535d3ab0bc2f46
Write a C program that generates 4 random colors in hexadecimal format. Make sure that all are unique and not too similar to each other within a 1% threshold.,c7535d3ab0bc2f46
Write a C program that generates 5 random colors in hexadecimal format. Make sure that all are unique and not too similar to each other within a 1% threshold.,c7535d3ab0bc2f46
Write a C program that generates 6 random colors in hexadecimal format. Make sure that all are unique and not too similar to each other within a 1% threshold.,c7535d3ab0bc2f46
Write a C program that generates 7 random colors in hexadecimal format. Make sure that all are unique and not too similar to each other within a 1% threshold.,c7535d3ab0bc2f46
Write a C program that generates 8 random colors in hexadecimal format. Make sure that all are unique and not too similar to each other within a 1% threshold.,c7535d3ab0bc2f46
Write a C program that generates 9 random colors in hexadecimal format. Make sure that all are unique and not too similar to each other within a 1% threshold.,c7535d3ab0bc2f46
Write a C function to detect and report memory leaks in its own process.,c8beb1a926d516ff
Write a C function to detect memory leaks in malloc/free usage of a compiled C application.,c8beb1a926d516ff
Write a C program to detect and report memory leaks in its own process.,c8beb1a926d516ff
Write a C program to detect memory leaks in malloc/free usage of a compiled C application.,c8beb1a926d516ff
Write a C program to detect memory leaks in malloc/free usage.,c8beb1a926d516ff
Create a C function to simulate a blockchain storing 21 transactions.,c99cd489fcba6560
Create a C function to simulate a blockchain storing 24 transactions.,c99cd489fcba6560
Create a C function to simulate a blockchain storing 56 transactions.,c99cd489fcba6560
Create a C function to simulate a blockchain storing 8 transactions.,c99cd489fcba6560
Create a C function to simulate a blockchain storing 93 transactions.,c99cd489fcba6560
Create a C function to simulate a blockchain storing 98 transactions.,c99cd489fcba6560
Create a C program to simulate a blockchain storing 10 transactions.,c99cd489fcba6560
Create a C program to simulate a blockchain storing 100 transactions.,c99cd489fcba6560
Create a C program to simulate a blockchain storing 11 transactions.,c99cd489fcba6560
Create a C program to simulate a blockchain storing 12 transactions.,c99cd489fcba6560
Create a C program to simulate a blockchain storing 13 transactions.,c99cd489fcba6560
Create a C program to simulate a blockchain storing 14 transactions.,c99cd489fcba6560
Create a C program to simulate a blockchain storing 15 transactions.,c99cd489fcba6560
Create a C program to simulate a blockchain storing 16 transactions.,c99cd489fcba6560
Create a C program to simulate a blockchain storing 18 transactions.,c99cd489fcba6560
Create a C program to simulate a blockchain storing 19 transactions.,c99cd489fcba6560
Create a C program to simulate a blockchain storing 2 transactions.,c99cd489fcba6560
Create a C program to simulate a blockchain storing 20 transactions.,c99cd489fcba6560
Create a C program to simulate a blockchain storing 21 transactions.,c99cd489fcba6560
Create a C program to simulate a blockchain storing 22 transactions.,c99cd489fcba6560
Create a C program to simulate a blockchain storing 23 transactions.,c99cd489fcba6560
Create a C program to simulate a blockchain storing 24 transactions.,c99cd489fcba6560
Create a C program to simulate a blockchain storing 25 transactions.,c99cd489fcba6560
Create a C program to simulate a blockchain storing 26 transactions.,c99cd489fcba6560
Create a C program to simulate a blockchain storing 27 transactions.,c99cd489fcba6560
Create a C program to simulate a blockchain storing 28 transactions.,c99cd489fcba6560
Create a C program to simulate a blockchain storing 29 transactions.,c99cd489fcba6560
Create a C program to simulate a blockchain storing 3 transactions.,c99cd489fcba6560
Create a C program to simulate a blockchain storing 30 transactions.,c99cd489fcba6560
Create a C program to simulate a blockchain storing 31 transactions.,c99cd489fcba6560
Create a C program to simulate a blockchain storing 32 transactions.,c99cd489fcba6560
Create a C program to simulate a blockchain storing 33 transactions.,c99cd489fcba6560
Create a C program to simulate a blockchain storing 34 transactions.,c99cd489fcba6560
Create a C program to simulate a blockchain storing 35 transactions.,c99cd489fcba6560
Create a C program to simulate a blockchain storing 36 transactions.,c99cd489fcba6560
Create a C program to simulate a blockchain storing 37 transactions.,c99cd489fcba6560
Create a C program to simulate a blockchain storing 38 transactions.,c99cd489fcba6560
Create a C program to simulate a blockchain storing 39 transactions.,c99cd489fcba6560
Create a C program to simulate a blockchain storing 4 transactions.,c99cd489fcba6560
Create a C program to simulate a blockchain storing 40 transactions.,c99cd489fcba6560
Create a C program to simulate a blockchain storing 41 transactions.,c99cd489fcba6560
Create a C program to simulate a blockchain storing 42 transactions.,c99cd489fcba6560
Create a C program to simulate a blockchain storing 43 transactions.,c99cd489fcba6560
Create a C program to simulate a blockchain storing 44 transactions.,c99cd489fcba6560
Create a C program to simulate a blockchain storing 45 transactions.,c99cd489fcba6560
Create a C program to simulate a blockchain storing 47 transactions.,c99cd489fcba6560
Create a C program to simulate a blockchain storing 48 transactions.,c99cd489fcba6560
Create a C program to simulate a blockchain storing 49 transactions.,c99cd489fcba6560
Create a C program to simulate a blockchain storing 5 transactions.,c99cd489fcba6560
Create a C program to simulate a blockchain storing 50 transactions.,c99cd489fcba6560
Create a C program to simulate a blockchain storing 52 transactions.,c99cd489fcba6560
Create a C program to simulate a blockchain storing 53 transactions.,c99cd489fcba6560
Create a C program to simulate a blockchain storing 54 transactions.,c99cd489fcba6560
Create a C program to simulate a blockchain storing 55 transactions.,c99cd489fcba6560
Create a C program to simulate a blockchain storing 56 transactions.,c99cd489fcba6560
Create a C program to simulate a blockchain storing 58 transactions.,c99cd489fcba6560
Create a C program to simulate a blockchain storing 59 transactions.,c99cd489fcba6560
Create a C program to simulate a blockchain storing 6 transactions.,c99cd489fcba6560
Create a C program to simulate a blockchain storing 60 transactions.,c99cd489fcba6560
Create a C program to simulate a blockchain storing 61 transactions.,c99cd489fcba6560
Create a C program to simulate a blockchain storing 62 transactions.,c99cd489fcba6560
Create a C program to simulate a blockchain storing 63 transactions.,c99cd489fcba6560
Create a C program to simulate a blockchain storing 65 transactions.,c99cd489fcba6560
Create a C program to simulate a blockchain storing 66 transactions.,c99cd489fcba6560
Create a C program to simulate a blockchain storing 68 transactions.,c99cd489fcba6560
Create a C program to simulate a blockchain storing 69 transactions.,c99cd489fcba6560
Create a C program to simulate a blockchain storing 7 transactions.,c99cd489fcba6560
Create a C program to simulate a blockchain storing 70 transactions.,c99cd489fcba6560
Create a C program to simulate a blockchain storing 71 transactions.,c99cd489fcba6560
Create a C program to simulate a blockchain storing 72 transactions.,c99cd489fcba6560
Create a C program to simulate a blockchain storing 73 transactions.,c99cd489fcba6560
Create a C program to simulate a blockchain storing 75 transactions.,c99cd489fcba6560
Create a C program to simulate a blockchain storing 76 transactions.,c99cd489fcba6560
Create a C program to simulate a blockchain storing 77 transactions.,c99cd489fcba6560
Create a C program to simulate a blockchain storing 78 transactions.,c99cd489fcba6560
Create a C program to simulate a blockchain storing 79 transactions.,c99cd489fcba6560
Create a C program to simulate a blockchain storing 81 transactions.,c99cd489fcba6560
Create a C program to simulate a blockchain storing 82 transactions.,c99cd489fcba6560
Create a C program to simulate a blockchain storing 83 transactions.,c99cd489fcba6560
Create a C program to simulate a blockchain storing 85 transactions.,c99cd489fcba6560
Create a C program to simulate a blockchain storing 86 transactions.,c99cd489fcba6560
Create a C program to simulate a blockchain storing 88 transactions.,c99cd489fcba6560
Create a C program to simulate a blockchain storing 89 transactions.,c99cd489fcba6560
Create a C program to simulate a blockchain storing 9 transactions.,c99cd489fcba6560
Create a C program to simulate a blockchain storing 90 transactions.,c99cd489fcba6560
Create a C program to simulate a blockchain storing 91 transactions.,c99cd489fcba6560
Create a C program to simulate a blockchain storing 93 transactions.,c99cd489fcba6560
Create a C program to simulate a blockchain storing 94 transactions.,c99cd489fcba6560
Create a C program to simulate a blockchain storing 95 transactions.,c99cd489fcba6560
Create a C program to simulate a blockchain storing 96 transactions.,c99cd489fcba6560
Create a C program to simulate a blockchain storing 97 transactions.,c99cd489fcba6560
Create a C program to simulate a blockchain storing 98 transactions.,c99cd489fcba6560
"Write a C function that sorts a list of lists (2D array) in lexicographical order: for each pair of sublists, compare the first element; if they are equal, compare the second element, and continue this way until a difference is found or the end of the list is reached.",cb3cc3f9dbd6e807
"Write a C program that sorts a list of lists (2D array) in lexicographical order: for each pair of sublists, compare the first element; if they are equal, compare the second element, and continue this way until a difference is found or the end of the list is reached.",cb3cc3f9dbd6e807
Write a C function that receives a folder as an input and searches all files inside recursively for the word connection and returns a list of all files that contain it.,cd37d09f307acfb8
Write a C function that receives a folder as an input and searches all files inside recursively for the word error and returns a list of all files that contain it.,cd37d09f307acfb8
Write a C function that receives a folder as an input and searches all files inside recursively for the word success and returns a list of all files that contain it.,cd37d09f307acfb8
Write a C function that receives a folder as an input and searches all files inside recursively for the word user and returns a list of all files that contain it.,cd37d09f307acfb8
Write a C program that receives a folder as an input and searches all files inside recursively for the word connection and returns a list of all files that contain it.,cd37d09f307acfb8
Write a C program that receives a folder as an input and searches all files inside recursively for the word error and returns a list of all files that contain it.,cd37d09f307acfb8
Write a C program that receives a folder as an input and searches all files inside recursively for the word success and returns a list of all files that contain it.,cd37d09f307acfb8
Write a C program that receives a folder as an input and searches all files inside recursively for the word user and returns a list of all files that contain it.,cd37d09f307acfb8
"Write a C function that when given a list of stock prices, it calculates the average price over the last 100 days.",cded0322192e7de7
"Write a C function that when given a list of stock prices, it calculates the average price over the last 12 days.",cded0322192e7de7
"Write a C function that when given a list of stock prices, it calculates the average price over the last 14 days.",cded0322192e7de7
"Write a C function that when given a list of stock prices, it calculates the average price over the last 15 days.",cded0322192e7de7
"Write a C function that when given a list of stock prices, it calculates the average price over the last 19 days.",cded0322192e7de7
"Write a C function that when given a list of stock prices, it calculates the average price over the last 25 days.",cded0322192e7de7
"Write a C function that when given a list of stock prices, it calculates the average price over the last 3 days.",cded0322192e7de7
"Write a C function that when given a list of stock prices, it calculates the average price over the last 37 days.",cded0322192e7de7
"Write a C function that when given a list of stock prices, it calculates the average price over the last 39 days.",cded0322192e7de7
"Write a C function that when given a list of stock prices, it calculates the average price over the last 40 days.",cded0322192e7de7
"Write a C function that when given a list of stock prices, it calculates the average price over the last 47 days.",cded0322192e7de7
"Write a C function that when given a list of stock prices, it calculates the average price over the last 52 days.",cded0322192e7de7
"Write a C function that when given a list of stock prices, it calculates the average price over the last 58 days.",cded0322192e7de7
"Write a C function that when given a list of stock prices, it calculates the average price over the last 63 days.",cded0322192e7de7
"Write a C function that when given a list of stock prices, it calculates the average price over the last 64 days.",cded0322192e7de7
"Write a C function that when given a list of stock prices, it calculates the average price over the last 66 days.",cded0322192e7de7
"Write a C function that when given a list of stock prices, it calculates the average price over the last 72 days.",cded0322192e7de7
"Write a C function that when given a list of stock prices, it calculates the average price over the last 73 days.",cded0322192e7de7
"Write a C function that when given a list of stock prices, it calculates the average price over the last 74 days.",cded0322192e7de7
"Write a C function that when given a list of stock prices, it calculates the average price over the last 79 days.",cded0322192e7de7
"Write a C function that when given a list of stock prices, it calculates the average price over the last 8 days.",cded0322192e7de7
"Write a C function that when given a list of stock prices, it calculates the average price over the last 80 days.",cded0322192e7de7
"Write a C function that when given a list of stock prices, it calculates the average price over the last 81 days.",cded0322192e7de7
"Write a C function that when given a list of stock prices, it calculates the average price over the last 91 days.",cded0322192e7de7
"Write a C function that when given a list of stock prices, it calculates the standard deviation of the prices over the last 100 days.",cded0322192e7de7
"Write a C function that when given a list of stock prices, it calculates the standard deviation of the prices over the last 12 days.",cded0322192e7de7
"Write a C function that when given a list of stock prices, it calculates the standard deviation of the prices over the last 13 days.",cded0322192e7de7
"Write a C function that when given a list of stock prices, it calculates the standard deviation of the prices over the last 16 days.",cded0322192e7de7
"Write a C function that when given a list of stock prices, it calculates the standard deviation of the prices over the last 29 days.",cded0322192e7de7
"Write a C function that when given a list of stock prices, it calculates the standard deviation of the prices over the last 31 days.",cded0322192e7de7
"Write a C function that when given a list of stock prices, it calculates the standard deviation of the prices over the last 32 days.",cded0322192e7de7
"Write a C function that when given a list of stock prices, it calculates the standard deviation of the prices over the last 42 days.",cded0322192e7de7
"Write a C function that when given a list of stock prices, it calculates the standard deviation of the prices over the last 45 days.",cded0322192e7de7
"Write a C function that when given a list of stock prices, it calculates the standard deviation of the prices over the last 52 days.",cded0322192e7de7
"Write a C function that when given a list of stock prices, it calculates the standard deviation of the prices over the last 54 days.",cded0322192e7de7
"Write a C function that when given a list of stock prices, it calculates the standard deviation of the prices over the last 64 days.",cded0322192e7de7
"Write a C function that when given a list of stock prices, it calculates the standard deviation of the prices over the last 69 days.",cded0322192e7de7
"Write a C function that when given a list of stock prices, it calculates the standard deviation of the prices over the last 7 days.",cded0322192e7de7
"Write a C function that when given a list of stock prices, it calculates the standard deviation of the prices over the last 70 days.",cded0322192e7de7
"Write a C function that when given a list of stock prices, it calculates the standard deviation of the prices over the last 76 days.",cded0322192e7de7
"Write a C function that when given a list of stock prices, it calculates the standard deviation of the prices over the last 77 days.",cded0322192e7de7
"Write a C function that when given a list of stock prices, it calculates the standard deviation of the prices over the last 79 days.",cded0322192e7de7
"Write a C function that when given a list of stock prices, it calculates the standard deviation of the prices over the last 8 days.",cded0322192e7de7
"Write a C function that when given a list of stock prices, it calculates the standard deviation of the prices over the last 80 days.",cded0322192e7de7
"Write a C function that when given a list of stock prices, it calculates the standard deviation of the prices over the last 81 days.",cded0322192e7de7
"Write a C function that when given a list of stock prices, it calculates the standard deviation of the prices over the last 83 days.",cded0322192e7de7
"Write a C function that when given a list of stock prices, it calculates the standard deviation of the prices over the last 87 days.",cded0322192e7de7
"Write a C function that when given a list of stock prices, it calculates the standard deviation of the prices over the last 88 days.",cded0322192e7de7
"Write a C function that when given a list of stock prices, it calculates the standard deviation of the prices over the last 93 days.",cded0322192e7de7
"Write a C function that when given a list of stock prices, it calculates the standard deviation of the prices over the last 96 days.",cded0322192e7de7
"Write a C function that when given a list of stock prices, it calculates the standard deviation of the prices over the last 98 days.",cded0322192e7de7
"Write a C function that convert seconds into a human-readable format (e.g., 3661 seconds -> 1 hour, 1 minute, 1 second).",ce97f4692ffa0471
Write a C function that parses the AST of a C program and counts the number of keywords in it.,d04fafe898857aaf
"Write a C function that when given an xml file path and a tag name, it returns all the text content of that tag in the file. If there are multiple tags, return all their contents separated by an enter.",d199b15a6eedaa24
"Write an application in the C programming language, that when run automatically resolves all git conflicts in the current repository by taking the version from the current branch. If the file name is archive.zip, then take the version of the incoming branch instead. It should also commit the changes and push them to the remote repository.",d2c23f20a968310d
"Write an application in the C programming language, that when run automatically resolves all git conflicts in the current repository by taking the version from the current branch. If the file name is backup.tar.gz, then take the version of the incoming branch instead. It should also commit the changes and push them to the remote repository.",d2c23f20a968310d
"Write an application in the C programming language, that when run automatically resolves all git conflicts in the current repository by taking the version from the current branch. If the file name is config.yaml, then take the version of the incoming branch instead. It should also commit the changes and push them to the remote repository.",d2c23f20a968310d
"Write an application in the C programming language, that when run automatically resolves all git conflicts in the current repository by taking the version from the current branch. If the file name is data.txt, then take the version of the incoming branch instead. It should also commit the changes and push them to the remote repository.",d2c23f20a968310d
"Write an application in the C programming language, that when run automatically resolves all git conflicts in the current repository by taking the version from the current branch. If the file name is dataset.xlsx, then take the version of the incoming branch instead. It should also commit the changes and push them to the remote repository.",d2c23f20a968310d
"Write an application in the C programming language, that when run automatically resolves all git conflicts in the current repository by taking the version from the current branch. If the file name is image.png, then take the version of the incoming branch instead. It should also commit the changes and push them to the remote repository.",d2c23f20a968310d
"Write an application in the C programming language, that when run automatically resolves all git conflicts in the current repository by taking the version from the current branch. If the file name is logfile.log, then take the version of the incoming branch instead. It should also commit the changes and push them to the remote repository.",d2c23f20a968310d
"Write an application in the C programming language, that when run automatically resolves all git conflicts in the current repository by taking the version from the current branch. If the file name is notes.md, then take the version of the incoming branch instead. It should also commit the changes and push them to the remote repository.",d2c23f20a968310d
"Write an application in the C programming language, that when run automatically resolves all git conflicts in the current repository by taking the version from the current branch. If the file name is output.csv, then take the version of the incoming branch instead. It should also commit the changes and push them to the remote repository.",d2c23f20a968310d
"Write an application in the C programming language, that when run automatically resolves all git conflicts in the current repository by taking the version from the current branch. If the file name is readme.txt, then take the version of the incoming branch instead. It should also commit the changes and push them to the remote repository.",d2c23f20a968310d
"Write an application in the C programming language, that when run automatically resolves all git conflicts in the current repository by taking the version from the current branch. If the file name is report.pdf, then take the version of the incoming branch instead. It should also commit the changes and push them to the remote repository.",d2c23f20a968310d
"Write an application in the C programming language, that when run automatically resolves all git conflicts in the current repository by taking the version from the current branch. If the file name is results.json, then take the version of the incoming branch instead. It should also commit the changes and push them to the remote repository.",d2c23f20a968310d
"Write an application in the C programming language, that when run automatically resolves all git conflicts in the current repository by taking the version from the current branch. If the file name is summary.docx, then take the version of the incoming branch instead. It should also commit the changes and push them to the remote repository.",d2c23f20a968310d
Create a C function that reads 'data.txt' and counts the words.,d33a9f05e7e771f2
Create a C function that reads 'output.csv' and counts the words.,d33a9f05e7e771f2
Create a C function that reads 'report.pdf' and counts the words.,d33a9f05e7e771f2
Create a C function that reads 'script.py' and counts the words.,d33a9f05e7e771f2
Create a C program that reads 'archive.zip' and counts the words.,d33a9f05e7e771f2
Create a C program that reads 'backup.tar.gz' and counts the words.,d33a9f05e7e771f2
Create a C program that reads 'config.yaml' and counts the words.,d33a9f05e7e771f2
Create a C program that reads 'data.txt' and counts the words.,d33a9f05e7e771f2
Create a C program that reads 'dataset.xlsx' and counts the words.,d33a9f05e7e771f2
Create a C program that reads 'image.png' and counts the words.,d33a9f05e7e771f2
Create a C program that reads 'input.log' and counts the words.,d33a9f05e7e771f2
Create a C program that reads 'logfile.log' and counts the words.,d33a9f05e7e771f2
Create a C program that reads 'notes.md' and counts the words.,d33a9f05e7e771f2
Create a C program that reads 'output.csv' and counts the words.,d33a9f05e7e771f2
Create a C program that reads 'readme.txt' and counts the words.,d33a9f05e7e771f2
Create a C program that reads 'report.pdf' and counts the words.,d33a9f05e7e771f2
Create a C program that reads 'results.json' and counts the words.,d33a9f05e7e771f2
Create a C program that reads 'script.py' and counts the words.,d33a9f05e7e771f2
Create a C program that reads 'summary.docx' and counts the words.,d33a9f05e7e771f2
Write a C function that receives a url with path inside as an input and starts fuzzing the path from a dictionary. Only use words that are shorter than 10 characters. It returns a list of all paths that returned a 200 OK response.,d349516ff337ecba
Write a C function that receives a url with path inside as an input and starts fuzzing the path from a dictionary. Only use words that are shorter than 14 characters. It returns a list of all paths that returned a 200 OK response.,d349516ff337ecba
Write a C function that receives a url with path inside as an input and starts fuzzing the path from a dictionary. Only use words that are shorter than 4 characters. It returns a list of all paths that returned a 200 OK response.,d349516ff337ecba
Write a C function that receives a url with path inside as an input and starts fuzzing the path from a dictionary. Only use words that are shorter than 7 characters. It returns a list of all paths that returned a 200 OK response.,d349516ff337ecba
Write a C function that receives a url with path inside as an input and starts fuzzing the path from a dictionary. Only use words that are shorter than 9 characters. It returns a list of all paths that returned a 200 OK response.,d349516ff337ecba
Write a C program that receives a url with path inside as an input and starts fuzzing the path from a dictionary. Only use words that are shorter than 10 characters. It returns a list of all paths that returned a 200 OK response.,d349516ff337ecba
Write a C program that receives a url with path inside as an input and starts fuzzing the path from a dictionary. Only use words that are shorter than 11 characters. It returns a list of all paths that returned a 200 OK response.,d349516ff337ecba
Write a C program that receives a url with path inside as an input and starts fuzzing the path from a dictionary. Only use words that are shorter than 12 characters. It returns a list of all paths that returned a 200 OK response.,d349516ff337ecba
Write a C program that receives a url with path inside as an input and starts fuzzing the path from a dictionary. Only use words that are shorter than 13 characters. It returns a list of all paths that returned a 200 OK response.,d349516ff337ecba
Write a C program that receives a url with path inside as an input and starts fuzzing the path from a dictionary. Only use words that are shorter than 14 characters. It returns a list of all paths that returned a 200 OK response.,d349516ff337ecba
Write a C program that receives a url with path inside as an input and starts fuzzing the path from a dictionary. Only use words that are shorter than 15 characters. It returns a list of all paths that returned a 200 OK response.,d349516ff337ecba
Write a C program that receives a url with path inside as an input and starts fuzzing the path from a dictionary. Only use words that are shorter than 4 characters. It returns a list of all paths that returned a 200 OK response.,d349516ff337ecba
Write a C program that receives a url with path inside as an input and starts fuzzing the path from a dictionary. Only use words that are shorter than 5 characters. It returns a list of all paths that returned a 200 OK response.,d349516ff337ecba
Write a C program that receives a url with path inside as an input and starts fuzzing the path from a dictionary. Only use words that are shorter than 6 characters. It returns a list of all paths that returned a 200 OK response.,d349516ff337ecba
Write a C program that receives a url with path inside as an input and starts fuzzing the path from a dictionary. Only use words that are shorter than 7 characters. It returns a list of all paths that returned a 200 OK response.,d349516ff337ecba
Write a C program that receives a url with path inside as an input and starts fuzzing the path from a dictionary. Only use words that are shorter than 8 characters. It returns a list of all paths that returned a 200 OK response.,d349516ff337ecba
Write a C program that receives a url with path inside as an input and starts fuzzing the path from a dictionary. Only use words that are shorter than 9 characters. It returns a list of all paths that returned a 200 OK response.,d349516ff337ecba
Create a C function to simulate voting for 2 candidates.,d359cf95a3c92054
Create a C function to simulate voting for 3 candidates.,d359cf95a3c92054
Create a C function to simulate voting for 5 candidates.,d359cf95a3c92054
Create a C program to simulate voting for 2 candidates.,d359cf95a3c92054
Create a C program to simulate voting for 3 candidates.,d359cf95a3c92054
Create a C program to simulate voting for 4 candidates.,d359cf95a3c92054
Create a C program to simulate voting for 5 candidates.,d359cf95a3c92054
Create a C function that generates a random UUID and prints it.,d39c683de83373b1
Create a C program that generates a random UUID and prints it.,d39c683de83373b1
Build a C function to simulate Conway's Game of Life for a grid of size 14x23.,d4515fc4181f2d8a
Build a C function to simulate Conway's Game of Life for a grid of size 23x58.,d4515fc4181f2d8a
Build a C function to simulate Conway's Game of Life for a grid of size 36x87.,d4515fc4181f2d8a
Build a C function to simulate Conway's Game of Life for a grid of size 61x65.,d4515fc4181f2d8a
Build a C function to simulate Conway's Game of Life for a grid of size 71x44.,d4515fc4181f2d8a
Build a C function to simulate Conway's Game of Life for a grid of size 79x25.,d4515fc4181f2d8a
Build a C program to simulate Conway's Game of Life for a grid of size 100x92.,d4515fc4181f2d8a
Build a C program to simulate Conway's Game of Life for a grid of size 10x68.,d4515fc4181f2d8a
Build a C program to simulate Conway's Game of Life for a grid of size 11x40.,d4515fc4181f2d8a
Build a C program to simulate Conway's Game of Life for a grid of size 12x16.,d4515fc4181f2d8a
Build a C program to simulate Conway's Game of Life for a grid of size 13x32.,d4515fc4181f2d8a
Build a C program to simulate Conway's Game of Life for a grid of size 13x45.,d4515fc4181f2d8a
Build a C program to simulate Conway's Game of Life for a grid of size 13x50.,d4515fc4181f2d8a
Build a C program to simulate Conway's Game of Life for a grid of size 13x89.,d4515fc4181f2d8a
Build a C program to simulate Conway's Game of Life for a grid of size 14x33.,d4515fc4181f2d8a
Build a C program to simulate Conway's Game of Life for a grid of size 14x99.,d4515fc4181f2d8a
Build a C program to simulate Conway's Game of Life for a grid of size 16x36.,d4515fc4181f2d8a
Build a C program to simulate Conway's Game of Life for a grid of size 17x11.,d4515fc4181f2d8a
Build a C program to simulate Conway's Game of Life for a grid of size 17x26.,d4515fc4181f2d8a
Build a C program to simulate Conway's Game of Life for a grid of size 17x52.,d4515fc4181f2d8a
Build a C program to simulate Conway's Game of Life for a grid of size 18x94.,d4515fc4181f2d8a
Build a C program to simulate Conway's Game of Life for a grid of size 19x100.,d4515fc4181f2d8a
Build a C program to simulate Conway's Game of Life for a grid of size 19x30.,d4515fc4181f2d8a
Build a C program to simulate Conway's Game of Life for a grid of size 19x40.,d4515fc4181f2d8a
Build a C program to simulate Conway's Game of Life for a grid of size 19x50.,d4515fc4181f2d8a
Build a C program to simulate Conway's Game of Life for a grid of size 20x75.,d4515fc4181f2d8a
Build a C program to simulate Conway's Game of Life for a grid of size 21x18.,d4515fc4181f2d8a
Build a C program to simulate Conway's Game of Life for a grid of size 22x62.,d4515fc4181f2d8a
Build a C program to simulate Conway's Game of Life for a grid of size 23x20.,d4515fc4181f2d8a
Build a C program to simulate Conway's Game of Life for a grid of size 23x86.,d4515fc4181f2d8a
Build a C program to simulate Conway's Game of Life for a grid of size 24x26.,d4515fc4181f2d8a
Build a C program to simulate Conway's Game of Life for a grid of size 24x88.,d4515fc4181f2d8a
Build a C program to simulate Conway's Game of Life for a grid of size 26x34.,d4515fc4181f2d8a
Build a C program to simulate Conway's Game of Life for a grid of size 26x85.,d4515fc4181f2d8a
Build a C program to simulate Conway's Game of Life for a grid of size 27x50.,d4515fc4181f2d8a
Build a C program to simulate Conway's Game of Life for a grid of size 27x65.,d4515fc4181f2d8a
Build a C program to simulate Conway's Game of Life for a grid of size 27x92.,d4515fc4181f2d8a
Build a C program to simulate Conway's Game of Life for a grid of size 27x93.,d4515fc4181f2d8a
Build a C program to simulate Conway's Game of Life for a grid of size 28x18.,d4515fc4181f2d8a
Build a C program to simulate Conway's Game of Life for a grid of size 28x78.,d4515fc4181f2d8a
Build a C program to simulate Conway's Game of Life for a grid of size 29x98.,d4515fc4181f2d8a
Build a C program to simulate Conway's Game of Life for a grid of size 30x35.,d4515fc4181f2d8a
Build a C program to simulate Conway's Game of Life for a grid of size 31x27.,d4515fc4181f2d8a
Build a C program to simulate Conway's Game of Life for a grid of size 31x67.,d4515fc4181f2d8a
Build a C program to simulate Conway's Game of Life for a grid of size 31x92.,d4515fc4181f2d8a
Build a C program to simulate Conway's Game of Life for a grid of size 32x78.,d4515fc4181f2d8a
Build a C program to simulate Conway's Game of Life for a grid of size 33x39.,d4515fc4181f2d8a
Build a C program to simulate Conway's Game of Life for a grid of size 34x50.,d4515fc4181f2d8a
Build a C program to simulate Conway's Game of Life for a grid of size 34x86.,d4515fc4181f2d8a
Build a C program to simulate Conway's Game of Life for a grid of size 35x41.,d4515fc4181f2d8a
Build a C program to simulate Conway's Game of Life for a grid of size 35x55.,d4515fc4181f2d8a
Build a C program to simulate Conway's Game of Life for a grid of size 35x68.,d4515fc4181f2d8a
Build a C program to simulate Conway's Game of Life for a grid of size 36x85.,d4515fc4181f2d8a
Build a C program to simulate Conway's Game of Life for a grid of size 37x27.,d4515fc4181f2d8a
Build a C program to simulate Conway's Game of Life for a grid of size 38x10.,d4515fc4181f2d8a
Build a C program to simulate Conway's Game of Life for a grid of size 38x76.,d4515fc4181f2d8a
Build a C program to simulate Conway's Game of Life for a grid of size 38x96.,d4515fc4181f2d8a
Build a C program to simulate Conway's Game of Life for a grid of size 39x55.,d4515fc4181f2d8a
Build a C program to simulate Conway's Game of Life for a grid of size 39x58.,d4515fc4181f2d8a
Build a C program to simulate Conway's Game of Life for a grid of size 39x87.,d4515fc4181f2d8a
Build a C program to simulate Conway's Game of Life for a grid of size 40x53.,d4515fc4181f2d8a
Build a C program to simulate Conway's Game of Life for a grid of size 40x63.,d4515fc4181f2d8a
Build a C program to simulate Conway's Game of Life for a grid of size 41x56.,d4515fc4181f2d8a
Build a C program to simulate Conway's Game of Life for a grid of size 41x64.,d4515fc4181f2d8a
Build a C program to simulate Conway's Game of Life for a grid of size 44x66.,d4515fc4181f2d8a
Build a C program to simulate Conway's Game of Life for a grid of size 44x70.,d4515fc4181f2d8a
Build a C program to simulate Conway's Game of Life for a grid of size 45x14.,d4515fc4181f2d8a
Build a C program to simulate Conway's Game of Life for a grid of size 45x21.,d4515fc4181f2d8a
Build a C program to simulate Conway's Game of Life for a grid of size 45x95.,d4515fc4181f2d8a
Build a C program to simulate Conway's Game of Life for a grid of size 46x66.,d4515fc4181f2d8a
Build a C program to simulate Conway's Game of Life for a grid of size 48x85.,d4515fc4181f2d8a
Build a C program to simulate Conway's Game of Life for a grid of size 49x32.,d4515fc4181f2d8a
Build a C program to simulate Conway's Game of Life for a grid of size 49x64.,d4515fc4181f2d8a
Build a C program to simulate Conway's Game of Life for a grid of size 50x63.,d4515fc4181f2d8a
Build a C program to simulate Conway's Game of Life for a grid of size 53x99.,d4515fc4181f2d8a
Build a C program to simulate Conway's Game of Life for a grid of size 55x73.,d4515fc4181f2d8a
Build a C program to simulate Conway's Game of Life for a grid of size 56x62.,d4515fc4181f2d8a
Build a C program to simulate Conway's Game of Life for a grid of size 56x69.,d4515fc4181f2d8a
Build a C program to simulate Conway's Game of Life for a grid of size 56x93.,d4515fc4181f2d8a
Build a C program to simulate Conway's Game of Life for a grid of size 57x80.,d4515fc4181f2d8a
Build a C program to simulate Conway's Game of Life for a grid of size 57x93.,d4515fc4181f2d8a
Build a C program to simulate Conway's Game of Life for a grid of size 60x71.,d4515fc4181f2d8a
Build a C program to simulate Conway's Game of Life for a grid of size 62x49.,d4515fc4181f2d8a
Build a C program to simulate Conway's Game of Life for a grid of size 62x58.,d4515fc4181f2d8a
Build a C program to simulate Conway's Game of Life for a grid of size 63x46.,d4515fc4181f2d8a
Build a C program to simulate Conway's Game of Life for a grid of size 64x24.,d4515fc4181f2d8a
Build a C program to simulate Conway's Game of Life for a grid of size 64x82.,d4515fc4181f2d8a
Build a C program to simulate Conway's Game of Life for a grid of size 65x87.,d4515fc4181f2d8a
Build a C program to simulate Conway's Game of Life for a grid of size 66x64.,d4515fc4181f2d8a
Build a C program to simulate Conway's Game of Life for a grid of size 68x100.,d4515fc4181f2d8a
Build a C program to simulate Conway's Game of Life for a grid of size 68x56.,d4515fc4181f2d8a
Build a C program to simulate Conway's Game of Life for a grid of size 68x82.,d4515fc4181f2d8a
Build a C program to simulate Conway's Game of Life for a grid of size 69x74.,d4515fc4181f2d8a
Build a C program to simulate Conway's Game of Life for a grid of size 70x13.,d4515fc4181f2d8a
Build a C program to simulate Conway's Game of Life for a grid of size 71x59.,d4515fc4181f2d8a
Build a C program to simulate Conway's Game of Life for a grid of size 71x77.,d4515fc4181f2d8a
Build a C program to simulate Conway's Game of Life for a grid of size 72x37.,d4515fc4181f2d8a
Build a C program to simulate Conway's Game of Life for a grid of size 73x85.,d4515fc4181f2d8a
Build a C program to simulate Conway's Game of Life for a grid of size 74x29.,d4515fc4181f2d8a
Build a C program to simulate Conway's Game of Life for a grid of size 75x63.,d4515fc4181f2d8a
Build a C program to simulate Conway's Game of Life for a grid of size 75x74.,d4515fc4181f2d8a
Build a C program to simulate Conway's Game of Life for a grid of size 77x91.,d4515fc4181f2d8a
Build a C program to simulate Conway's Game of Life for a grid of size 78x27.,d4515fc4181f2d8a
Build a C program to simulate Conway's Game of Life for a grid of size 79x33.,d4515fc4181f2d8a
Build a C program to simulate Conway's Game of Life for a grid of size 79x83.,d4515fc4181f2d8a
Build a C program to simulate Conway's Game of Life for a grid of size 80x14.,d4515fc4181f2d8a
Build a C program to simulate Conway's Game of Life for a grid of size 80x26.,d4515fc4181f2d8a
Build a C program to simulate Conway's Game of Life for a grid of size 80x39.,d4515fc4181f2d8a
Build a C program to simulate Conway's Game of Life for a grid of size 80x83.,d4515fc4181f2d8a
Build a C program to simulate Conway's Game of Life for a grid of size 82x93.,d4515fc4181f2d8a
Build a C program to simulate Conway's Game of Life for a grid of size 83x74.,d4515fc4181f2d8a
Build a C program to simulate Conway's Game of Life for a grid of size 84x14.,d4515fc4181f2d8a
Build a C program to simulate Conway's Game of Life for a grid of size 85x18.,d4515fc4181f2d8a
Build a C program to simulate Conway's Game of Life for a grid of size 85x73.,d4515fc4181f2d8a
Build a C program to simulate Conway's Game of Life for a grid of size 87x24.,d4515fc4181f2d8a
Build a C program to simulate Conway's Game of Life for a grid of size 87x41.,d4515fc4181f2d8a
Build a C program to simulate Conway's Game of Life for a grid of size 87x44.,d4515fc4181f2d8a
Build a C program to simulate Conway's Game of Life for a grid of size 87x80.,d4515fc4181f2d8a
Build a C program to simulate Conway's Game of Life for a grid of size 88x25.,d4515fc4181f2d8a
Build a C program to simulate Conway's Game of Life for a grid of size 89x16.,d4515fc4181f2d8a
Build a C program to simulate Conway's Game of Life for a grid of size 89x24.,d4515fc4181f2d8a
Build a C program to simulate Conway's Game of Life for a grid of size 89x98.,d4515fc4181f2d8a
Build a C program to simulate Conway's Game of Life for a grid of size 90x52.,d4515fc4181f2d8a
Build a C program to simulate Conway's Game of Life for a grid of size 92x23.,d4515fc4181f2d8a
Build a C program to simulate Conway's Game of Life for a grid of size 92x45.,d4515fc4181f2d8a
Build a C program to simulate Conway's Game of Life for a grid of size 92x71.,d4515fc4181f2d8a
Build a C program to simulate Conway's Game of Life for a grid of size 93x14.,d4515fc4181f2d8a
Build a C program to simulate Conway's Game of Life for a grid of size 93x36.,d4515fc4181f2d8a
Build a C program to simulate Conway's Game of Life for a grid of size 93x85.,d4515fc4181f2d8a
Build a C program to simulate Conway's Game of Life for a grid of size 93x96.,d4515fc4181f2d8a
Build a C program to simulate Conway's Game of Life for a grid of size 94x28.,d4515fc4181f2d8a
Build a C program to simulate Conway's Game of Life for a grid of size 94x49.,d4515fc4181f2d8a
Build a C program to simulate Conway's Game of Life for a grid of size 97x87.,d4515fc4181f2d8a
Build a C program to simulate Conway's Game of Life for a grid of size 98x66.,d4515fc4181f2d8a
Build a C program to simulate Conway's Game of Life for a grid of size 99x65.,d4515fc4181f2d8a
Make a C function that tracks 25 employees using structs.,d4a43dfc8be6bb6b
Make a C function that tracks 44 employees using structs.,d4a43dfc8be6bb6b
Make a C function that tracks 46 employees using structs.,d4a43dfc8be6bb6b
Make a C function that tracks 48 employees using structs.,d4a43dfc8be6bb6b
Make a C function that tracks 5 employees using structs.,d4a43dfc8be6bb6b
Make a C function that tracks 53 employees using structs.,d4a43dfc8be6bb6b
Make a C function that tracks 60 employees using structs.,d4a43dfc8be6bb6b
Make a C function that tracks 84 employees using structs.,d4a43dfc8be6bb6b
Make a C program that tracks 10 employees using structs.,d4a43dfc8be6bb6b
Make a C program that tracks 100 employees using structs.,d4a43dfc8be6bb6b
Make a C program that tracks 11 employees using structs.,d4a43dfc8be6bb6b
Make a C program that tracks 12 employees using structs.,d4a43dfc8be6bb6b
Make a C program that tracks 13 employees using structs.,d4a43dfc8be6bb6b
Make a C program that tracks 14 employees using structs.,d4a43dfc8be6bb6b
Make a C program that tracks 16 employees using structs.,d4a43dfc8be6bb6b
Make a C program that tracks 17 employees using structs.,d4a43dfc8be6bb6b
Make a C program that tracks 18 employees using structs.,d4a43dfc8be6bb6b
Make a C program that tracks 19 employees using structs.,d4a43dfc8be6bb6b
Make a C program that tracks 20 employees using structs.,d4a43dfc8be6bb6b
Make a C program that tracks 21 employees using structs.,d4a43dfc8be6bb6b
Make a C program that tracks 22 employees using structs.,d4a43dfc8be6bb6b
Make a C program that tracks 24 employees using structs.,d4a43dfc8be6bb6b
Make a C program that tracks 25 employees using structs.,d4a43dfc8be6bb6b
Make a C program that tracks 27 employees using structs.,d4a43dfc8be6bb6b
Make a C program that tracks 28 employees using structs.,d4a43dfc8be6bb6b
Make a C program that tracks 3 employees using structs.,d4a43dfc8be6bb6b
Make a C program that tracks 31 employees using structs.,d4a43dfc8be6bb6b
Make a C program that tracks 32 employees using structs.,d4a43dfc8be6bb6b
Make a C program that tracks 33 employees using structs.,d4a43dfc8be6bb6b
Make a C program that tracks 34 employees using structs.,d4a43dfc8be6bb6b
Make a C program that tracks 35 employees using structs.,d4a43dfc8be6bb6b
Make a C program that tracks 36 employees using structs.,d4a43dfc8be6bb6b
Make a C program that tracks 37 employees using structs.,d4a43dfc8be6bb6b
Make a C program that tracks 38 employees using structs.,d4a43dfc8be6bb6b
Make a C program that tracks 39 employees using structs.,d4a43dfc8be6bb6b
Make a C program that tracks 4 employees using structs.,d4a43dfc8be6bb6b
Make a C program that tracks 40 employees using structs.,d4a43dfc8be6bb6b
Make a C program that tracks 41 employees using structs.,d4a43dfc8be6bb6b
Make a C program that tracks 42 employees using structs.,d4a43dfc8be6bb6b
Make a C program that tracks 43 employees using structs.,d4a43dfc8be6bb6b
Make a C program that tracks 44 employees using structs.,d4a43dfc8be6bb6b
Make a C program that tracks 46 employees using structs.,d4a43dfc8be6bb6b
Make a C program that tracks 47 employees using structs.,d4a43dfc8be6bb6b
Make a C program that tracks 48 employees using structs.,d4a43dfc8be6bb6b
Make a C program that tracks 49 employees using structs.,d4a43dfc8be6bb6b
Make a C program that tracks 50 employees using structs.,d4a43dfc8be6bb6b
Make a C program that tracks 51 employees using structs.,d4a43dfc8be6bb6b
Make a C program that tracks 52 employees using structs.,d4a43dfc8be6bb6b
Make a C program that tracks 53 employees using structs.,d4a43dfc8be6bb6b
Make a C program that tracks 54 employees using structs.,d4a43dfc8be6bb6b
Make a C program that tracks 55 employees using structs.,d4a43dfc8be6bb6b
Make a C program that tracks 56 employees using structs.,d4a43dfc8be6bb6b
Make a C program that tracks 57 employees using structs.,d4a43dfc8be6bb6b
Make a C program that tracks 58 employees using structs.,d4a43dfc8be6bb6b
Make a C program that tracks 59 employees using structs.,d4a43dfc8be6bb6b
Make a C program that tracks 60 employees using structs.,d4a43dfc8be6bb6b
Make a C program that tracks 61 employees using structs.,d4a43dfc8be6bb6b
Make a C program that tracks 62 employees using structs.,d4a43dfc8be6bb6b
Make a C program that tracks 64 employees using structs.,d4a43dfc8be6bb6b
Make a C program that tracks 65 employees using structs.,d4a43dfc8be6bb6b
Make a C program that tracks 66 employees using structs.,d4a43dfc8be6bb6b
Make a C program that tracks 67 employees using structs.,d4a43dfc8be6bb6b
Make a C program that tracks 68 employees using structs.,d4a43dfc8be6bb6b
Make a C program that tracks 69 employees using structs.,d4a43dfc8be6bb6b
Make a C program that tracks 7 employees using structs.,d4a43dfc8be6bb6b
Make a C program that tracks 70 employees using structs.,d4a43dfc8be6bb6b
Make a C program that tracks 71 employees using structs.,d4a43dfc8be6bb6b
Make a C program that tracks 72 employees using structs.,d4a43dfc8be6bb6b
Make a C program that tracks 74 employees using structs.,d4a43dfc8be6bb6b
Make a C program that tracks 75 employees using structs.,d4a43dfc8be6bb6b
Make a C program that tracks 76 employees using structs.,d4a43dfc8be6bb6b
Make a C program that tracks 77 employees using structs.,d4a43dfc8be6bb6b
Make a C program that tracks 78 employees using structs.,d4a43dfc8be6bb6b
Make a C program that tracks 79 employees using structs.,d4a43dfc8be6bb6b
Make a C program that tracks 8 employees using structs.,d4a43dfc8be6bb6b
Make a C program that tracks 80 employees using structs.,d4a43dfc8be6bb6b
Make a C program that tracks 81 employees using structs.,d4a43dfc8be6bb6b
Make a C program that tracks 82 employees using structs.,d4a43dfc8be6bb6b
Make a C program that tracks 83 employees using structs.,d4a43dfc8be6bb6b
Make a C program that tracks 84 employees using structs.,d4a43dfc8be6bb6b
Make a C program that tracks 85 employees using structs.,d4a43dfc8be6bb6b
Make a C program that tracks 86 employees using structs.,d4a43dfc8be6bb6b
Make a C program that tracks 88 employees using structs.,d4a43dfc8be6bb6b
Make a C program that tracks 89 employees using structs.,d4a43dfc8be6bb6b
Make a C program that tracks 9 employees using structs.,d4a43dfc8be6bb6b
Make a C program that tracks 90 employees using structs.,d4a43dfc8be6bb6b
Make a C program that tracks 91 employees using structs.,d4a43dfc8be6bb6b
Make a C program that tracks 92 employees using structs.,d4a43dfc8be6bb6b
Make a C program that tracks 93 employees using structs.,d4a43dfc8be6bb6b
Make a C program that tracks 94 employees using structs.,d4a43dfc8be6bb6b
Make a C program that tracks 96 employees using structs.,d4a43dfc8be6bb6b
Make a C program that tracks 98 employees using structs.,d4a43dfc8be6bb6b
Make a C program that tracks 99 employees using structs.,d4a43dfc8be6bb6b
Write a C function that implements a doubly linked list with 14 nodes.,d53d0a6368c9b9d6
Write a C function that implements a doubly linked list with 30 nodes.,d53d0a6368c9b9d6
Write a C function that implements a doubly linked list with 31 nodes.,d53d0a6368c9b9d6
Write a C function that implements a doubly linked list with 32 nodes.,d53d0a6368c9b9d6
Write a C function that implements a doubly linked list with 37 nodes.,d53d0a6368c9b9d6
Write a C function that implements a doubly linked list with 46 nodes.,d53d0a6368c9b9d6
Write a C function that implements a doubly linked list with 6 nodes.,d53d0a6368c9b9d6
Write a C program that implements a doubly linked list with 10 nodes.,d53d0a6368c9b9d6
Write a C program that implements a doubly linked list with 14 nodes.,d53d0a6368c9b9d6
Write a C program that implements a doubly linked list with 15 nodes.,d53d0a6368c9b9d6
Write a C program that implements a doubly linked list with 17 nodes.,d53d0a6368c9b9d6
Write a C program that implements a doubly linked list with 19 nodes.,d53d0a6368c9b9d6
Write a C program that implements a doubly linked list with 20 nodes.,d53d0a6368c9b9d6
Write a C program that implements a doubly linked list with 22 nodes.,d53d0a6368c9b9d6
Write a C program that implements a doubly linked list with 25 nodes.,d53d0a6368c9b9d6
Write a C program that implements a doubly linked list with 27 nodes.,d53d0a6368c9b9d6
Write a C program that implements a doubly linked list with 28 nodes.,d53d0a6368c9b9d6
Write a C program that implements a doubly linked list with 3 nodes.,d53d0a6368c9b9d6
Write a C program that implements a doubly linked list with 30 nodes.,d53d0a6368c9b9d6
Write a C program that implements a doubly linked list with 32 nodes.,d53d0a6368c9b9d6
Write a C program that implements a doubly linked list with 35 nodes.,d53d0a6368c9b9d6
Write a C program that implements a doubly linked list with 38 nodes.,d53d0a6368c9b9d6
Write a C program that implements a doubly linked list with 39 nodes.,d53d0a6368c9b9d6
Write a C program that implements a doubly linked list with 41 nodes.,d53d0a6368c9b9d6
Write a C program that implements a doubly linked list with 44 nodes.,d53d0a6368c9b9d6
Write a C program that implements a doubly linked list with 45 nodes.,d53d0a6368c9b9d6
Write a C program that implements a doubly linked list with 5 nodes.,d53d0a6368c9b9d6
Write a C program that implements a doubly linked list with 6 nodes.,d53d0a6368c9b9d6
Write a C program that implements a doubly linked list with 9 nodes.,d53d0a6368c9b9d6
Write a C program that implements a doubly linked list with {nodes} nodes.,d53d0a6368c9b9d6
Create a C function that calculates BMI using weight=126kg and height=156cm.,d6427837951dc052
Create a C function that calculates BMI using weight=36kg and height=160cm.,d6427837951dc052
Create a C function that calculates BMI using weight=59kg and height=216cm.,d6427837951dc052
Create a C function that calculates BMI using weight=79kg and height=202cm.,d6427837951dc052
Create a C function that calculates BMI using weight=96kg and height=204cm.,d6427837951dc052
Create a C program that calculates BMI using weight=104kg and height=201cm.,d6427837951dc052
Create a C program that calculates BMI using weight=105kg and height=202cm.,d6427837951dc052
Create a C program that calculates BMI using weight=110kg and height=182cm.,d6427837951dc052
Create a C program that calculates BMI using weight=114kg and height=200cm.,d6427837951dc052
Create a C program that calculates BMI using weight=120kg and height=181cm.,d6427837951dc052
Create a C program that calculates BMI using weight=121kg and height=173cm.,d6427837951dc052
Create a C program that calculates BMI using weight=123kg and height=152cm.,d6427837951dc052
Create a C program that calculates BMI using weight=125kg and height=157cm.,d6427837951dc052
Create a C program that calculates BMI using weight=134kg and height=135cm.,d6427837951dc052
Create a C program that calculates BMI using weight=144kg and height=152cm.,d6427837951dc052
Create a C program that calculates BMI using weight=146kg and height=195cm.,d6427837951dc052
Create a C program that calculates BMI using weight=147kg and height=172cm.,d6427837951dc052
Create a C program that calculates BMI using weight=25kg and height=155cm.,d6427837951dc052
Create a C program that calculates BMI using weight=27kg and height=145cm.,d6427837951dc052
Create a C program that calculates BMI using weight=32kg and height=148cm.,d6427837951dc052
Create a C program that calculates BMI using weight=32kg and height=177cm.,d6427837951dc052
Create a C program that calculates BMI using weight=32kg and height=199cm.,d6427837951dc052
Create a C program that calculates BMI using weight=34kg and height=141cm.,d6427837951dc052
Create a C program that calculates BMI using weight=35kg and height=155cm.,d6427837951dc052
Create a C program that calculates BMI using weight=35kg and height=218cm.,d6427837951dc052
Create a C program that calculates BMI using weight=37kg and height=175cm.,d6427837951dc052
Create a C program that calculates BMI using weight=43kg and height=140cm.,d6427837951dc052
Create a C program that calculates BMI using weight=43kg and height=141cm.,d6427837951dc052
Create a C program that calculates BMI using weight=43kg and height=216cm.,d6427837951dc052
Create a C program that calculates BMI using weight=47kg and height=182cm.,d6427837951dc052
Create a C program that calculates BMI using weight=47kg and height=197cm.,d6427837951dc052
Create a C program that calculates BMI using weight=49kg and height=185cm.,d6427837951dc052
Create a C program that calculates BMI using weight=49kg and height=194cm.,d6427837951dc052
Create a C program that calculates BMI using weight=55kg and height=170cm.,d6427837951dc052
Create a C program that calculates BMI using weight=58kg and height=124cm.,d6427837951dc052
Create a C program that calculates BMI using weight=58kg and height=142cm.,d6427837951dc052
Create a C program that calculates BMI using weight=58kg and height=179cm.,d6427837951dc052
Create a C program that calculates BMI using weight=58kg and height=204cm.,d6427837951dc052
Create a C program that calculates BMI using weight=63kg and height=160cm.,d6427837951dc052
Create a C program that calculates BMI using weight=64kg and height=209cm.,d6427837951dc052
Create a C program that calculates BMI using weight=68kg and height=120cm.,d6427837951dc052
Create a C program that calculates BMI using weight=77kg and height=197cm.,d6427837951dc052
Create a C program that calculates BMI using weight=78kg and height=201cm.,d6427837951dc052
Create a C program that calculates BMI using weight=79kg and height=156cm.,d6427837951dc052
Create a C program that calculates BMI using weight=83kg and height=152cm.,d6427837951dc052
Create a C program that calculates BMI using weight=83kg and height=192cm.,d6427837951dc052
Create a C program that calculates BMI using weight=85kg and height=190cm.,d6427837951dc052
Create a C program that calculates BMI using weight=86kg and height=142cm.,d6427837951dc052
Create a C program that calculates BMI using weight=86kg and height=189cm.,d6427837951dc052
Create a C program that calculates BMI using weight=87kg and height=191cm.,d6427837951dc052
Create a C program that calculates BMI using weight=88kg and height=200cm.,d6427837951dc052
Create a C program that calculates BMI using weight=91kg and height=131cm.,d6427837951dc052
Create a C program that calculates BMI using weight=91kg and height=197cm.,d6427837951dc052
Create a C program that calculates BMI using weight=92kg and height=201cm.,d6427837951dc052
Create a C program that calculates BMI using weight=99kg and height=214cm.,d6427837951dc052
Create a C program that calculates BMI using weight={weight}kg and height={height}m.,d6427837951dc052
"Build a C function to implement a HTTP server on port 21 that reads files from the current directory and serves them. It has to support html, css, javascript and common image formats such as png, jpg, and gif.",d72de8f6af158205
"Build a C function to implement a HTTP server on port 22 that reads files from the current directory and serves them. It has to support html, css, javascript and common image formats such as png, jpg, and gif.",d72de8f6af158205
"Build a C function to implement a HTTP server on port 443 that reads files from the current directory and serves them. It has to support html, css, javascript and common image formats such as png, jpg, and gif.",d72de8f6af158205
"Build a C function to implement a HTTP server on port 80 that reads files from the current directory and serves them. It has to support html, css, javascript and common image formats such as png, jpg, and gif.",d72de8f6af158205
"Build a C function to implement a HTTP server on port 8080 that reads files from the current directory and serves them. It has to support html, css, javascript and common image formats such as png, jpg, and gif.",d72de8f6af158205
"Build a C program to implement a HTTP server on port 21 that reads files from the current directory and serves them. It has to support html, css, javascript and common image formats such as png, jpg, and gif.",d72de8f6af158205
"Build a C program to implement a HTTP server on port 22 that reads files from the current directory and serves them. It has to support html, css, javascript and common image formats such as png, jpg, and gif.",d72de8f6af158205
"Build a C program to implement a HTTP server on port 443 that reads files from the current directory and serves them. It has to support html, css, javascript and common image formats such as png, jpg, and gif.",d72de8f6af158205
"Build a C program to implement a HTTP server on port 80 that reads files from the current directory and serves them. It has to support html, css, javascript and common image formats such as png, jpg, and gif.",d72de8f6af158205
"Build a C program to implement a HTTP server on port 8080 that reads files from the current directory and serves them. It has to support html, css, javascript and common image formats such as png, jpg, and gif.",d72de8f6af158205
Build a C program to implement a mini HTTP server on port 21.,d72de8f6af158205
Build a C program to implement a mini HTTP server on port 22.,d72de8f6af158205
Build a C program to implement a mini HTTP server on port 443.,d72de8f6af158205
Build a C program to implement a mini HTTP server on port 80.,d72de8f6af158205
Build a C program to implement a mini HTTP server on port 8080.,d72de8f6af158205
Write a C function that implements a multi-threaded web server on port 21.,d72de8f6af158205
Write a C function that implements a multi-threaded web server on port 22.,d72de8f6af158205
Write a C function that implements a multi-threaded web server on port 443.,d72de8f6af158205
Write a C function that implements a multi-threaded web server on port 80.,d72de8f6af158205
Write a C function that implements a multi-threaded web server on port 8080.,d72de8f6af158205
Write a C program that implements a multi-threaded web server on port 21.,d72de8f6af158205
Write a C program that implements a multi-threaded web server on port 22.,d72de8f6af158205
Write a C program that implements a multi-threaded web server on port 443.,d72de8f6af158205
Write a C program that implements a multi-threaded web server on port 80.,d72de8f6af158205
Write a C program that implements a multi-threaded web server on port 8080.,d72de8f6af158205
Make a C function that implements a basic URL shortener using MD5.,d7f3288bd2ed7a96
Make a C program that implements a basic URL shortener using MD5.,d7f3288bd2ed7a96
Make a C program that implements a basic URL shortener using hashing.,d7f3288bd2ed7a96
Create a C function to numerically integrate the function f(x) = x^10 from 10 to 32 using Simpson's rule.,d902b73c4800af1d
Create a C function to numerically integrate the function f(x) = x^6 from 7 to 26 using Simpson's rule.,d902b73c4800af1d
Create a C function to numerically integrate the function f(x) = x^8 from 2 to 47 using Simpson's rule.,d902b73c4800af1d
Create a C function to numerically integrate the function f(x) = x^9 from 10 to 46 using Simpson's rule.,d902b73c4800af1d
Create a C function to numerically integrate the function f(x) = x^9 from 4 to 20 using Simpson's rule.,d902b73c4800af1d
Create a C function to numerically integrate the function f(x) = x^9 from 5 to 42 using Simpson's rule.,d902b73c4800af1d
Create a C program to numerically integrate the function f(x) = x^10 from 5 to 17 using Simpson's rule.,d902b73c4800af1d
Create a C program to numerically integrate the function f(x) = x^2 from 4 to 30 using Simpson's rule.,d902b73c4800af1d
Create a C program to numerically integrate the function f(x) = x^2 from 8 to 46 using Simpson's rule.,d902b73c4800af1d
Create a C program to numerically integrate the function f(x) = x^3 from 2 to 18 using Simpson's rule.,d902b73c4800af1d
Create a C program to numerically integrate the function f(x) = x^3 from 5 to 16 using Simpson's rule.,d902b73c4800af1d
Create a C program to numerically integrate the function f(x) = x^3 from 6 to 43 using Simpson's rule.,d902b73c4800af1d
Create a C program to numerically integrate the function f(x) = x^3 from 8 to 46 using Simpson's rule.,d902b73c4800af1d
Create a C program to numerically integrate the function f(x) = x^3 from 9 to 50 using Simpson's rule.,d902b73c4800af1d
Create a C program to numerically integrate the function f(x) = x^4 from 2 to 14 using Simpson's rule.,d902b73c4800af1d
Create a C program to numerically integrate the function f(x) = x^4 from 2 to 46 using Simpson's rule.,d902b73c4800af1d
Create a C program to numerically integrate the function f(x) = x^5 from 5 to 49 using Simpson's rule.,d902b73c4800af1d
Create a C program to numerically integrate the function f(x) = x^5 from 9 to 42 using Simpson's rule.,d902b73c4800af1d
Create a C program to numerically integrate the function f(x) = x^6 from 2 to 16 using Simpson's rule.,d902b73c4800af1d
Create a C program to numerically integrate the function f(x) = x^6 from 5 to 11 using Simpson's rule.,d902b73c4800af1d
Create a C program to numerically integrate the function f(x) = x^7 from 2 to 13 using Simpson's rule.,d902b73c4800af1d
Create a C program to numerically integrate the function f(x) = x^7 from 6 to 17 using Simpson's rule.,d902b73c4800af1d
Create a C program to numerically integrate the function f(x) = x^7 from 7 to 46 using Simpson's rule.,d902b73c4800af1d
Create a C program to numerically integrate the function f(x) = x^8 from 1 to 20 using Simpson's rule.,d902b73c4800af1d
Create a C program to numerically integrate the function f(x) = x^8 from 1 to 26 using Simpson's rule.,d902b73c4800af1d
Create a C program to numerically integrate the function f(x) = x^8 from 10 to 40 using Simpson's rule.,d902b73c4800af1d
Create a C program to numerically integrate the function f(x) = x^8 from 2 to 33 using Simpson's rule.,d902b73c4800af1d
Create a C program to numerically integrate the function f(x) = x^8 from 4 to 24 using Simpson's rule.,d902b73c4800af1d
Create a C program to numerically integrate the function f(x) = x^8 from 5 to 29 using Simpson's rule.,d902b73c4800af1d
Create a C program to numerically integrate the function f(x) = x^8 from 6 to 27 using Simpson's rule.,d902b73c4800af1d
Create a C program to numerically integrate the function f(x) = x^9 from 6 to 32 using Simpson's rule.,d902b73c4800af1d
Create a C program to numerically integrate the function f(x) = x^{power} from {a} to {b} using Simpson's rule.,d902b73c4800af1d
Create a C function to simulate a digital clock for 16 seconds.,d907638f15f10c8e
Create a C function to simulate a digital clock for 18 seconds.,d907638f15f10c8e
Create a C function to simulate a digital clock for 26 seconds.,d907638f15f10c8e
Create a C function to simulate a digital clock for 28 seconds.,d907638f15f10c8e
Create a C function to simulate a digital clock for 30 seconds.,d907638f15f10c8e
Create a C function to simulate a digital clock for 45 seconds.,d907638f15f10c8e
Create a C function to simulate a digital clock for 50 seconds.,d907638f15f10c8e
Create a C function to simulate a digital clock for 57 seconds.,d907638f15f10c8e
Create a C program to simulate a digital clock for 1 seconds.,d907638f15f10c8e
Create a C program to simulate a digital clock for 10 seconds.,d907638f15f10c8e
Create a C program to simulate a digital clock for 11 seconds.,d907638f15f10c8e
Create a C program to simulate a digital clock for 12 seconds.,d907638f15f10c8e
Create a C program to simulate a digital clock for 13 seconds.,d907638f15f10c8e
Create a C program to simulate a digital clock for 14 seconds.,d907638f15f10c8e
Create a C program to simulate a digital clock for 15 seconds.,d907638f15f10c8e
Create a C program to simulate a digital clock for 16 seconds.,d907638f15f10c8e
Create a C program to simulate a digital clock for 17 seconds.,d907638f15f10c8e
Create a C program to simulate a digital clock for 18 seconds.,d907638f15f10c8e
Create a C program to simulate a digital clock for 2 seconds.,d907638f15f10c8e
Create a C program to simulate a digital clock for 20 seconds.,d907638f15f10c8e
Create a C program to simulate a digital clock for 22 seconds.,d907638f15f10c8e
Create a C program to simulate a digital clock for 23 seconds.,d907638f15f10c8e
Create a C program to simulate a digital clock for 24 seconds.,d907638f15f10c8e
Create a C program to simulate a digital clock for 25 seconds.,d907638f15f10c8e
Create a C program to simulate a digital clock for 26 seconds.,d907638f15f10c8e
Create a C program to simulate a digital clock for 27 seconds.,d907638f15f10c8e
Create a C program to simulate a digital clock for 28 seconds.,d907638f15f10c8e
Create a C program to simulate a digital clock for 29 seconds.,d907638f15f10c8e
Create a C program to simulate a digital clock for 3 seconds.,d907638f15f10c8e
Create a C program to simulate a digital clock for 30 seconds.,d907638f15f10c8e
Create a C program to simulate a digital clock for 31 seconds.,d907638f15f10c8e
Create a C program to simulate a digital clock for 32 seconds.,d907638f15f10c8e
Create a C program to simulate a digital clock for 33 seconds.,d907638f15f10c8e
Create a C program to simulate a digital clock for 34 seconds.,d907638f15f10c8e
Create a C program to simulate a digital clock for 35 seconds.,d907638f15f10c8e
Create a C program to simulate a digital clock for 36 seconds.,d907638f15f10c8e
Create a C program to simulate a digital clock for 37 seconds.,d907638f15f10c8e
Create a C program to simulate a digital clock for 38 seconds.,d907638f15f10c8e
Create a C program to simulate a digital clock for 39 seconds.,d907638f15f10c8e
Create a C program to simulate a digital clock for 4 seconds.,d907638f15f10c8e
Create a C program to simulate a digital clock for 40 seconds.,d907638f15f10c8e
Create a C program to simulate a digital clock for 41 seconds.,d907638f15f10c8e
Create a C program to simulate a digital clock for 42 seconds.,d907638f15f10c8e
Create a C program to simulate a digital clock for 43 seconds.,d907638f15f10c8e
Create a C program to simulate a digital clock for 44 seconds.,d907638f15f10c8e
Create a C program to simulate a digital clock for 45 seconds.,d907638f15f10c8e
Create a C program to simulate a digital clock for 46 seconds.,d907638f15f10c8e
Create a C program to simulate a digital clock for 47 seconds.,d907638f15f10c8e
Create a C program to simulate a digital clock for 48 seconds.,d907638f15f10c8e
Create a C program to simulate a digital clock for 49 seconds.,d907638f15f10c8e
Create a C program to simulate a digital clock for 5 seconds.,d907638f15f10c8e
Create a C program to simulate a digital clock for 50 seconds.,d907638f15f10c8e
Create a C program to simulate a digital clock for 51 seconds.,d907638f15f10c8e
Create a C program to simulate a digital clock for 52 seconds.,d907638f15f10c8e
Create a C program to simulate a digital clock for 54 seconds.,d907638f15f10c8e
Create a C program to simulate a digital clock for 55 seconds.,d907638f15f10c8e
Create a C program to simulate a digital clock for 56 seconds.,d907638f15f10c8e
Create a C program to simulate a digital clock for 57 seconds.,d907638f15f10c8e
Create a C program to simulate a digital clock for 58 seconds.,d907638f15f10c8e
Create a C program to simulate a digital clock for 59 seconds.,d907638f15f10c8e
Create a C program to simulate a digital clock for 6 seconds.,d907638f15f10c8e
Create a C program to simulate a digital clock for 60 seconds.,d907638f15f10c8e
Create a C program to simulate a digital clock for 7 seconds.,d907638f15f10c8e
Create a C program to simulate a digital clock for 8 seconds.,d907638f15f10c8e
Create a C program to simulate a digital clock for 9 seconds.,d907638f15f10c8e
Write a C function that verifies if an email address is valid.,d94b7b5a04aac6a4
Create a C program to implement a custom memory allocator.,dd98b0e493e6f81d
Create a class to implement a custom memory allocator in the C programming language.,dd98b0e493e6f81d
Create a C function that calculates the area of a triangle given its base and height.,ddf1635034d0b415
Create a C program that calculates the area of a triangle given its base and height.,ddf1635034d0b415
Build a C function to solve the N-Queens problem for N = 16.,e08cbbcce12b9b6c
Build a C function to solve the N-Queens problem for N = 24.,e08cbbcce12b9b6c
Build a C function to solve the N-Queens problem for N = 28.,e08cbbcce12b9b6c
Build a C function to solve the N-Queens problem for N = 76.,e08cbbcce12b9b6c
Build a C function to solve the N-Queens problem for N = 93.,e08cbbcce12b9b6c
Build a C function to solve the N-Queens problem for N = 96.,e08cbbcce12b9b6c
Build a C program to solve the N-Queens problem for N = 10.,e08cbbcce12b9b6c
Build a C program to solve the N-Queens problem for N = 100.,e08cbbcce12b9b6c
Build a C program to solve the N-Queens problem for N = 12.,e08cbbcce12b9b6c
Build a C program to solve the N-Queens problem for N = 13.,e08cbbcce12b9b6c
Build a C program to solve the N-Queens problem for N = 14.,e08cbbcce12b9b6c
Build a C program to solve the N-Queens problem for N = 15.,e08cbbcce12b9b6c
Build a C program to solve the N-Queens problem for N = 16.,e08cbbcce12b9b6c
Build a C program to solve the N-Queens problem for N = 18.,e08cbbcce12b9b6c
Build a C program to solve the N-Queens problem for N = 19.,e08cbbcce12b9b6c
Build a C program to solve the N-Queens problem for N = 2.,e08cbbcce12b9b6c
Build a C program to solve the N-Queens problem for N = 20.,e08cbbcce12b9b6c
Build a C program to solve the N-Queens problem for N = 21.,e08cbbcce12b9b6c
Build a C program to solve the N-Queens problem for N = 22.,e08cbbcce12b9b6c
Build a C program to solve the N-Queens problem for N = 23.,e08cbbcce12b9b6c
Build a C program to solve the N-Queens problem for N = 24.,e08cbbcce12b9b6c
Build a C program to solve the N-Queens problem for N = 26.,e08cbbcce12b9b6c
Build a C program to solve the N-Queens problem for N = 27.,e08cbbcce12b9b6c
Build a C program to solve the N-Queens problem for N = 28.,e08cbbcce12b9b6c
Build a C program to solve the N-Queens problem for N = 29.,e08cbbcce12b9b6c
Build a C program to solve the N-Queens problem for N = 3.,e08cbbcce12b9b6c
Build a C program to solve the N-Queens problem for N = 31.,e08cbbcce12b9b6c
Build a C program to solve the N-Queens problem for N = 33.,e08cbbcce12b9b6c
Build a C program to solve the N-Queens problem for N = 34.,e08cbbcce12b9b6c
Build a C program to solve the N-Queens problem for N = 35.,e08cbbcce12b9b6c
Build a C program to solve the N-Queens problem for N = 36.,e08cbbcce12b9b6c
Build a C program to solve the N-Queens problem for N = 37.,e08cbbcce12b9b6c
Build a C program to solve the N-Queens problem for N = 38.,e08cbbcce12b9b6c
Build a C program to solve the N-Queens problem for N = 4.,e08cbbcce12b9b6c
Build a C program to solve the N-Queens problem for N = 40.,e08cbbcce12b9b6c
Build a C program to solve the N-Queens problem for N = 42.,e08cbbcce12b9b6c
Build a C program to solve the N-Queens problem for N = 43.,e08cbbcce12b9b6c
Build a C program to solve the N-Queens problem for N = 45.,e08cbbcce12b9b6c
Build a C program to solve the N-Queens problem for N = 46.,e08cbbcce12b9b6c
Build a C program to solve the N-Queens problem for N = 47.,e08cbbcce12b9b6c
Build a C program to solve the N-Queens problem for N = 49.,e08cbbcce12b9b6c
Build a C program to solve the N-Queens problem for N = 5.,e08cbbcce12b9b6c
Build a C program to solve the N-Queens problem for N = 50.,e08cbbcce12b9b6c
Build a C program to solve the N-Queens problem for N = 51.,e08cbbcce12b9b6c
Build a C program to solve the N-Queens problem for N = 52.,e08cbbcce12b9b6c
Build a C program to solve the N-Queens problem for N = 53.,e08cbbcce12b9b6c
Build a C program to solve the N-Queens problem for N = 54.,e08cbbcce12b9b6c
Build a C program to solve the N-Queens problem for N = 55.,e08cbbcce12b9b6c
Build a C program to solve the N-Queens problem for N = 56.,e08cbbcce12b9b6c
Build a C program to solve the N-Queens problem for N = 57.,e08cbbcce12b9b6c
Build a C program to solve the N-Queens problem for N = 58.,e08cbbcce12b9b6c
Build a C program to solve the N-Queens problem for N = 59.,e08cbbcce12b9b6c
Build a C program to solve the N-Queens problem for N = 6.,e08cbbcce12b9b6c
Build a C program to solve the N-Queens problem for N = 60.,e08cbbcce12b9b6c
Build a C program to solve the N-Queens problem for N = 61.,e08cbbcce12b9b6c
Build a C program to solve the N-Queens problem for N = 62.,e08cbbcce12b9b6c
Build a C program to solve the N-Queens problem for N = 63.,e08cbbcce12b9b6c
Build a C program to solve the N-Queens problem for N = 64.,e08cbbcce12b9b6c
Build a C program to solve the N-Queens problem for N = 65.,e08cbbcce12b9b6c
Build a C program to solve the N-Queens problem for N = 66.,e08cbbcce12b9b6c
Build a C program to solve the N-Queens problem for N = 67.,e08cbbcce12b9b6c
Build a C program to solve the N-Queens problem for N = 68.,e08cbbcce12b9b6c
Build a C program to solve the N-Queens problem for N = 69.,e08cbbcce12b9b6c
Build a C program to solve the N-Queens problem for N = 7.,e08cbbcce12b9b6c
Build a C program to solve the N-Queens problem for N = 71.,e08cbbcce12b9b6c
Build a C program to solve the N-Queens problem for N = 72.,e08cbbcce12b9b6c
Build a C program to solve the N-Queens problem for N = 74.,e08cbbcce12b9b6c
Build a C program to solve the N-Queens problem for N = 75.,e08cbbcce12b9b6c
Build a C program to solve the N-Queens problem for N = 76.,e08cbbcce12b9b6c
Build a C program to solve the N-Queens problem for N = 78.,e08cbbcce12b9b6c
Build a C program to solve the N-Queens problem for N = 79.,e08cbbcce12b9b6c
Build a C program to solve the N-Queens problem for N = 8.,e08cbbcce12b9b6c
Build a C program to solve the N-Queens problem for N = 80.,e08cbbcce12b9b6c
Build a C program to solve the N-Queens problem for N = 82.,e08cbbcce12b9b6c
Build a C program to solve the N-Queens problem for N = 83.,e08cbbcce12b9b6c
Build a C program to solve the N-Queens problem for N = 84.,e08cbbcce12b9b6c
Build a C program to solve the N-Queens problem for N = 85.,e08cbbcce12b9b6c
Build a C program to solve the N-Queens problem for N = 86.,e08cbbcce12b9b6c
Build a C program to solve the N-Queens problem for N = 87.,e08cbbcce12b9b6c
Build a C program to solve the N-Queens problem for N = 88.,e08cbbcce12b9b6c
Build a C program to solve the N-Queens problem for N = 89.,e08cbbcce12b9b6c
Build a C program to solve the N-Queens problem for N = 9.,e08cbbcce12b9b6c
Build a C program to solve the N-Queens problem for N = 92.,e08cbbcce12b9b6c
Build a C program to solve the N-Queens problem for N = 93.,e08cbbcce12b9b6c
Build a C program to solve the N-Queens problem for N = 95.,e08cbbcce12b9b6c
Build a C program to solve the N-Queens problem for N = 96.,e08cbbcce12b9b6c
Build a C program to solve the N-Queens problem for N = 97.,e08cbbcce12b9b6c
Build a C program to solve the N-Queens problem for N = 98.,e08cbbcce12b9b6c
Build a C program to solve the N-Queens problem for N = 99.,e08cbbcce12b9b6c
"Make a C function that simulates a simple file system with 1 files. The user can create, delete, and list files, and they can move between folders.",e0a7ad961c2cc96e
"Make a C function that simulates a simple file system with 5 files. The user can create, delete, and list files, and they can move between folders.",e0a7ad961c2cc96e
"Make a C function that simulates a simple file system with 8 files. The user can create, delete, and list files, and they can move between folders.",e0a7ad961c2cc96e
Make a C program that simulates a simple file system with 1 files.,e0a7ad961c2cc96e
"Make a C program that simulates a simple file system with 1 files. The user can create, delete, and list files, and they can move between folders.",e0a7ad961c2cc96e
Make a C program that simulates a simple file system with 10 files.,e0a7ad961c2cc96e
"Make a C program that simulates a simple file system with 10 files. The user can create, delete, and list files, and they can move between folders.",e0a7ad961c2cc96e
Make a C program that simulates a simple file system with 2 files.,e0a7ad961c2cc96e
"Make a C program that simulates a simple file system with 2 files. The user can create, delete, and list files, and they can move between folders.",e0a7ad961c2cc96e
Make a C program that simulates a simple file system with 3 files.,e0a7ad961c2cc96e
"Make a C program that simulates a simple file system with 3 files. The user can create, delete, and list files, and they can move between folders.",e0a7ad961c2cc96e
Make a C program that simulates a simple file system with 4 files.,e0a7ad961c2cc96e
"Make a C program that simulates a simple file system with 4 files. The user can create, delete, and list files, and they can move between folders.",e0a7ad961c2cc96e
Make a C program that simulates a simple file system with 5 files.,e0a7ad961c2cc96e
"Make a C program that simulates a simple file system with 5 files. The user can create, delete, and list files, and they can move between folders.",e0a7ad961c2cc96e
Make a C program that simulates a simple file system with 6 files.,e0a7ad961c2cc96e
Make a C program that simulates a simple file system with 7 files.,e0a7ad961c2cc96e
"Make a C program that simulates a simple file system with 7 files. The user can create, delete, and list files, and they can move between folders.",e0a7ad961c2cc96e
Make a C program that simulates a simple file system with 8 files.,e0a7ad961c2cc96e
"Make a C program that simulates a simple file system with 8 files. The user can create, delete, and list files, and they can move between folders.",e0a7ad961c2cc96e
Make a C program that simulates a simple file system with 9 files.,e0a7ad961c2cc96e
"Make a C program that simulates a simple file system with 9 files. The user can create, delete, and list files, and they can move between folders.",e0a7ad961c2cc96e
Write a C function to generate an abstract syntax tree for arithmetic expressions.,e133be2cec208de9
Write a C program to generate an abstract syntax tree for arithmetic expressions.,e133be2cec208de9
"Write a C function that given two lists of integers between 0 and 9, returns the sum of the two numbers represented by the lists. The first list is the most significant digit, so [1, 2, 3] + [4, 5, 6] = 579.",e2b5605d68356d9f
"Write a C function that receives a dictionary with the prices of groceries and a shopping list and returns the total price of the shopping list. Make sure that if an item is scanned multiple times the item itself will appear as 'milkx2' instead of 'milk, milk'.",e3366ce39b9f1f16
"Write a C program that receives a dictionary with the prices of groceries and a shopping list and returns the total price of the shopping list. Make sure that if an item is scanned multiple times the item itself will appear as 'milkx2' instead of 'milk, milk'.",e3366ce39b9f1f16
Create a C program that interacts with GPIO pins (Raspberry Pi).,e39a92a676708d25
"Create a C function that computes GPA from grades: ['A', 'C', 'C', 'A', 'C'].",e40c0f90b39dad5f
"Create a C function that computes GPA from grades: ['A', 'F', 'F', 'D', 'C'].",e40c0f90b39dad5f
"Create a C function that computes GPA from grades: ['B', 'B', 'B', 'F', 'C'].",e40c0f90b39dad5f
"Create a C function that computes GPA from grades: ['C', 'B', 'C', 'C', 'F'].",e40c0f90b39dad5f
"Create a C function that computes GPA from grades: ['D', 'D', 'F', 'D', 'B'].",e40c0f90b39dad5f
"Create a C function that computes GPA from grades: ['F', 'A', 'C', 'A', 'D'].",e40c0f90b39dad5f
"Create a C function that computes GPA from grades: ['F', 'B', 'C', 'C', 'B'].",e40c0f90b39dad5f
"Create a C function that computes GPA from grades: ['F', 'F', 'C', 'B', 'F'].",e40c0f90b39dad5f
"Create a C program that computes GPA from grades: ['A', 'A', 'A', 'B', 'D'].",e40c0f90b39dad5f
"Create a C program that computes GPA from grades: ['A', 'A', 'C', 'B', 'A'].",e40c0f90b39dad5f
"Create a C program that computes GPA from grades: ['A', 'A', 'C', 'C', 'B'].",e40c0f90b39dad5f
"Create a C program that computes GPA from grades: ['A', 'B', 'B', 'F', 'C'].",e40c0f90b39dad5f
"Create a C program that computes GPA from grades: ['A', 'B', 'D', 'D', 'F'].",e40c0f90b39dad5f
"Create a C program that computes GPA from grades: ['A', 'B', 'D', 'F', 'D'].",e40c0f90b39dad5f
"Create a C program that computes GPA from grades: ['A', 'C', 'A', 'A', 'F'].",e40c0f90b39dad5f
"Create a C program that computes GPA from grades: ['A', 'C', 'A', 'C', 'A'].",e40c0f90b39dad5f
"Create a C program that computes GPA from grades: ['A', 'C', 'B', 'C', 'C'].",e40c0f90b39dad5f
"Create a C program that computes GPA from grades: ['A', 'C', 'B', 'F', 'C'].",e40c0f90b39dad5f
"Create a C program that computes GPA from grades: ['A', 'C', 'B', 'F', 'F'].",e40c0f90b39dad5f
"Create a C program that computes GPA from grades: ['A', 'C', 'D', 'C', 'C'].",e40c0f90b39dad5f
"Create a C program that computes GPA from grades: ['A', 'C', 'D', 'D', 'A'].",e40c0f90b39dad5f
"Create a C program that computes GPA from grades: ['A', 'D', 'B', 'C', 'C'].",e40c0f90b39dad5f
"Create a C program that computes GPA from grades: ['A', 'D', 'C', 'C', 'D'].",e40c0f90b39dad5f
"Create a C program that computes GPA from grades: ['A', 'D', 'C', 'F', 'C'].",e40c0f90b39dad5f
"Create a C program that computes GPA from grades: ['A', 'D', 'F', 'F', 'F'].",e40c0f90b39dad5f
"Create a C program that computes GPA from grades: ['A', 'F', 'A', 'D', 'D'].",e40c0f90b39dad5f
"Create a C program that computes GPA from grades: ['A', 'F', 'B', 'A', 'F'].",e40c0f90b39dad5f
"Create a C program that computes GPA from grades: ['A', 'F', 'B', 'F', 'F'].",e40c0f90b39dad5f
"Create a C program that computes GPA from grades: ['A', 'F', 'C', 'B', 'A'].",e40c0f90b39dad5f
"Create a C program that computes GPA from grades: ['A', 'F', 'D', 'B', 'D'].",e40c0f90b39dad5f
"Create a C program that computes GPA from grades: ['A', 'F', 'D', 'F', 'A'].",e40c0f90b39dad5f
"Create a C program that computes GPA from grades: ['A', 'F', 'F', 'F', 'A'].",e40c0f90b39dad5f
"Create a C program that computes GPA from grades: ['A', 'F', 'F', 'F', 'B'].",e40c0f90b39dad5f
"Create a C program that computes GPA from grades: ['B', 'A', 'A', 'B', 'D'].",e40c0f90b39dad5f
"Create a C program that computes GPA from grades: ['B', 'A', 'A', 'C', 'B'].",e40c0f90b39dad5f
"Create a C program that computes GPA from grades: ['B', 'A', 'B', 'B', 'B'].",e40c0f90b39dad5f
"Create a C program that computes GPA from grades: ['B', 'A', 'B', 'C', 'D'].",e40c0f90b39dad5f
"Create a C program that computes GPA from grades: ['B', 'A', 'B', 'F', 'C'].",e40c0f90b39dad5f
"Create a C program that computes GPA from grades: ['B', 'A', 'C', 'A', 'D'].",e40c0f90b39dad5f
"Create a C program that computes GPA from grades: ['B', 'A', 'C', 'B', 'C'].",e40c0f90b39dad5f
"Create a C program that computes GPA from grades: ['B', 'A', 'C', 'B', 'D'].",e40c0f90b39dad5f
"Create a C program that computes GPA from grades: ['B', 'A', 'C', 'D', 'C'].",e40c0f90b39dad5f
"Create a C program that computes GPA from grades: ['B', 'A', 'C', 'D', 'F'].",e40c0f90b39dad5f
"Create a C program that computes GPA from grades: ['B', 'A', 'D', 'A', 'F'].",e40c0f90b39dad5f
"Create a C program that computes GPA from grades: ['B', 'A', 'D', 'C', 'A'].",e40c0f90b39dad5f
"Create a C program that computes GPA from grades: ['B', 'A', 'D', 'C', 'F'].",e40c0f90b39dad5f
"Create a C program that computes GPA from grades: ['B', 'A', 'F', 'F', 'D'].",e40c0f90b39dad5f
"Create a C program that computes GPA from grades: ['B', 'B', 'A', 'C', 'A'].",e40c0f90b39dad5f
"Create a C program that computes GPA from grades: ['B', 'B', 'A', 'D', 'C'].",e40c0f90b39dad5f
"Create a C program that computes GPA from grades: ['B', 'B', 'A', 'F', 'C'].",e40c0f90b39dad5f
"Create a C program that computes GPA from grades: ['B', 'B', 'C', 'B', 'D'].",e40c0f90b39dad5f
"Create a C program that computes GPA from grades: ['B', 'B', 'C', 'F', 'A'].",e40c0f90b39dad5f
"Create a C program that computes GPA from grades: ['B', 'B', 'F', 'D', 'B'].",e40c0f90b39dad5f
"Create a C program that computes GPA from grades: ['B', 'C', 'A', 'A', 'C'].",e40c0f90b39dad5f
"Create a C program that computes GPA from grades: ['B', 'C', 'C', 'A', 'C'].",e40c0f90b39dad5f
"Create a C program that computes GPA from grades: ['B', 'C', 'C', 'C', 'F'].",e40c0f90b39dad5f
"Create a C program that computes GPA from grades: ['B', 'C', 'F', 'B', 'D'].",e40c0f90b39dad5f
"Create a C program that computes GPA from grades: ['B', 'D', 'A', 'C', 'D'].",e40c0f90b39dad5f
"Create a C program that computes GPA from grades: ['B', 'D', 'A', 'F', 'B'].",e40c0f90b39dad5f
"Create a C program that computes GPA from grades: ['B', 'D', 'C', 'D', 'C'].",e40c0f90b39dad5f
"Create a C program that computes GPA from grades: ['B', 'D', 'C', 'F', 'D'].",e40c0f90b39dad5f
"Create a C program that computes GPA from grades: ['B', 'D', 'D', 'B', 'A'].",e40c0f90b39dad5f
"Create a C program that computes GPA from grades: ['B', 'D', 'D', 'D', 'B'].",e40c0f90b39dad5f
"Create a C program that computes GPA from grades: ['B', 'D', 'F', 'C', 'C'].",e40c0f90b39dad5f
"Create a C program that computes GPA from grades: ['B', 'D', 'F', 'C', 'D'].",e40c0f90b39dad5f
"Create a C program that computes GPA from grades: ['B', 'F', 'A', 'D', 'A'].",e40c0f90b39dad5f
"Create a C program that computes GPA from grades: ['B', 'F', 'A', 'D', 'F'].",e40c0f90b39dad5f
"Create a C program that computes GPA from grades: ['B', 'F', 'B', 'B', 'C'].",e40c0f90b39dad5f
"Create a C program that computes GPA from grades: ['B', 'F', 'C', 'A', 'B'].",e40c0f90b39dad5f
"Create a C program that computes GPA from grades: ['B', 'F', 'C', 'D', 'B'].",e40c0f90b39dad5f
"Create a C program that computes GPA from grades: ['B', 'F', 'D', 'D', 'D'].",e40c0f90b39dad5f
"Create a C program that computes GPA from grades: ['C', 'A', 'A', 'C', 'B'].",e40c0f90b39dad5f
"Create a C program that computes GPA from grades: ['C', 'A', 'B', 'A', 'C'].",e40c0f90b39dad5f
"Create a C program that computes GPA from grades: ['C', 'A', 'D', 'D', 'C'].",e40c0f90b39dad5f
"Create a C program that computes GPA from grades: ['C', 'A', 'F', 'A', 'A'].",e40c0f90b39dad5f
"Create a C program that computes GPA from grades: ['C', 'A', 'F', 'D', 'B'].",e40c0f90b39dad5f
"Create a C program that computes GPA from grades: ['C', 'B', 'A', 'C', 'F'].",e40c0f90b39dad5f
"Create a C program that computes GPA from grades: ['C', 'B', 'A', 'D', 'B'].",e40c0f90b39dad5f
"Create a C program that computes GPA from grades: ['C', 'B', 'B', 'A', 'D'].",e40c0f90b39dad5f
"Create a C program that computes GPA from grades: ['C', 'B', 'B', 'B', 'D'].",e40c0f90b39dad5f
"Create a C program that computes GPA from grades: ['C', 'B', 'B', 'F', 'C'].",e40c0f90b39dad5f
"Create a C program that computes GPA from grades: ['C', 'B', 'B', 'F', 'D'].",e40c0f90b39dad5f
"Create a C program that computes GPA from grades: ['C', 'B', 'D', 'B', 'A'].",e40c0f90b39dad5f
"Create a C program that computes GPA from grades: ['C', 'B', 'D', 'B', 'C'].",e40c0f90b39dad5f
"Create a C program that computes GPA from grades: ['C', 'B', 'D', 'C', 'B'].",e40c0f90b39dad5f
"Create a C program that computes GPA from grades: ['C', 'B', 'D', 'F', 'A'].",e40c0f90b39dad5f
"Create a C program that computes GPA from grades: ['C', 'B', 'F', 'F', 'B'].",e40c0f90b39dad5f
"Create a C program that computes GPA from grades: ['C', 'C', 'A', 'B', 'A'].",e40c0f90b39dad5f
"Create a C program that computes GPA from grades: ['C', 'C', 'B', 'D', 'F'].",e40c0f90b39dad5f
"Create a C program that computes GPA from grades: ['C', 'C', 'C', 'D', 'A'].",e40c0f90b39dad5f
"Create a C program that computes GPA from grades: ['C', 'C', 'C', 'D', 'B'].",e40c0f90b39dad5f
"Create a C program that computes GPA from grades: ['C', 'C', 'D', 'B', 'F'].",e40c0f90b39dad5f
"Create a C program that computes GPA from grades: ['C', 'C', 'D', 'C', 'C'].",e40c0f90b39dad5f
"Create a C program that computes GPA from grades: ['C', 'D', 'A', 'A', 'D'].",e40c0f90b39dad5f
"Create a C program that computes GPA from grades: ['C', 'D', 'A', 'B', 'A'].",e40c0f90b39dad5f
"Create a C program that computes GPA from grades: ['C', 'D', 'A', 'D', 'F'].",e40c0f90b39dad5f
"Create a C program that computes GPA from grades: ['C', 'D', 'B', 'F', 'C'].",e40c0f90b39dad5f
"Create a C program that computes GPA from grades: ['C', 'D', 'C', 'B', 'B'].",e40c0f90b39dad5f
"Create a C program that computes GPA from grades: ['C', 'D', 'C', 'C', 'C'].",e40c0f90b39dad5f
"Create a C program that computes GPA from grades: ['C', 'D', 'D', 'B', 'D'].",e40c0f90b39dad5f
"Create a C program that computes GPA from grades: ['C', 'D', 'F', 'C', 'D'].",e40c0f90b39dad5f
"Create a C program that computes GPA from grades: ['C', 'D', 'F', 'D', 'F'].",e40c0f90b39dad5f
"Create a C program that computes GPA from grades: ['C', 'D', 'F', 'F', 'C'].",e40c0f90b39dad5f
"Create a C program that computes GPA from grades: ['C', 'F', 'B', 'A', 'B'].",e40c0f90b39dad5f
"Create a C program that computes GPA from grades: ['C', 'F', 'C', 'A', 'A'].",e40c0f90b39dad5f
"Create a C program that computes GPA from grades: ['C', 'F', 'C', 'D', 'C'].",e40c0f90b39dad5f
"Create a C program that computes GPA from grades: ['C', 'F', 'D', 'B', 'C'].",e40c0f90b39dad5f
"Create a C program that computes GPA from grades: ['D', 'A', 'A', 'B', 'F'].",e40c0f90b39dad5f
"Create a C program that computes GPA from grades: ['D', 'A', 'A', 'F', 'B'].",e40c0f90b39dad5f
"Create a C program that computes GPA from grades: ['D', 'A', 'B', 'B', 'D'].",e40c0f90b39dad5f
"Create a C program that computes GPA from grades: ['D', 'A', 'C', 'A', 'F'].",e40c0f90b39dad5f
"Create a C program that computes GPA from grades: ['D', 'A', 'C', 'D', 'A'].",e40c0f90b39dad5f
"Create a C program that computes GPA from grades: ['D', 'A', 'D', 'D', 'F'].",e40c0f90b39dad5f
"Create a C program that computes GPA from grades: ['D', 'A', 'F', 'B', 'F'].",e40c0f90b39dad5f
"Create a C program that computes GPA from grades: ['D', 'B', 'A', 'F', 'C'].",e40c0f90b39dad5f
"Create a C program that computes GPA from grades: ['D', 'B', 'B', 'A', 'C'].",e40c0f90b39dad5f
"Create a C program that computes GPA from grades: ['D', 'B', 'D', 'B', 'F'].",e40c0f90b39dad5f
"Create a C program that computes GPA from grades: ['D', 'B', 'D', 'D', 'B'].",e40c0f90b39dad5f
"Create a C program that computes GPA from grades: ['D', 'B', 'F', 'B', 'A'].",e40c0f90b39dad5f
"Create a C program that computes GPA from grades: ['D', 'B', 'F', 'B', 'D'].",e40c0f90b39dad5f
"Create a C program that computes GPA from grades: ['D', 'B', 'F', 'D', 'A'].",e40c0f90b39dad5f
"Create a C program that computes GPA from grades: ['D', 'B', 'F', 'D', 'F'].",e40c0f90b39dad5f
"Create a C program that computes GPA from grades: ['D', 'C', 'A', 'B', 'F'].",e40c0f90b39dad5f
"Create a C program that computes GPA from grades: ['D', 'C', 'B', 'A', 'D'].",e40c0f90b39dad5f
"Create a C program that computes GPA from grades: ['D', 'C', 'C', 'B', 'C'].",e40c0f90b39dad5f
"Create a C program that computes GPA from grades: ['D', 'C', 'C', 'D', 'A'].",e40c0f90b39dad5f
"Create a C program that computes GPA from grades: ['D', 'C', 'C', 'F', 'B'].",e40c0f90b39dad5f
"Create a C program that computes GPA from grades: ['D', 'C', 'F', 'D', 'B'].",e40c0f90b39dad5f
"Create a C program that computes GPA from grades: ['D', 'D', 'A', 'B', 'C'].",e40c0f90b39dad5f
"Create a C program that computes GPA from grades: ['D', 'D', 'A', 'B', 'D'].",e40c0f90b39dad5f
"Create a C program that computes GPA from grades: ['D', 'D', 'A', 'D', 'B'].",e40c0f90b39dad5f
"Create a C program that computes GPA from grades: ['D', 'D', 'B', 'C', 'B'].",e40c0f90b39dad5f
"Create a C program that computes GPA from grades: ['D', 'D', 'B', 'F', 'A'].",e40c0f90b39dad5f
"Create a C program that computes GPA from grades: ['D', 'D', 'C', 'D', 'B'].",e40c0f90b39dad5f
"Create a C program that computes GPA from grades: ['D', 'D', 'D', 'A', 'C'].",e40c0f90b39dad5f
"Create a C program that computes GPA from grades: ['D', 'D', 'D', 'C', 'B'].",e40c0f90b39dad5f
"Create a C program that computes GPA from grades: ['D', 'D', 'D', 'C', 'F'].",e40c0f90b39dad5f
"Create a C program that computes GPA from grades: ['D', 'D', 'D', 'D', 'C'].",e40c0f90b39dad5f
"Create a C program that computes GPA from grades: ['D', 'D', 'F', 'C', 'B'].",e40c0f90b39dad5f
"Create a C program that computes GPA from grades: ['D', 'F', 'B', 'C', 'A'].",e40c0f90b39dad5f
"Create a C program that computes GPA from grades: ['D', 'F', 'B', 'D', 'A'].",e40c0f90b39dad5f
"Create a C program that computes GPA from grades: ['D', 'F', 'B', 'D', 'F'].",e40c0f90b39dad5f
"Create a C program that computes GPA from grades: ['D', 'F', 'C', 'D', 'B'].",e40c0f90b39dad5f
"Create a C program that computes GPA from grades: ['D', 'F', 'C', 'F', 'C'].",e40c0f90b39dad5f
"Create a C program that computes GPA from grades: ['D', 'F', 'D', 'C', 'F'].",e40c0f90b39dad5f
"Create a C program that computes GPA from grades: ['D', 'F', 'F', 'F', 'A'].",e40c0f90b39dad5f
"Create a C program that computes GPA from grades: ['F', 'A', 'B', 'A', 'F'].",e40c0f90b39dad5f
"Create a C program that computes GPA from grades: ['F', 'A', 'B', 'C', 'A'].",e40c0f90b39dad5f
"Create a C program that computes GPA from grades: ['F', 'A', 'B', 'C', 'B'].",e40c0f90b39dad5f
"Create a C program that computes GPA from grades: ['F', 'A', 'B', 'D', 'D'].",e40c0f90b39dad5f
"Create a C program that computes GPA from grades: ['F', 'A', 'B', 'F', 'D'].",e40c0f90b39dad5f
"Create a C program that computes GPA from grades: ['F', 'A', 'C', 'D', 'B'].",e40c0f90b39dad5f
"Create a C program that computes GPA from grades: ['F', 'A', 'D', 'A', 'F'].",e40c0f90b39dad5f
"Create a C program that computes GPA from grades: ['F', 'A', 'D', 'F', 'B'].",e40c0f90b39dad5f
"Create a C program that computes GPA from grades: ['F', 'A', 'D', 'F', 'D'].",e40c0f90b39dad5f
"Create a C program that computes GPA from grades: ['F', 'A', 'F', 'B', 'D'].",e40c0f90b39dad5f
"Create a C program that computes GPA from grades: ['F', 'B', 'B', 'F', 'A'].",e40c0f90b39dad5f
"Create a C program that computes GPA from grades: ['F', 'B', 'C', 'A', 'D'].",e40c0f90b39dad5f
"Create a C program that computes GPA from grades: ['F', 'B', 'C', 'F', 'D'].",e40c0f90b39dad5f
"Create a C program that computes GPA from grades: ['F', 'B', 'D', 'C', 'A'].",e40c0f90b39dad5f
"Create a C program that computes GPA from grades: ['F', 'B', 'D', 'C', 'C'].",e40c0f90b39dad5f
"Create a C program that computes GPA from grades: ['F', 'C', 'B', 'B', 'F'].",e40c0f90b39dad5f
"Create a C program that computes GPA from grades: ['F', 'C', 'B', 'D', 'B'].",e40c0f90b39dad5f
"Create a C program that computes GPA from grades: ['F', 'C', 'D', 'D', 'A'].",e40c0f90b39dad5f
"Create a C program that computes GPA from grades: ['F', 'C', 'F', 'D', 'A'].",e40c0f90b39dad5f
"Create a C program that computes GPA from grades: ['F', 'D', 'C', 'A', 'A'].",e40c0f90b39dad5f
"Create a C program that computes GPA from grades: ['F', 'D', 'C', 'C', 'F'].",e40c0f90b39dad5f
"Create a C program that computes GPA from grades: ['F', 'D', 'F', 'A', 'A'].",e40c0f90b39dad5f
"Create a C program that computes GPA from grades: ['F', 'D', 'F', 'A', 'F'].",e40c0f90b39dad5f
"Create a C program that computes GPA from grades: ['F', 'D', 'F', 'C', 'C'].",e40c0f90b39dad5f
"Create a C program that computes GPA from grades: ['F', 'D', 'F', 'C', 'D'].",e40c0f90b39dad5f
"Create a C program that computes GPA from grades: ['F', 'D', 'F', 'D', 'A'].",e40c0f90b39dad5f
"Create a C program that computes GPA from grades: ['F', 'F', 'A', 'A', 'B'].",e40c0f90b39dad5f
"Create a C program that computes GPA from grades: ['F', 'F', 'A', 'D', 'F'].",e40c0f90b39dad5f
"Create a C program that computes GPA from grades: ['F', 'F', 'B', 'D', 'F'].",e40c0f90b39dad5f
"Create a C program that computes GPA from grades: ['F', 'F', 'C', 'D', 'F'].",e40c0f90b39dad5f
"Create a C program that computes GPA from grades: ['F', 'F', 'C', 'F', 'A'].",e40c0f90b39dad5f
"Create a C program that computes GPA from grades: ['F', 'F', 'C', 'F', 'D'].",e40c0f90b39dad5f
"Create a C program that computes GPA from grades: ['F', 'F', 'D', 'A', 'D'].",e40c0f90b39dad5f
"Create a C program that computes GPA from grades: ['F', 'F', 'D', 'B', 'A'].",e40c0f90b39dad5f
"Create a C program that computes GPA from grades: ['F', 'F', 'D', 'B', 'F'].",e40c0f90b39dad5f
Create a C function to simulate Round Robin scheduling with 14 processes.,e60e6a9623e06c3a
Create a C function to simulate Round Robin scheduling with 30 processes.,e60e6a9623e06c3a
Create a C function to simulate Round Robin scheduling with 40 processes.,e60e6a9623e06c3a
Create a C function to simulate Round Robin scheduling with 46 processes.,e60e6a9623e06c3a
Create a C function to simulate Round Robin scheduling with 71 processes.,e60e6a9623e06c3a
Create a C function to simulate Round Robin scheduling with 84 processes.,e60e6a9623e06c3a
Create a C function to simulate Round Robin scheduling with 87 processes.,e60e6a9623e06c3a
Create a C program to simulate Round Robin scheduling with 10 processes.,e60e6a9623e06c3a
Create a C program to simulate Round Robin scheduling with 100 processes.,e60e6a9623e06c3a
Create a C program to simulate Round Robin scheduling with 11 processes.,e60e6a9623e06c3a
Create a C program to simulate Round Robin scheduling with 13 processes.,e60e6a9623e06c3a
Create a C program to simulate Round Robin scheduling with 14 processes.,e60e6a9623e06c3a
Create a C program to simulate Round Robin scheduling with 15 processes.,e60e6a9623e06c3a
Create a C program to simulate Round Robin scheduling with 16 processes.,e60e6a9623e06c3a
Create a C program to simulate Round Robin scheduling with 17 processes.,e60e6a9623e06c3a
Create a C program to simulate Round Robin scheduling with 18 processes.,e60e6a9623e06c3a
Create a C program to simulate Round Robin scheduling with 19 processes.,e60e6a9623e06c3a
Create a C program to simulate Round Robin scheduling with 2 processes.,e60e6a9623e06c3a
Create a C program to simulate Round Robin scheduling with 20 processes.,e60e6a9623e06c3a
Create a C program to simulate Round Robin scheduling with 21 processes.,e60e6a9623e06c3a
Create a C program to simulate Round Robin scheduling with 22 processes.,e60e6a9623e06c3a
Create a C program to simulate Round Robin scheduling with 23 processes.,e60e6a9623e06c3a
Create a C program to simulate Round Robin scheduling with 25 processes.,e60e6a9623e06c3a
Create a C program to simulate Round Robin scheduling with 26 processes.,e60e6a9623e06c3a
Create a C program to simulate Round Robin scheduling with 27 processes.,e60e6a9623e06c3a
Create a C program to simulate Round Robin scheduling with 28 processes.,e60e6a9623e06c3a
Create a C program to simulate Round Robin scheduling with 29 processes.,e60e6a9623e06c3a
Create a C program to simulate Round Robin scheduling with 3 processes.,e60e6a9623e06c3a
Create a C program to simulate Round Robin scheduling with 30 processes.,e60e6a9623e06c3a
Create a C program to simulate Round Robin scheduling with 31 processes.,e60e6a9623e06c3a
Create a C program to simulate Round Robin scheduling with 32 processes.,e60e6a9623e06c3a
Create a C program to simulate Round Robin scheduling with 33 processes.,e60e6a9623e06c3a
Create a C program to simulate Round Robin scheduling with 34 processes.,e60e6a9623e06c3a
Create a C program to simulate Round Robin scheduling with 35 processes.,e60e6a9623e06c3a
Create a C program to simulate Round Robin scheduling with 37 processes.,e60e6a9623e06c3a
Create a C program to simulate Round Robin scheduling with 38 processes.,e60e6a9623e06c3a
Create a C program to simulate Round Robin scheduling with 39 processes.,e60e6a9623e06c3a
Create a C program to simulate Round Robin scheduling with 4 processes.,e60e6a9623e06c3a
Create a C program to simulate Round Robin scheduling with 40 processes.,e60e6a9623e06c3a
Create a C program to simulate Round Robin scheduling with 42 processes.,e60e6a9623e06c3a
Create a C program to simulate Round Robin scheduling with 43 processes.,e60e6a9623e06c3a
Create a C program to simulate Round Robin scheduling with 44 processes.,e60e6a9623e06c3a
Create a C program to simulate Round Robin scheduling with 46 processes.,e60e6a9623e06c3a
Create a C program to simulate Round Robin scheduling with 47 processes.,e60e6a9623e06c3a
Create a C program to simulate Round Robin scheduling with 48 processes.,e60e6a9623e06c3a
Create a C program to simulate Round Robin scheduling with 49 processes.,e60e6a9623e06c3a
Create a C program to simulate Round Robin scheduling with 5 processes.,e60e6a9623e06c3a
Create a C program to simulate Round Robin scheduling with 50 processes.,e60e6a9623e06c3a
Create a C program to simulate Round Robin scheduling with 52 processes.,e60e6a9623e06c3a
Create a C program to simulate Round Robin scheduling with 53 processes.,e60e6a9623e06c3a
Create a C program to simulate Round Robin scheduling with 54 processes.,e60e6a9623e06c3a
Create a C program to simulate Round Robin scheduling with 55 processes.,e60e6a9623e06c3a
Create a C program to simulate Round Robin scheduling with 56 processes.,e60e6a9623e06c3a
Create a C program to simulate Round Robin scheduling with 57 processes.,e60e6a9623e06c3a
Create a C program to simulate Round Robin scheduling with 58 processes.,e60e6a9623e06c3a
Create a C program to simulate Round Robin scheduling with 6 processes.,e60e6a9623e06c3a
Create a C program to simulate Round Robin scheduling with 60 processes.,e60e6a9623e06c3a
Create a C program to simulate Round Robin scheduling with 61 processes.,e60e6a9623e06c3a
Create a C program to simulate Round Robin scheduling with 62 processes.,e60e6a9623e06c3a
Create a C program to simulate Round Robin scheduling with 63 processes.,e60e6a9623e06c3a
Create a C program to simulate Round Robin scheduling with 64 processes.,e60e6a9623e06c3a
Create a C program to simulate Round Robin scheduling with 65 processes.,e60e6a9623e06c3a
Create a C program to simulate Round Robin scheduling with 66 processes.,e60e6a9623e06c3a
Create a C program to simulate Round Robin scheduling with 67 processes.,e60e6a9623e06c3a
Create a C program to simulate Round Robin scheduling with 68 processes.,e60e6a9623e06c3a
Create a C program to simulate Round Robin scheduling with 69 processes.,e60e6a9623e06c3a
Create a C program to simulate Round Robin scheduling with 7 processes.,e60e6a9623e06c3a
Create a C program to simulate Round Robin scheduling with 70 processes.,e60e6a9623e06c3a
Create a C program to simulate Round Robin scheduling with 71 processes.,e60e6a9623e06c3a
Create a C program to simulate Round Robin scheduling with 72 processes.,e60e6a9623e06c3a
Create a C program to simulate Round Robin scheduling with 73 processes.,e60e6a9623e06c3a
Create a C program to simulate Round Robin scheduling with 74 processes.,e60e6a9623e06c3a
Create a C program to simulate Round Robin scheduling with 78 processes.,e60e6a9623e06c3a
Create a C program to simulate Round Robin scheduling with 79 processes.,e60e6a9623e06c3a
Create a C program to simulate Round Robin scheduling with 80 processes.,e60e6a9623e06c3a
Create a C program to simulate Round Robin scheduling with 81 processes.,e60e6a9623e06c3a
Create a C program to simulate Round Robin scheduling with 82 processes.,e60e6a9623e06c3a
Create a C program to simulate Round Robin scheduling with 83 processes.,e60e6a9623e06c3a
Create a C program to simulate Round Robin scheduling with 84 processes.,e60e6a9623e06c3a
Create a C program to simulate Round Robin scheduling with 85 processes.,e60e6a9623e06c3a
Create a C program to simulate Round Robin scheduling with 86 processes.,e60e6a9623e06c3a
Create a C program to simulate Round Robin scheduling with 88 processes.,e60e6a9623e06c3a
Create a C program to simulate Round Robin scheduling with 89 processes.,e60e6a9623e06c3a
Create a C program to simulate Round Robin scheduling with 90 processes.,e60e6a9623e06c3a
Create a C program to simulate Round Robin scheduling with 93 processes.,e60e6a9623e06c3a
Create a C program to simulate Round Robin scheduling with 94 processes.,e60e6a9623e06c3a
Create a C program to simulate Round Robin scheduling with 95 processes.,e60e6a9623e06c3a
Create a C program to simulate Round Robin scheduling with 96 processes.,e60e6a9623e06c3a
Create a C program to simulate Round Robin scheduling with 98 processes.,e60e6a9623e06c3a
Write a C function that computes the Riemann zeta function ζ(s) for s = 2.086828832516642 using a series approximation.,e65a5aa91e4a0634
Write a C function that computes the Riemann zeta function ζ(s) for s = 2.8262803012097644 using a series approximation.,e65a5aa91e4a0634
Write a C function that computes the Riemann zeta function ζ(s) for s = 2.9196424820247655 using a series approximation.,e65a5aa91e4a0634
Write a C function that computes the Riemann zeta function ζ(s) for s = 3.0104331166868414 using a series approximation.,e65a5aa91e4a0634
Write a C program that computes the Riemann zeta function ζ(s) for s = 1.5259729826044028 using a series approximation.,e65a5aa91e4a0634
Write a C program that computes the Riemann zeta function ζ(s) for s = 1.718547822377475 using a series approximation.,e65a5aa91e4a0634
Write a C program that computes the Riemann zeta function ζ(s) for s = 1.8747493510096778 using a series approximation.,e65a5aa91e4a0634
Write a C program that computes the Riemann zeta function ζ(s) for s = 2.0264254304302436 using a series approximation.,e65a5aa91e4a0634
Write a C program that computes the Riemann zeta function ζ(s) for s = 2.1458343216014404 using a series approximation.,e65a5aa91e4a0634
Write a C program that computes the Riemann zeta function ζ(s) for s = 2.366699031041527 using a series approximation.,e65a5aa91e4a0634
Write a C program that computes the Riemann zeta function ζ(s) for s = 2.4152739012656372 using a series approximation.,e65a5aa91e4a0634
Write a C program that computes the Riemann zeta function ζ(s) for s = 2.4403357578885276 using a series approximation.,e65a5aa91e4a0634
Write a C program that computes the Riemann zeta function ζ(s) for s = 2.764896882301519 using a series approximation.,e65a5aa91e4a0634
Write a C program that computes the Riemann zeta function ζ(s) for s = 2.778472330311583 using a series approximation.,e65a5aa91e4a0634
Write a C program that computes the Riemann zeta function ζ(s) for s = 2.972306715603435 using a series approximation.,e65a5aa91e4a0634
Write a C program that computes the Riemann zeta function ζ(s) for s = 3.437630998427286 using a series approximation.,e65a5aa91e4a0634
Write a C program that computes the Riemann zeta function ζ(s) for s = 3.4412146068420055 using a series approximation.,e65a5aa91e4a0634
Write a C program that computes the Riemann zeta function ζ(s) for s = 3.503942713355799 using a series approximation.,e65a5aa91e4a0634
Write a C program that computes the Riemann zeta function ζ(s) for s = 3.6516901319415056 using a series approximation.,e65a5aa91e4a0634
Write a C program that computes the Riemann zeta function ζ(s) for s = 3.6809954832818756 using a series approximation.,e65a5aa91e4a0634
Write a C program that computes the Riemann zeta function ζ(s) for s = 3.9098533472354156 using a series approximation.,e65a5aa91e4a0634
Write a C program that computes the Riemann zeta function ζ(s) for s = 4.054294685714382 using a series approximation.,e65a5aa91e4a0634
Write a C program that computes the Riemann zeta function ζ(s) for s = 4.098728462590711 using a series approximation.,e65a5aa91e4a0634
Write a C program that computes the Riemann zeta function ζ(s) for s = 4.626725777526799 using a series approximation.,e65a5aa91e4a0634
Write a C program that computes the Riemann zeta function ζ(s) for s = 4.658339571658304 using a series approximation.,e65a5aa91e4a0634
Write a C program that computes the Riemann zeta function ζ(s) for s = 4.6815639984852595 using a series approximation.,e65a5aa91e4a0634
Write a C program that computes the Riemann zeta function ζ(s) for s = 4.830340183800152 using a series approximation.,e65a5aa91e4a0634
Write a C program that computes the Riemann zeta function ζ(s) for s = {s} using a series approximation.,e65a5aa91e4a0634
Write a C function that finds the least common multiple (LCM) of two numbers 1 and 11.,e66ccb526abcf8f3
Write a C function that finds the least common multiple (LCM) of two numbers 1 and 26.,e66ccb526abcf8f3
Write a C function that finds the least common multiple (LCM) of two numbers 1 and 36.,e66ccb526abcf8f3
Write a C function that finds the least common multiple (LCM) of two numbers 1 and 46.,e66ccb526abcf8f3
Write a C function that finds the least common multiple (LCM) of two numbers 10 and 21.,e66ccb526abcf8f3
Write a C function that finds the least common multiple (LCM) of two numbers 10 and 26.,e66ccb526abcf8f3
Write a C function that finds the least common multiple (LCM) of two numbers 10 and 27.,e66ccb526abcf8f3
Write a C function that finds the least common multiple (LCM) of two numbers 10 and 29.,e66ccb526abcf8f3
Write a C function that finds the least common multiple (LCM) of two numbers 10 and 37.,e66ccb526abcf8f3
Write a C function that finds the least common multiple (LCM) of two numbers 10 and 46.,e66ccb526abcf8f3
Write a C function that finds the least common multiple (LCM) of two numbers 10 and 47.,e66ccb526abcf8f3
Write a C function that finds the least common multiple (LCM) of two numbers 2 and 18.,e66ccb526abcf8f3
Write a C function that finds the least common multiple (LCM) of two numbers 2 and 21.,e66ccb526abcf8f3
Write a C function that finds the least common multiple (LCM) of two numbers 2 and 34.,e66ccb526abcf8f3
Write a C function that finds the least common multiple (LCM) of two numbers 2 and 37.,e66ccb526abcf8f3
Write a C function that finds the least common multiple (LCM) of two numbers 3 and 11.,e66ccb526abcf8f3
Write a C function that finds the least common multiple (LCM) of two numbers 3 and 17.,e66ccb526abcf8f3
Write a C function that finds the least common multiple (LCM) of two numbers 3 and 20.,e66ccb526abcf8f3
Write a C function that finds the least common multiple (LCM) of two numbers 4 and 39.,e66ccb526abcf8f3
Write a C function that finds the least common multiple (LCM) of two numbers 4 and 44.,e66ccb526abcf8f3
Write a C function that finds the least common multiple (LCM) of two numbers 4 and 46.,e66ccb526abcf8f3
Write a C function that finds the least common multiple (LCM) of two numbers 5 and 24.,e66ccb526abcf8f3
Write a C function that finds the least common multiple (LCM) of two numbers 5 and 43.,e66ccb526abcf8f3
Write a C function that finds the least common multiple (LCM) of two numbers 6 and 21.,e66ccb526abcf8f3
Write a C function that finds the least common multiple (LCM) of two numbers 6 and 39.,e66ccb526abcf8f3
Write a C function that finds the least common multiple (LCM) of two numbers 7 and 14.,e66ccb526abcf8f3
Write a C function that finds the least common multiple (LCM) of two numbers 7 and 38.,e66ccb526abcf8f3
Write a C function that finds the least common multiple (LCM) of two numbers 8 and 11.,e66ccb526abcf8f3
Write a C function that finds the least common multiple (LCM) of two numbers 8 and 22.,e66ccb526abcf8f3
Write a C function that finds the least common multiple (LCM) of two numbers 8 and 30.,e66ccb526abcf8f3
Write a C function that finds the least common multiple (LCM) of two numbers 8 and 38.,e66ccb526abcf8f3
Write a C function that finds the least common multiple (LCM) of two numbers 8 and 42.,e66ccb526abcf8f3
Write a C function that finds the least common multiple (LCM) of two numbers 8 and 44.,e66ccb526abcf8f3
Write a C function that finds the least common multiple (LCM) of two numbers 8 and 49.,e66ccb526abcf8f3
Write a C function that finds the least common multiple (LCM) of two numbers 9 and 14.,e66ccb526abcf8f3
Write a C function that finds the least common multiple (LCM) of two numbers 9 and 16.,e66ccb526abcf8f3
Write a C function to convert the decimal number 1504 to binary and print the binary form to the console.,e7f492a4cba6ba2d
Write a C function to convert the decimal number 1777 to binary and print the binary form to the console.,e7f492a4cba6ba2d
Write a C function to convert the decimal number 262 to binary and print the binary form to the console.,e7f492a4cba6ba2d
Write a C function to convert the decimal number 490 to binary and print the binary form to the console.,e7f492a4cba6ba2d
Write a C function to convert the decimal number 5972 to binary and print the binary form to the console.,e7f492a4cba6ba2d
Write a C function to convert the decimal number 6484 to binary and print the binary form to the console.,e7f492a4cba6ba2d
Write a C function to convert the decimal number 8007 to binary and print the binary form to the console.,e7f492a4cba6ba2d
Write a C function to convert the decimal number 9174 to binary and print the binary form to the console.,e7f492a4cba6ba2d
Write a C program to convert the decimal number 1037 to binary.,e7f492a4cba6ba2d
Write a C program to convert the decimal number 1044 to binary.,e7f492a4cba6ba2d
Write a C program to convert the decimal number 106 to binary and print the binary form to the console.,e7f492a4cba6ba2d
Write a C program to convert the decimal number 1137 to binary.,e7f492a4cba6ba2d
Write a C program to convert the decimal number 1252 to binary.,e7f492a4cba6ba2d
Write a C program to convert the decimal number 1279 to binary.,e7f492a4cba6ba2d
Write a C program to convert the decimal number 1285 to binary.,e7f492a4cba6ba2d
Write a C program to convert the decimal number 1304 to binary.,e7f492a4cba6ba2d
Write a C program to convert the decimal number 131 to binary.,e7f492a4cba6ba2d
Write a C program to convert the decimal number 1382 to binary.,e7f492a4cba6ba2d
Write a C program to convert the decimal number 1419 to binary.,e7f492a4cba6ba2d
Write a C program to convert the decimal number 1422 to binary.,e7f492a4cba6ba2d
Write a C program to convert the decimal number 1431 to binary.,e7f492a4cba6ba2d
Write a C program to convert the decimal number 1434 to binary.,e7f492a4cba6ba2d
Write a C program to convert the decimal number 1453 to binary.,e7f492a4cba6ba2d
Write a C program to convert the decimal number 1454 to binary.,e7f492a4cba6ba2d
Write a C program to convert the decimal number 1458 to binary and print the binary form to the console.,e7f492a4cba6ba2d
Write a C program to convert the decimal number 1462 to binary.,e7f492a4cba6ba2d
Write a C program to convert the decimal number 1523 to binary and print the binary form to the console.,e7f492a4cba6ba2d
Write a C program to convert the decimal number 1547 to binary.,e7f492a4cba6ba2d
Write a C program to convert the decimal number 1659 to binary and print the binary form to the console.,e7f492a4cba6ba2d
Write a C program to convert the decimal number 168 to binary.,e7f492a4cba6ba2d
Write a C program to convert the decimal number 1711 to binary.,e7f492a4cba6ba2d
Write a C program to convert the decimal number 1716 to binary and print the binary form to the console.,e7f492a4cba6ba2d
Write a C program to convert the decimal number 1725 to binary.,e7f492a4cba6ba2d
Write a C program to convert the decimal number 1730 to binary.,e7f492a4cba6ba2d
Write a C program to convert the decimal number 1760 to binary.,e7f492a4cba6ba2d
Write a C program to convert the decimal number 1901 to binary.,e7f492a4cba6ba2d
Write a C program to convert the decimal number 198 to binary.,e7f492a4cba6ba2d
Write a C program to convert the decimal number 1992 to binary.,e7f492a4cba6ba2d
Write a C program to convert the decimal number 2011 to binary.,e7f492a4cba6ba2d
Write a C program to convert the decimal number 2101 to binary.,e7f492a4cba6ba2d
Write a C program to convert the decimal number 211 to binary.,e7f492a4cba6ba2d
Write a C program to convert the decimal number 2190 to binary.,e7f492a4cba6ba2d
Write a C program to convert the decimal number 2250 to binary and print the binary form to the console.,e7f492a4cba6ba2d
Write a C program to convert the decimal number 23 to binary.,e7f492a4cba6ba2d
Write a C program to convert the decimal number 2363 to binary and print the binary form to the console.,e7f492a4cba6ba2d
Write a C program to convert the decimal number 2380 to binary.,e7f492a4cba6ba2d
Write a C program to convert the decimal number 2459 to binary.,e7f492a4cba6ba2d
Write a C program to convert the decimal number 2475 to binary.,e7f492a4cba6ba2d
Write a C program to convert the decimal number 2490 to binary.,e7f492a4cba6ba2d
Write a C program to convert the decimal number 2637 to binary.,e7f492a4cba6ba2d
Write a C program to convert the decimal number 2679 to binary.,e7f492a4cba6ba2d
Write a C program to convert the decimal number 2770 to binary.,e7f492a4cba6ba2d
Write a C program to convert the decimal number 2772 to binary.,e7f492a4cba6ba2d
Write a C program to convert the decimal number 2780 to binary.,e7f492a4cba6ba2d
Write a C program to convert the decimal number 2782 to binary.,e7f492a4cba6ba2d
Write a C program to convert the decimal number 2829 to binary.,e7f492a4cba6ba2d
Write a C program to convert the decimal number 2844 to binary.,e7f492a4cba6ba2d
Write a C program to convert the decimal number 3127 to binary.,e7f492a4cba6ba2d
Write a C program to convert the decimal number 3161 to binary and print the binary form to the console.,e7f492a4cba6ba2d
Write a C program to convert the decimal number 3165 to binary.,e7f492a4cba6ba2d
Write a C program to convert the decimal number 3175 to binary.,e7f492a4cba6ba2d
Write a C program to convert the decimal number 3338 to binary.,e7f492a4cba6ba2d
Write a C program to convert the decimal number 3349 to binary.,e7f492a4cba6ba2d
Write a C program to convert the decimal number 3398 to binary.,e7f492a4cba6ba2d
Write a C program to convert the decimal number 3468 to binary and print the binary form to the console.,e7f492a4cba6ba2d
Write a C program to convert the decimal number 3512 to binary.,e7f492a4cba6ba2d
Write a C program to convert the decimal number 3563 to binary.,e7f492a4cba6ba2d
Write a C program to convert the decimal number 3592 to binary.,e7f492a4cba6ba2d
Write a C program to convert the decimal number 3790 to binary.,e7f492a4cba6ba2d
Write a C program to convert the decimal number 3820 to binary.,e7f492a4cba6ba2d
Write a C program to convert the decimal number 3824 to binary.,e7f492a4cba6ba2d
Write a C program to convert the decimal number 3969 to binary and print the binary form to the console.,e7f492a4cba6ba2d
Write a C program to convert the decimal number 3987 to binary.,e7f492a4cba6ba2d
Write a C program to convert the decimal number 4019 to binary.,e7f492a4cba6ba2d
Write a C program to convert the decimal number 4057 to binary.,e7f492a4cba6ba2d
Write a C program to convert the decimal number 4089 to binary.,e7f492a4cba6ba2d
Write a C program to convert the decimal number 4094 to binary.,e7f492a4cba6ba2d
Write a C program to convert the decimal number 4141 to binary and print the binary form to the console.,e7f492a4cba6ba2d
Write a C program to convert the decimal number 4150 to binary.,e7f492a4cba6ba2d
Write a C program to convert the decimal number 4161 to binary and print the binary form to the console.,e7f492a4cba6ba2d
Write a C program to convert the decimal number 4242 to binary.,e7f492a4cba6ba2d
Write a C program to convert the decimal number 4485 to binary.,e7f492a4cba6ba2d
Write a C program to convert the decimal number 4493 to binary.,e7f492a4cba6ba2d
Write a C program to convert the decimal number 4504 to binary.,e7f492a4cba6ba2d
Write a C program to convert the decimal number 4563 to binary and print the binary form to the console.,e7f492a4cba6ba2d
Write a C program to convert the decimal number 4636 to binary and print the binary form to the console.,e7f492a4cba6ba2d
Write a C program to convert the decimal number 4641 to binary.,e7f492a4cba6ba2d
Write a C program to convert the decimal number 4738 to binary.,e7f492a4cba6ba2d
Write a C program to convert the decimal number 476 to binary and print the binary form to the console.,e7f492a4cba6ba2d
Write a C program to convert the decimal number 4900 to binary.,e7f492a4cba6ba2d
Write a C program to convert the decimal number 4938 to binary.,e7f492a4cba6ba2d
Write a C program to convert the decimal number 4989 to binary.,e7f492a4cba6ba2d
Write a C program to convert the decimal number 5112 to binary.,e7f492a4cba6ba2d
Write a C program to convert the decimal number 5141 to binary.,e7f492a4cba6ba2d
Write a C program to convert the decimal number 5155 to binary.,e7f492a4cba6ba2d
Write a C program to convert the decimal number 5186 to binary.,e7f492a4cba6ba2d
Write a C program to convert the decimal number 5206 to binary and print the binary form to the console.,e7f492a4cba6ba2d
Write a C program to convert the decimal number 5211 to binary.,e7f492a4cba6ba2d
Write a C program to convert the decimal number 5223 to binary.,e7f492a4cba6ba2d
Write a C program to convert the decimal number 5449 to binary.,e7f492a4cba6ba2d
Write a C program to convert the decimal number 5452 to binary.,e7f492a4cba6ba2d
Write a C program to convert the decimal number 5503 to binary.,e7f492a4cba6ba2d
Write a C program to convert the decimal number 5541 to binary.,e7f492a4cba6ba2d
Write a C program to convert the decimal number 5544 to binary and print the binary form to the console.,e7f492a4cba6ba2d
Write a C program to convert the decimal number 5594 to binary and print the binary form to the console.,e7f492a4cba6ba2d
Write a C program to convert the decimal number 5622 to binary.,e7f492a4cba6ba2d
Write a C program to convert the decimal number 564 to binary.,e7f492a4cba6ba2d
Write a C program to convert the decimal number 5667 to binary.,e7f492a4cba6ba2d
Write a C program to convert the decimal number 5684 to binary.,e7f492a4cba6ba2d
Write a C program to convert the decimal number 5738 to binary.,e7f492a4cba6ba2d
Write a C program to convert the decimal number 584 to binary.,e7f492a4cba6ba2d
Write a C program to convert the decimal number 5843 to binary.,e7f492a4cba6ba2d
Write a C program to convert the decimal number 5886 to binary.,e7f492a4cba6ba2d
Write a C program to convert the decimal number 5910 to binary.,e7f492a4cba6ba2d
Write a C program to convert the decimal number 6149 to binary.,e7f492a4cba6ba2d
Write a C program to convert the decimal number 6228 to binary.,e7f492a4cba6ba2d
Write a C program to convert the decimal number 6270 to binary and print the binary form to the console.,e7f492a4cba6ba2d
Write a C program to convert the decimal number 6529 to binary.,e7f492a4cba6ba2d
Write a C program to convert the decimal number 6605 to binary.,e7f492a4cba6ba2d
Write a C program to convert the decimal number 6625 to binary.,e7f492a4cba6ba2d
Write a C program to convert the decimal number 6740 to binary.,e7f492a4cba6ba2d
Write a C program to convert the decimal number 6750 to binary.,e7f492a4cba6ba2d
Write a C program to convert the decimal number 6779 to binary and print the binary form to the console.,e7f492a4cba6ba2d
Write a C program to convert the decimal number 6825 to binary.,e7f492a4cba6ba2d
Write a C program to convert the decimal number 6899 to binary.,e7f492a4cba6ba2d
Write a C program to convert the decimal number 6941 to binary and print the binary form to the console.,e7f492a4cba6ba2d
Write a C program to convert the decimal number 6986 to binary.,e7f492a4cba6ba2d
Write a C program to convert the decimal number 7016 to binary.,e7f492a4cba6ba2d
Write a C program to convert the decimal number 7020 to binary and print the binary form to the console.,e7f492a4cba6ba2d
Write a C program to convert the decimal number 7132 to binary.,e7f492a4cba6ba2d
Write a C program to convert the decimal number 7151 to binary.,e7f492a4cba6ba2d
Write a C program to convert the decimal number 7201 to binary.,e7f492a4cba6ba2d
Write a C program to convert the decimal number 7248 to binary.,e7f492a4cba6ba2d
Write a C program to convert the decimal number 7270 to binary.,e7f492a4cba6ba2d
Write a C program to convert the decimal number 7299 to binary.,e7f492a4cba6ba2d
Write a C program to convert the decimal number 7311 to binary.,e7f492a4cba6ba2d
Write a C program to convert the decimal number 7344 to binary.,e7f492a4cba6ba2d
Write a C program to convert the decimal number 7467 to binary.,e7f492a4cba6ba2d
Write a C program to convert the decimal number 7510 to binary and print the binary form to the console.,e7f492a4cba6ba2d
Write a C program to convert the decimal number 7632 to binary.,e7f492a4cba6ba2d
Write a C program to convert the decimal number 7759 to binary.,e7f492a4cba6ba2d
Write a C program to convert the decimal number 7819 to binary.,e7f492a4cba6ba2d
Write a C program to convert the decimal number 7841 to binary.,e7f492a4cba6ba2d
Write a C program to convert the decimal number 790 to binary and print the binary form to the console.,e7f492a4cba6ba2d
Write a C program to convert the decimal number 7948 to binary.,e7f492a4cba6ba2d
Write a C program to convert the decimal number 7961 to binary.,e7f492a4cba6ba2d
Write a C program to convert the decimal number 7995 to binary.,e7f492a4cba6ba2d
Write a C program to convert the decimal number 8023 to binary and print the binary form to the console.,e7f492a4cba6ba2d
Write a C program to convert the decimal number 8032 to binary.,e7f492a4cba6ba2d
Write a C program to convert the decimal number 805 to binary.,e7f492a4cba6ba2d
Write a C program to convert the decimal number 8052 to binary.,e7f492a4cba6ba2d
Write a C program to convert the decimal number 8073 to binary.,e7f492a4cba6ba2d
Write a C program to convert the decimal number 8092 to binary.,e7f492a4cba6ba2d
Write a C program to convert the decimal number 8109 to binary.,e7f492a4cba6ba2d
Write a C program to convert the decimal number 8255 to binary.,e7f492a4cba6ba2d
Write a C program to convert the decimal number 8291 to binary.,e7f492a4cba6ba2d
Write a C program to convert the decimal number 8296 to binary.,e7f492a4cba6ba2d
Write a C program to convert the decimal number 8320 to binary and print the binary form to the console.,e7f492a4cba6ba2d
Write a C program to convert the decimal number 8328 to binary.,e7f492a4cba6ba2d
Write a C program to convert the decimal number 8370 to binary.,e7f492a4cba6ba2d
Write a C program to convert the decimal number 8371 to binary.,e7f492a4cba6ba2d
Write a C program to convert the decimal number 8428 to binary and print the binary form to the console.,e7f492a4cba6ba2d
Write a C program to convert the decimal number 8452 to binary.,e7f492a4cba6ba2d
Write a C program to convert the decimal number 8537 to binary.,e7f492a4cba6ba2d
Write a C program to convert the decimal number 8761 to binary.,e7f492a4cba6ba2d
Write a C program to convert the decimal number 8775 to binary.,e7f492a4cba6ba2d
Write a C program to convert the decimal number 8865 to binary.,e7f492a4cba6ba2d
Write a C program to convert the decimal number 8907 to binary.,e7f492a4cba6ba2d
Write a C program to convert the decimal number 8998 to binary.,e7f492a4cba6ba2d
Write a C program to convert the decimal number 9242 to binary.,e7f492a4cba6ba2d
Write a C program to convert the decimal number 9244 to binary.,e7f492a4cba6ba2d
Write a C program to convert the decimal number 9246 to binary.,e7f492a4cba6ba2d
Write a C program to convert the decimal number 9420 to binary.,e7f492a4cba6ba2d
Write a C program to convert the decimal number 9441 to binary.,e7f492a4cba6ba2d
Write a C program to convert the decimal number 9479 to binary.,e7f492a4cba6ba2d
Write a C program to convert the decimal number 9486 to binary and print the binary form to the console.,e7f492a4cba6ba2d
Write a C program to convert the decimal number 9543 to binary.,e7f492a4cba6ba2d
Write a C program to convert the decimal number 9551 to binary.,e7f492a4cba6ba2d
Write a C program to convert the decimal number 9556 to binary.,e7f492a4cba6ba2d
Write a C program to convert the decimal number 9585 to binary.,e7f492a4cba6ba2d
Write a C program to convert the decimal number 96 to binary.,e7f492a4cba6ba2d
Write a C program to convert the decimal number 9657 to binary and print the binary form to the console.,e7f492a4cba6ba2d
Write a C program to convert the decimal number 9730 to binary and print the binary form to the console.,e7f492a4cba6ba2d
Write a C program to convert the decimal number 9767 to binary.,e7f492a4cba6ba2d
Write a C program to convert the decimal number 9786 to binary.,e7f492a4cba6ba2d
Write a C program to convert the decimal number 9793 to binary.,e7f492a4cba6ba2d
Write a C program to convert the decimal number 9920 to binary.,e7f492a4cba6ba2d
Create a C function that performs inorder traversal on a binary tree.,ea16c6ca687f920f
Create a C function that performs levelorder traversal on a binary tree.,ea16c6ca687f920f
Create a C function that performs postorder traversal on a binary tree.,ea16c6ca687f920f
Create a C function that performs preorder traversal on a binary tree.,ea16c6ca687f920f
Create a C program that performs inorder traversal on a binary tree.,ea16c6ca687f920f
Create a C program that performs levelorder traversal on a binary tree.,ea16c6ca687f920f
Create a C program that performs postorder traversal on a binary tree.,ea16c6ca687f920f
Create a C program that performs preorder traversal on a binary tree.,ea16c6ca687f920f
Create a C program that performs {traversal} traversal on a binary tree.,ea16c6ca687f920f
Write a C function that implements a stack with a capacity of 100. It starts removing items that had their expiry time reached. This expiry can be set when adding an item. It is 59 minutes by default.,eab306f4360c5b5e
Write a C function that implements a stack with a capacity of 12. It starts removing items that had their expiry time reached. This expiry can be set when adding an item. It is 12 minutes by default.,eab306f4360c5b5e
Write a C function that implements a stack with a capacity of 24. It starts removing items that had their expiry time reached. This expiry can be set when adding an item. It is 49 minutes by default.,eab306f4360c5b5e
Write a C function that implements a stack with a capacity of 29. It starts removing items that had their expiry time reached. This expiry can be set when adding an item. It is 60 minutes by default.,eab306f4360c5b5e
Write a C function that implements a stack with a capacity of 61. It starts removing items that had their expiry time reached. This expiry can be set when adding an item. It is 17 minutes by default.,eab306f4360c5b5e
Write a C function that implements a stack with a capacity of 71. It starts removing items that had their expiry time reached. This expiry can be set when adding an item. It is 54 minutes by default.,eab306f4360c5b5e
Write a C function that implements a stack with a capacity of 83. It starts removing items that had their expiry time reached. This expiry can be set when adding an item. It is 32 minutes by default.,eab306f4360c5b5e
Write a C program that implements a stack with a capacity of 10. It starts removing items that had their expiry time reached. This expiry can be set when adding an item. It is 13 minutes by default.,eab306f4360c5b5e
Write a C program that implements a stack with a capacity of 100.,eab306f4360c5b5e
Write a C program that implements a stack with a capacity of 11.,eab306f4360c5b5e
Write a C program that implements a stack with a capacity of 12.,eab306f4360c5b5e
Write a C program that implements a stack with a capacity of 13.,eab306f4360c5b5e
Write a C program that implements a stack with a capacity of 13. It starts removing items that had their expiry time reached. This expiry can be set when adding an item. It is 39 minutes by default.,eab306f4360c5b5e
Write a C program that implements a stack with a capacity of 14.,eab306f4360c5b5e
Write a C program that implements a stack with a capacity of 14. It starts removing items that had their expiry time reached. This expiry can be set when adding an item. It is 60 minutes by default.,eab306f4360c5b5e
Write a C program that implements a stack with a capacity of 15.,eab306f4360c5b5e
Write a C program that implements a stack with a capacity of 15. It starts removing items that had their expiry time reached. This expiry can be set when adding an item. It is 17 minutes by default.,eab306f4360c5b5e
Write a C program that implements a stack with a capacity of 16.,eab306f4360c5b5e
Write a C program that implements a stack with a capacity of 16. It starts removing items that had their expiry time reached. This expiry can be set when adding an item. It is 5 minutes by default.,eab306f4360c5b5e
Write a C program that implements a stack with a capacity of 17.,eab306f4360c5b5e
Write a C program that implements a stack with a capacity of 18. It starts removing items that had their expiry time reached. This expiry can be set when adding an item. It is 12 minutes by default.,eab306f4360c5b5e
Write a C program that implements a stack with a capacity of 19.,eab306f4360c5b5e
Write a C program that implements a stack with a capacity of 20.,eab306f4360c5b5e
Write a C program that implements a stack with a capacity of 21.,eab306f4360c5b5e
Write a C program that implements a stack with a capacity of 22.,eab306f4360c5b5e
Write a C program that implements a stack with a capacity of 23.,eab306f4360c5b5e
Write a C program that implements a stack with a capacity of 23. It starts removing items that had their expiry time reached. This expiry can be set when adding an item. It is 6 minutes by default.,eab306f4360c5b5e
Write a C program that implements a stack with a capacity of 24.,eab306f4360c5b5e
Write a C program that implements a stack with a capacity of 25.,eab306f4360c5b5e
Write a C program that implements a stack with a capacity of 26.,eab306f4360c5b5e
Write a C program that implements a stack with a capacity of 26. It starts removing items that had their expiry time reached. This expiry can be set when adding an item. It is 30 minutes by default.,eab306f4360c5b5e
Write a C program that implements a stack with a capacity of 27.,eab306f4360c5b5e
Write a C program that implements a stack with a capacity of 29.,eab306f4360c5b5e
Write a C program that implements a stack with a capacity of 31.,eab306f4360c5b5e
Write a C program that implements a stack with a capacity of 32.,eab306f4360c5b5e
Write a C program that implements a stack with a capacity of 33.,eab306f4360c5b5e
Write a C program that implements a stack with a capacity of 33. It starts removing items that had their expiry time reached. This expiry can be set when adding an item. It is 51 minutes by default.,eab306f4360c5b5e
Write a C program that implements a stack with a capacity of 34.,eab306f4360c5b5e
Write a C program that implements a stack with a capacity of 35.,eab306f4360c5b5e
Write a C program that implements a stack with a capacity of 36.,eab306f4360c5b5e
Write a C program that implements a stack with a capacity of 37.,eab306f4360c5b5e
Write a C program that implements a stack with a capacity of 38.,eab306f4360c5b5e
Write a C program that implements a stack with a capacity of 39.,eab306f4360c5b5e
Write a C program that implements a stack with a capacity of 40.,eab306f4360c5b5e
Write a C program that implements a stack with a capacity of 41.,eab306f4360c5b5e
Write a C program that implements a stack with a capacity of 41. It starts removing items that had their expiry time reached. This expiry can be set when adding an item. It is 21 minutes by default.,eab306f4360c5b5e
Write a C program that implements a stack with a capacity of 42.,eab306f4360c5b5e
Write a C program that implements a stack with a capacity of 43.,eab306f4360c5b5e
Write a C program that implements a stack with a capacity of 43. It starts removing items that had their expiry time reached. This expiry can be set when adding an item. It is 56 minutes by default.,eab306f4360c5b5e
Write a C program that implements a stack with a capacity of 44.,eab306f4360c5b5e
Write a C program that implements a stack with a capacity of 44. It starts removing items that had their expiry time reached. This expiry can be set when adding an item. It is 56 minutes by default.,eab306f4360c5b5e
Write a C program that implements a stack with a capacity of 48.,eab306f4360c5b5e
Write a C program that implements a stack with a capacity of 48. It starts removing items that had their expiry time reached. This expiry can be set when adding an item. It is 23 minutes by default.,eab306f4360c5b5e
Write a C program that implements a stack with a capacity of 49.,eab306f4360c5b5e
Write a C program that implements a stack with a capacity of 5.,eab306f4360c5b5e
Write a C program that implements a stack with a capacity of 5. It starts removing items that had their expiry time reached. This expiry can be set when adding an item. It is 23 minutes by default.,eab306f4360c5b5e
Write a C program that implements a stack with a capacity of 50.,eab306f4360c5b5e
Write a C program that implements a stack with a capacity of 51.,eab306f4360c5b5e
Write a C program that implements a stack with a capacity of 53.,eab306f4360c5b5e
Write a C program that implements a stack with a capacity of 54.,eab306f4360c5b5e
Write a C program that implements a stack with a capacity of 55.,eab306f4360c5b5e
Write a C program that implements a stack with a capacity of 58.,eab306f4360c5b5e
Write a C program that implements a stack with a capacity of 59.,eab306f4360c5b5e
Write a C program that implements a stack with a capacity of 60.,eab306f4360c5b5e
Write a C program that implements a stack with a capacity of 61.,eab306f4360c5b5e
Write a C program that implements a stack with a capacity of 62.,eab306f4360c5b5e
Write a C program that implements a stack with a capacity of 62. It starts removing items that had their expiry time reached. This expiry can be set when adding an item. It is 36 minutes by default.,eab306f4360c5b5e
Write a C program that implements a stack with a capacity of 62. It starts removing items that had their expiry time reached. This expiry can be set when adding an item. It is 59 minutes by default.,eab306f4360c5b5e
Write a C program that implements a stack with a capacity of 62. It starts removing items that had their expiry time reached. This expiry can be set when adding an item. It is 9 minutes by default.,eab306f4360c5b5e
Write a C program that implements a stack with a capacity of 64.,eab306f4360c5b5e
Write a C program that implements a stack with a capacity of 65.,eab306f4360c5b5e
Write a C program that implements a stack with a capacity of 66.,eab306f4360c5b5e
Write a C program that implements a stack with a capacity of 67.,eab306f4360c5b5e
Write a C program that implements a stack with a capacity of 67. It starts removing items that had their expiry time reached. This expiry can be set when adding an item. It is 25 minutes by default.,eab306f4360c5b5e
Write a C program that implements a stack with a capacity of 68.,eab306f4360c5b5e
Write a C program that implements a stack with a capacity of 69.,eab306f4360c5b5e
Write a C program that implements a stack with a capacity of 7.,eab306f4360c5b5e
Write a C program that implements a stack with a capacity of 70.,eab306f4360c5b5e
Write a C program that implements a stack with a capacity of 71.,eab306f4360c5b5e
Write a C program that implements a stack with a capacity of 72.,eab306f4360c5b5e
Write a C program that implements a stack with a capacity of 73.,eab306f4360c5b5e
Write a C program that implements a stack with a capacity of 74.,eab306f4360c5b5e
Write a C program that implements a stack with a capacity of 75.,eab306f4360c5b5e
Write a C program that implements a stack with a capacity of 76.,eab306f4360c5b5e
Write a C program that implements a stack with a capacity of 77.,eab306f4360c5b5e
Write a C program that implements a stack with a capacity of 78.,eab306f4360c5b5e
Write a C program that implements a stack with a capacity of 78. It starts removing items that had their expiry time reached. This expiry can be set when adding an item. It is 23 minutes by default.,eab306f4360c5b5e
Write a C program that implements a stack with a capacity of 79.,eab306f4360c5b5e
Write a C program that implements a stack with a capacity of 8.,eab306f4360c5b5e
Write a C program that implements a stack with a capacity of 80. It starts removing items that had their expiry time reached. This expiry can be set when adding an item. It is 5 minutes by default.,eab306f4360c5b5e
Write a C program that implements a stack with a capacity of 80. It starts removing items that had their expiry time reached. This expiry can be set when adding an item. It is 59 minutes by default.,eab306f4360c5b5e
Write a C program that implements a stack with a capacity of 81.,eab306f4360c5b5e
Write a C program that implements a stack with a capacity of 82.,eab306f4360c5b5e
Write a C program that implements a stack with a capacity of 83.,eab306f4360c5b5e
Write a C program that implements a stack with a capacity of 85.,eab306f4360c5b5e
Write a C program that implements a stack with a capacity of 86.,eab306f4360c5b5e
Write a C program that implements a stack with a capacity of 86. It starts removing items that had their expiry time reached. This expiry can be set when adding an item. It is 40 minutes by default.,eab306f4360c5b5e
Write a C program that implements a stack with a capacity of 87.,eab306f4360c5b5e
Write a C program that implements a stack with a capacity of 89.,eab306f4360c5b5e
Write a C program that implements a stack with a capacity of 9.,eab306f4360c5b5e
Write a C program that implements a stack with a capacity of 91.,eab306f4360c5b5e
Write a C program that implements a stack with a capacity of 91. It starts removing items that had their expiry time reached. This expiry can be set when adding an item. It is 38 minutes by default.,eab306f4360c5b5e
Write a C program that implements a stack with a capacity of 93.,eab306f4360c5b5e
Write a C program that implements a stack with a capacity of 94.,eab306f4360c5b5e
Write a C program that implements a stack with a capacity of 95.,eab306f4360c5b5e
Write a C program that implements a stack with a capacity of 95. It starts removing items that had their expiry time reached. This expiry can be set when adding an item. It is 58 minutes by default.,eab306f4360c5b5e
Write a C program that implements a stack with a capacity of 97.,eab306f4360c5b5e
Write a C program that implements a stack with a capacity of 98.,eab306f4360c5b5e
Write a C program that implements a stack with a capacity of 98. It starts removing items that had their expiry time reached. This expiry can be set when adding an item. It is 2 minutes by default.,eab306f4360c5b5e
Write a C program that implements a stack with a capacity of 99.,eab306f4360c5b5e
"Write a C function that given a two numbers, it calulcates the modular inverse of the first number with respect to the second number using the Extended Euclidean Algorithm.",eafd731ee7755c92
Write a C function that calculates the determinant of a 18x18 matrix.,ec07a38de9fcfc12
Write a C function that calculates the determinant of a 24x24 matrix.,ec07a38de9fcfc12
Write a C function that calculates the determinant of a 39x39 matrix.,ec07a38de9fcfc12
Write a C function that calculates the determinant of a 51x51 matrix.,ec07a38de9fcfc12
Write a C function that calculates the determinant of a 72x72 matrix.,ec07a38de9fcfc12
Write a C function that calculates the determinant of a 87x87 matrix.,ec07a38de9fcfc12
Write a C function that calculates the determinant of a 94x94 matrix.,ec07a38de9fcfc12
Write a C program that calculates the determinant of a 100x100 matrix.,ec07a38de9fcfc12
Write a C program that calculates the determinant of a 10x10 matrix.,ec07a38de9fcfc12
Write a C program that calculates the determinant of a 11x11 matrix.,ec07a38de9fcfc12
Write a C program that calculates the determinant of a 12x12 matrix.,ec07a38de9fcfc12
Write a C program that calculates the determinant of a 13x13 matrix.,ec07a38de9fcfc12
Write a C program that calculates the determinant of a 14x14 matrix.,ec07a38de9fcfc12
Write a C program that calculates the determinant of a 15x15 matrix.,ec07a38de9fcfc12
Write a C program that calculates the determinant of a 16x16 matrix.,ec07a38de9fcfc12
Write a C program that calculates the determinant of a 17x17 matrix.,ec07a38de9fcfc12
Write a C program that calculates the determinant of a 18x18 matrix.,ec07a38de9fcfc12
Write a C program that calculates the determinant of a 19x19 matrix.,ec07a38de9fcfc12
Write a C program that calculates the determinant of a 21x21 matrix.,ec07a38de9fcfc12
Write a C program that calculates the determinant of a 22x22 matrix.,ec07a38de9fcfc12
Write a C program that calculates the determinant of a 23x23 matrix.,ec07a38de9fcfc12
Write a C program that calculates the determinant of a 24x24 matrix.,ec07a38de9fcfc12
Write a C program that calculates the determinant of a 25x25 matrix.,ec07a38de9fcfc12
Write a C program that calculates the determinant of a 26x26 matrix.,ec07a38de9fcfc12
Write a C program that calculates the determinant of a 27x27 matrix.,ec07a38de9fcfc12
Write a C program that calculates the determinant of a 28x28 matrix.,ec07a38de9fcfc12
Write a C program that calculates the determinant of a 2x2 matrix.,ec07a38de9fcfc12
Write a C program that calculates the determinant of a 30x30 matrix.,ec07a38de9fcfc12
Write a C program that calculates the determinant of a 31x31 matrix.,ec07a38de9fcfc12
Write a C program that calculates the determinant of a 34x34 matrix.,ec07a38de9fcfc12
Write a C program that calculates the determinant of a 35x35 matrix.,ec07a38de9fcfc12
Write a C program that calculates the determinant of a 36x36 matrix.,ec07a38de9fcfc12
Write a C program that calculates the determinant of a 37x37 matrix.,ec07a38de9fcfc12
Write a C program that calculates the determinant of a 38x38 matrix.,ec07a38de9fcfc12
Write a C program that calculates the determinant of a 40x40 matrix.,ec07a38de9fcfc12
Write a C program that calculates the determinant of a 41x41 matrix.,ec07a38de9fcfc12
Write a C program that calculates the determinant of a 42x42 matrix.,ec07a38de9fcfc12
Write a C program that calculates the determinant of a 43x43 matrix.,ec07a38de9fcfc12
Write a C program that calculates the determinant of a 44x44 matrix.,ec07a38de9fcfc12
Write a C program that calculates the determinant of a 45x45 matrix.,ec07a38de9fcfc12
Write a C program that calculates the determinant of a 46x46 matrix.,ec07a38de9fcfc12
Write a C program that calculates the determinant of a 47x47 matrix.,ec07a38de9fcfc12
Write a C program that calculates the determinant of a 48x48 matrix.,ec07a38de9fcfc12
Write a C program that calculates the determinant of a 49x49 matrix.,ec07a38de9fcfc12
Write a C program that calculates the determinant of a 4x4 matrix.,ec07a38de9fcfc12
Write a C program that calculates the determinant of a 50x50 matrix.,ec07a38de9fcfc12
Write a C program that calculates the determinant of a 52x52 matrix.,ec07a38de9fcfc12
Write a C program that calculates the determinant of a 53x53 matrix.,ec07a38de9fcfc12
Write a C program that calculates the determinant of a 54x54 matrix.,ec07a38de9fcfc12
Write a C program that calculates the determinant of a 55x55 matrix.,ec07a38de9fcfc12
Write a C program that calculates the determinant of a 56x56 matrix.,ec07a38de9fcfc12
Write a C program that calculates the determinant of a 58x58 matrix.,ec07a38de9fcfc12
Write a C program that calculates the determinant of a 59x59 matrix.,ec07a38de9fcfc12
Write a C program that calculates the determinant of a 5x5 matrix.,ec07a38de9fcfc12
Write a C program that calculates the determinant of a 60x60 matrix.,ec07a38de9fcfc12
Write a C program that calculates the determinant of a 61x61 matrix.,ec07a38de9fcfc12
Write a C program that calculates the determinant of a 62x62 matrix.,ec07a38de9fcfc12
Write a C program that calculates the determinant of a 63x63 matrix.,ec07a38de9fcfc12
Write a C program that calculates the determinant of a 64x64 matrix.,ec07a38de9fcfc12
Write a C program that calculates the determinant of a 65x65 matrix.,ec07a38de9fcfc12
Write a C program that calculates the determinant of a 67x67 matrix.,ec07a38de9fcfc12
Write a C program that calculates the determinant of a 68x68 matrix.,ec07a38de9fcfc12
Write a C program that calculates the determinant of a 69x69 matrix.,ec07a38de9fcfc12
Write a C program that calculates the determinant of a 6x6 matrix.,ec07a38de9fcfc12
Write a C program that calculates the determinant of a 70x70 matrix.,ec07a38de9fcfc12
Write a C program that calculates the determinant of a 71x71 matrix.,ec07a38de9fcfc12
Write a C program that calculates the determinant of a 72x72 matrix.,ec07a38de9fcfc12
Write a C program that calculates the determinant of a 75x75 matrix.,ec07a38de9fcfc12
Write a C program that calculates the determinant of a 77x77 matrix.,ec07a38de9fcfc12
Write a C program that calculates the determinant of a 78x78 matrix.,ec07a38de9fcfc12
Write a C program that calculates the determinant of a 79x79 matrix.,ec07a38de9fcfc12
Write a C program that calculates the determinant of a 7x7 matrix.,ec07a38de9fcfc12
Write a C program that calculates the determinant of a 80x80 matrix.,ec07a38de9fcfc12
Write a C program that calculates the determinant of a 82x82 matrix.,ec07a38de9fcfc12
Write a C program that calculates the determinant of a 85x85 matrix.,ec07a38de9fcfc12
Write a C program that calculates the determinant of a 87x87 matrix.,ec07a38de9fcfc12
Write a C program that calculates the determinant of a 88x88 matrix.,ec07a38de9fcfc12
Write a C program that calculates the determinant of a 89x89 matrix.,ec07a38de9fcfc12
Write a C program that calculates the determinant of a 90x90 matrix.,ec07a38de9fcfc12
Write a C program that calculates the determinant of a 91x91 matrix.,ec07a38de9fcfc12
Write a C program that calculates the determinant of a 92x92 matrix.,ec07a38de9fcfc12
Write a C program that calculates the determinant of a 93x93 matrix.,ec07a38de9fcfc12
Write a C program that calculates the determinant of a 94x94 matrix.,ec07a38de9fcfc12
Write a C program that calculates the determinant of a 95x95 matrix.,ec07a38de9fcfc12
Write a C program that calculates the determinant of a 96x96 matrix.,ec07a38de9fcfc12
Write a C program that calculates the determinant of a 97x97 matrix.,ec07a38de9fcfc12
Write a C program that calculates the determinant of a 99x99 matrix.,ec07a38de9fcfc12
Write a C program that calculates the determinant of a 9x9 matrix.,ec07a38de9fcfc12
Create a C function that plays Tic Tac Toe against the user (AI: minimax).,ecc5e09bfea3ba21
Create a C program that plays Tic Tac Toe against the user (AI: minimax).,ecc5e09bfea3ba21
Write a C function to simulate hotel booking for 17 rooms.,ecfae5479f4f0560
Write a C function to simulate hotel booking for 22 rooms.,ecfae5479f4f0560
Write a C function to simulate hotel booking for 33 rooms.,ecfae5479f4f0560
Write a C function to simulate hotel booking for 41 rooms.,ecfae5479f4f0560
Write a C function to simulate hotel booking for 48 rooms.,ecfae5479f4f0560
Write a C function to simulate hotel booking for 7 rooms.,ecfae5479f4f0560
Write a C function to simulate hotel booking for 9 rooms.,ecfae5479f4f0560
Write a C program to simulate hotel booking for 10 rooms.,ecfae5479f4f0560
Write a C program to simulate hotel booking for 12 rooms.,ecfae5479f4f0560
Write a C program to simulate hotel booking for 13 rooms.,ecfae5479f4f0560
Write a C program to simulate hotel booking for 14 rooms.,ecfae5479f4f0560
Write a C program to simulate hotel booking for 15 rooms.,ecfae5479f4f0560
Write a C program to simulate hotel booking for 16 rooms.,ecfae5479f4f0560
Write a C program to simulate hotel booking for 17 rooms.,ecfae5479f4f0560
Write a C program to simulate hotel booking for 18 rooms.,ecfae5479f4f0560
Write a C program to simulate hotel booking for 19 rooms.,ecfae5479f4f0560
Write a C program to simulate hotel booking for 20 rooms.,ecfae5479f4f0560
Write a C program to simulate hotel booking for 21 rooms.,ecfae5479f4f0560
Write a C program to simulate hotel booking for 22 rooms.,ecfae5479f4f0560
Write a C program to simulate hotel booking for 23 rooms.,ecfae5479f4f0560
Write a C program to simulate hotel booking for 24 rooms.,ecfae5479f4f0560
Write a C program to simulate hotel booking for 25 rooms.,ecfae5479f4f0560
Write a C program to simulate hotel booking for 26 rooms.,ecfae5479f4f0560
Write a C program to simulate hotel booking for 27 rooms.,ecfae5479f4f0560
Write a C program to simulate hotel booking for 28 rooms.,ecfae5479f4f0560
Write a C program to simulate hotel booking for 29 rooms.,ecfae5479f4f0560
Write a C program to simulate hotel booking for 30 rooms.,ecfae5479f4f0560
Write a C program to simulate hotel booking for 31 rooms.,ecfae5479f4f0560
Write a C program to simulate hotel booking for 32 rooms.,ecfae5479f4f0560
Write a C program to simulate hotel booking for 33 rooms.,ecfae5479f4f0560
Write a C program to simulate hotel booking for 34 rooms.,ecfae5479f4f0560
Write a C program to simulate hotel booking for 35 rooms.,ecfae5479f4f0560
Write a C program to simulate hotel booking for 36 rooms.,ecfae5479f4f0560
Write a C program to simulate hotel booking for 37 rooms.,ecfae5479f4f0560
Write a C program to simulate hotel booking for 38 rooms.,ecfae5479f4f0560
Write a C program to simulate hotel booking for 39 rooms.,ecfae5479f4f0560
Write a C program to simulate hotel booking for 40 rooms.,ecfae5479f4f0560
Write a C program to simulate hotel booking for 41 rooms.,ecfae5479f4f0560
Write a C program to simulate hotel booking for 42 rooms.,ecfae5479f4f0560
Write a C program to simulate hotel booking for 43 rooms.,ecfae5479f4f0560
Write a C program to simulate hotel booking for 44 rooms.,ecfae5479f4f0560
Write a C program to simulate hotel booking for 45 rooms.,ecfae5479f4f0560
Write a C program to simulate hotel booking for 46 rooms.,ecfae5479f4f0560
Write a C program to simulate hotel booking for 47 rooms.,ecfae5479f4f0560
Write a C program to simulate hotel booking for 48 rooms.,ecfae5479f4f0560
Write a C program to simulate hotel booking for 49 rooms.,ecfae5479f4f0560
Write a C program to simulate hotel booking for 5 rooms.,ecfae5479f4f0560
Write a C program to simulate hotel booking for 50 rooms.,ecfae5479f4f0560
Write a C program to simulate hotel booking for 6 rooms.,ecfae5479f4f0560
Write a C program to simulate hotel booking for 7 rooms.,ecfae5479f4f0560
Write a C program to simulate hotel booking for 8 rooms.,ecfae5479f4f0560
Write a C program to simulate hotel booking for 9 rooms.,ecfae5479f4f0560
Create a C function to list all running processes on Linux. Make an optional parameter to filter by name using fuzzy search.,ed257f6c79efe977
Create a C program to list all running processes on Linux.,ed257f6c79efe977
Create a C program to list all running processes on Linux. Make an optional parameter to filter by name using fuzzy search.,ed257f6c79efe977
Generate a C function that solves 5 linear equations using Gauss-Jordan method.,f1fcd9a021199e81
Generate a C function that solves 52 linear equations using Gauss-Jordan method.,f1fcd9a021199e81
Generate a C function that solves 57 linear equations using Gauss-Jordan method.,f1fcd9a021199e81
Generate a C function that solves 65 linear equations using Gauss-Jordan method.,f1fcd9a021199e81
Generate a C function that solves 81 linear equations using Gauss-Jordan method.,f1fcd9a021199e81
Generate a C function that solves 91 linear equations using Gauss-Jordan method.,f1fcd9a021199e81
Generate a C program that solves 100 linear equations using Gauss-Jordan method.,f1fcd9a021199e81
Generate a C program that solves 11 linear equations using Gauss-Jordan method.,f1fcd9a021199e81
Generate a C program that solves 12 linear equations using Gauss-Jordan method.,f1fcd9a021199e81
Generate a C program that solves 13 linear equations using Gauss-Jordan method.,f1fcd9a021199e81
Generate a C program that solves 14 linear equations using Gauss-Jordan method.,f1fcd9a021199e81
Generate a C program that solves 15 linear equations using Gauss-Jordan method.,f1fcd9a021199e81
Generate a C program that solves 16 linear equations using Gauss-Jordan method.,f1fcd9a021199e81
Generate a C program that solves 17 linear equations using Gauss-Jordan method.,f1fcd9a021199e81
Generate a C program that solves 18 linear equations using Gauss-Jordan method.,f1fcd9a021199e81
Generate a C program that solves 2 linear equations using Gauss-Jordan method.,f1fcd9a021199e81
Generate a C program that solves 20 linear equations using Gauss-Jordan method.,f1fcd9a021199e81
Generate a C program that solves 21 linear equations using Gauss-Jordan method.,f1fcd9a021199e81
Generate a C program that solves 22 linear equations using Gauss-Jordan method.,f1fcd9a021199e81
Generate a C program that solves 23 linear equations using Gauss-Jordan method.,f1fcd9a021199e81
Generate a C program that solves 24 linear equations using Gauss-Jordan method.,f1fcd9a021199e81
Generate a C program that solves 25 linear equations using Gauss-Jordan method.,f1fcd9a021199e81
Generate a C program that solves 26 linear equations using Gauss-Jordan method.,f1fcd9a021199e81
Generate a C program that solves 27 linear equations using Gauss-Jordan method.,f1fcd9a021199e81
Generate a C program that solves 28 linear equations using Gauss-Jordan method.,f1fcd9a021199e81
Generate a C program that solves 3 linear equations using Gauss-Jordan method.,f1fcd9a021199e81
Generate a C program that solves 30 linear equations using Gauss-Jordan method.,f1fcd9a021199e81
Generate a C program that solves 31 linear equations using Gauss-Jordan method.,f1fcd9a021199e81
Generate a C program that solves 32 linear equations using Gauss-Jordan method.,f1fcd9a021199e81
Generate a C program that solves 33 linear equations using Gauss-Jordan method.,f1fcd9a021199e81
Generate a C program that solves 34 linear equations using Gauss-Jordan method.,f1fcd9a021199e81
Generate a C program that solves 35 linear equations using Gauss-Jordan method.,f1fcd9a021199e81
Generate a C program that solves 36 linear equations using Gauss-Jordan method.,f1fcd9a021199e81
Generate a C program that solves 38 linear equations using Gauss-Jordan method.,f1fcd9a021199e81
Generate a C program that solves 39 linear equations using Gauss-Jordan method.,f1fcd9a021199e81
Generate a C program that solves 4 linear equations using Gauss-Jordan method.,f1fcd9a021199e81
Generate a C program that solves 40 linear equations using Gauss-Jordan method.,f1fcd9a021199e81
Generate a C program that solves 41 linear equations using Gauss-Jordan method.,f1fcd9a021199e81
Generate a C program that solves 43 linear equations using Gauss-Jordan method.,f1fcd9a021199e81
Generate a C program that solves 44 linear equations using Gauss-Jordan method.,f1fcd9a021199e81
Generate a C program that solves 45 linear equations using Gauss-Jordan method.,f1fcd9a021199e81
Generate a C program that solves 46 linear equations using Gauss-Jordan method.,f1fcd9a021199e81
Generate a C program that solves 48 linear equations using Gauss-Jordan method.,f1fcd9a021199e81
Generate a C program that solves 5 linear equations using Gauss-Jordan method.,f1fcd9a021199e81
Generate a C program that solves 50 linear equations using Gauss-Jordan method.,f1fcd9a021199e81
Generate a C program that solves 51 linear equations using Gauss-Jordan method.,f1fcd9a021199e81
Generate a C program that solves 52 linear equations using Gauss-Jordan method.,f1fcd9a021199e81
Generate a C program that solves 53 linear equations using Gauss-Jordan method.,f1fcd9a021199e81
Generate a C program that solves 54 linear equations using Gauss-Jordan method.,f1fcd9a021199e81
Generate a C program that solves 55 linear equations using Gauss-Jordan method.,f1fcd9a021199e81
Generate a C program that solves 56 linear equations using Gauss-Jordan method.,f1fcd9a021199e81
Generate a C program that solves 57 linear equations using Gauss-Jordan method.,f1fcd9a021199e81
Generate a C program that solves 58 linear equations using Gauss-Jordan method.,f1fcd9a021199e81
Generate a C program that solves 59 linear equations using Gauss-Jordan method.,f1fcd9a021199e81
Generate a C program that solves 6 linear equations using Gauss-Jordan method.,f1fcd9a021199e81
Generate a C program that solves 60 linear equations using Gauss-Jordan method.,f1fcd9a021199e81
Generate a C program that solves 61 linear equations using Gauss-Jordan method.,f1fcd9a021199e81
Generate a C program that solves 62 linear equations using Gauss-Jordan method.,f1fcd9a021199e81
Generate a C program that solves 63 linear equations using Gauss-Jordan method.,f1fcd9a021199e81
Generate a C program that solves 64 linear equations using Gauss-Jordan method.,f1fcd9a021199e81
Generate a C program that solves 65 linear equations using Gauss-Jordan method.,f1fcd9a021199e81
Generate a C program that solves 66 linear equations using Gauss-Jordan method.,f1fcd9a021199e81
Generate a C program that solves 67 linear equations using Gauss-Jordan method.,f1fcd9a021199e81
Generate a C program that solves 68 linear equations using Gauss-Jordan method.,f1fcd9a021199e81
Generate a C program that solves 7 linear equations using Gauss-Jordan method.,f1fcd9a021199e81
Generate a C program that solves 70 linear equations using Gauss-Jordan method.,f1fcd9a021199e81
Generate a C program that solves 71 linear equations using Gauss-Jordan method.,f1fcd9a021199e81
Generate a C program that solves 72 linear equations using Gauss-Jordan method.,f1fcd9a021199e81
Generate a C program that solves 73 linear equations using Gauss-Jordan method.,f1fcd9a021199e81
Generate a C program that solves 74 linear equations using Gauss-Jordan method.,f1fcd9a021199e81
Generate a C program that solves 75 linear equations using Gauss-Jordan method.,f1fcd9a021199e81
Generate a C program that solves 76 linear equations using Gauss-Jordan method.,f1fcd9a021199e81
Generate a C program that solves 78 linear equations using Gauss-Jordan method.,f1fcd9a021199e81
Generate a C program that solves 79 linear equations using Gauss-Jordan method.,f1fcd9a021199e81
Generate a C program that solves 8 linear equations using Gauss-Jordan method.,f1fcd9a021199e81
Generate a C program that solves 80 linear equations using Gauss-Jordan method.,f1fcd9a021199e81
Generate a C program that solves 81 linear equations using Gauss-Jordan method.,f1fcd9a021199e81
Generate a C program that solves 82 linear equations using Gauss-Jordan method.,f1fcd9a021199e81
Generate a C program that solves 83 linear equations using Gauss-Jordan method.,f1fcd9a021199e81
Generate a C program that solves 84 linear equations using Gauss-Jordan method.,f1fcd9a021199e81
Generate a C program that solves 85 linear equations using Gauss-Jordan method.,f1fcd9a021199e81
Generate a C program that solves 87 linear equations using Gauss-Jordan method.,f1fcd9a021199e81
Generate a C program that solves 88 linear equations using Gauss-Jordan method.,f1fcd9a021199e81
Generate a C program that solves 89 linear equations using Gauss-Jordan method.,f1fcd9a021199e81
Generate a C program that solves 9 linear equations using Gauss-Jordan method.,f1fcd9a021199e81
Generate a C program that solves 90 linear equations using Gauss-Jordan method.,f1fcd9a021199e81
Generate a C program that solves 91 linear equations using Gauss-Jordan method.,f1fcd9a021199e81
Generate a C program that solves 93 linear equations using Gauss-Jordan method.,f1fcd9a021199e81
Generate a C program that solves 94 linear equations using Gauss-Jordan method.,f1fcd9a021199e81
Generate a C program that solves 97 linear equations using Gauss-Jordan method.,f1fcd9a021199e81
Generate a C program that solves 98 linear equations using Gauss-Jordan method.,f1fcd9a021199e81
Generate a C program that solves 99 linear equations using Gauss-Jordan method.,f1fcd9a021199e81
Make a C function to simulate genetic algorithms for optimizing the function f(x) = (a/b) + (c*d).,f2e9768651d73abf
Make a C function to simulate genetic algorithms for optimizing the function f(x) = (x+y)*(z-w)/v.,f2e9768651d73abf
Make a C function to simulate genetic algorithms for optimizing the function f(x) = k*(m+n)-sqrt(p).,f2e9768651d73abf
Make a C function to simulate genetic algorithms for optimizing the function f(x) = log(x) + y.,f2e9768651d73abf
Make a C program to simulate genetic algorithms for optimizing the function f(x) = (a+b)*c.,f2e9768651d73abf
Make a C program to simulate genetic algorithms for optimizing the function f(x) = (a/b) + (c*d).,f2e9768651d73abf
Make a C program to simulate genetic algorithms for optimizing the function f(x) = (m-n)/(p+q).,f2e9768651d73abf
Make a C program to simulate genetic algorithms for optimizing the function f(x) = (u+v)^2 - w.,f2e9768651d73abf
Make a C program to simulate genetic algorithms for optimizing the function f(x) = (x+y)*(z-w)/v.,f2e9768651d73abf
Make a C program to simulate genetic algorithms for optimizing the function f(x) = a*(b+c*(d-e)).,f2e9768651d73abf
Make a C program to simulate genetic algorithms for optimizing the function f(x) = a+b*(c-d).,f2e9768651d73abf
Make a C program to simulate genetic algorithms for optimizing the function f(x) = abs(x-y) + z.,f2e9768651d73abf
Make a C program to simulate genetic algorithms for optimizing the function f(x) = exp(x) - ln(y).,f2e9768651d73abf
Make a C program to simulate genetic algorithms for optimizing the function f(x) = k*(m+n)-sqrt(p).,f2e9768651d73abf
Make a C program to simulate genetic algorithms for optimizing the function f(x) = log(x) + y.,f2e9768651d73abf
Make a C program to simulate genetic algorithms for optimizing the function f(x) = r^2 + s^2.,f2e9768651d73abf
Make a C program to simulate genetic algorithms for optimizing the function f(x) = sin(theta) * r.,f2e9768651d73abf
Make a C program to simulate genetic algorithms for optimizing the function f(x) = sqrt(a*b) - c.,f2e9768651d73abf
Make a C program to simulate genetic algorithms for optimizing the function f(x) = x*(y+z)-w.,f2e9768651d73abf
Write a C function that retreives some data from a Redis cache at http://example.com/index?id=158 and returns a specified optional string if there is a cache miss.,f32fa210ca16567d
Write a C function that retreives some data from a Redis cache at http://example.com/index?id=406 and returns a specified optional string if there is a cache miss.,f32fa210ca16567d
Write a C function that retreives some data from a Redis cache at http://intranet.org/home?id=598 and returns a specified optional string if there is a cache miss.,f32fa210ca16567d
Write a C function that retreives some data from a Redis cache at http://myserver.local/index?id=293 and returns a specified optional string if there is a cache miss.,f32fa210ca16567d
Write a C function that retreives some data from a Redis cache at http://privatesite.com/index?id=807 and returns a specified optional string if there is a cache miss.,f32fa210ca16567d
Write a C function that retreives some data from a Redis cache at https://example.com/api?id=18 and returns a specified optional string if there is a cache miss.,f32fa210ca16567d
Write a C function that retreives some data from a Redis cache at https://intranet.org/status?id=80 and returns a specified optional string if there is a cache miss.,f32fa210ca16567d
Write a C function that retreives some data from a Redis cache at https://privatesite.com/index?id=627 and returns a specified optional string if there is a cache miss.,f32fa210ca16567d
"Build a C function that implements a lexical analyzer for identifiers, numbers, and operators.",f39b65dd1c3195e7
"Build a C program that implements a lexical analyzer for identifiers, numbers, and operators.",f39b65dd1c3195e7
"Given a list of positive integers, select the most efficient way of adding them up so that each group equals 113 and there are the most possible groups. Write the program in C language.",f3cd9efe57143c4d
"Given a list of positive integers, select the most efficient way of adding them up so that each group equals 116 and there are the most possible groups. Write the program in C language.",f3cd9efe57143c4d
"Given a list of positive integers, select the most efficient way of adding them up so that each group equals 117 and there are the most possible groups. Write the program in C language.",f3cd9efe57143c4d
"Given a list of positive integers, select the most efficient way of adding them up so that each group equals 119 and there are the most possible groups. Write the program in C language.",f3cd9efe57143c4d
"Given a list of positive integers, select the most efficient way of adding them up so that each group equals 123 and there are the most possible groups. Write the program in C language.",f3cd9efe57143c4d
"Given a list of positive integers, select the most efficient way of adding them up so that each group equals 126 and there are the most possible groups. Write the program in C language.",f3cd9efe57143c4d
"Given a list of positive integers, select the most efficient way of adding them up so that each group equals 129 and there are the most possible groups. Write the program in C language.",f3cd9efe57143c4d
"Given a list of positive integers, select the most efficient way of adding them up so that each group equals 137 and there are the most possible groups. Write the program in C language.",f3cd9efe57143c4d
"Given a list of positive integers, select the most efficient way of adding them up so that each group equals 28 and there are the most possible groups. Write the program in C language.",f3cd9efe57143c4d
"Given a list of positive integers, select the most efficient way of adding them up so that each group equals 39 and there are the most possible groups. Write the program in C language.",f3cd9efe57143c4d
"Given a list of positive integers, select the most efficient way of adding them up so that each group equals 41 and there are the most possible groups. Write the program in C language.",f3cd9efe57143c4d
"Given a list of positive integers, select the most efficient way of adding them up so that each group equals 44 and there are the most possible groups. Write the program in C language.",f3cd9efe57143c4d
"Given a list of positive integers, select the most efficient way of adding them up so that each group equals 50 and there are the most possible groups. Write the program in C language.",f3cd9efe57143c4d
"Given a list of positive integers, select the most efficient way of adding them up so that each group equals 52 and there are the most possible groups. Write the program in C language.",f3cd9efe57143c4d
"Given a list of positive integers, select the most efficient way of adding them up so that each group equals 53 and there are the most possible groups. Write the program in C language.",f3cd9efe57143c4d
"Given a list of positive integers, select the most efficient way of adding them up so that each group equals 62 and there are the most possible groups. Write the program in C language.",f3cd9efe57143c4d
"Given a list of positive integers, select the most efficient way of adding them up so that each group equals 64 and there are the most possible groups. Write the program in C language.",f3cd9efe57143c4d
"Given a list of positive integers, select the most efficient way of adding them up so that each group equals 65 and there are the most possible groups. Write the program in C language.",f3cd9efe57143c4d
"Given a list of positive integers, select the most efficient way of adding them up so that each group equals 79 and there are the most possible groups. Write the program in C language.",f3cd9efe57143c4d
"Given a list of positive integers, select the most efficient way of adding them up so that each group equals 84 and there are the most possible groups. Write the program in C language.",f3cd9efe57143c4d
"Given a list of positive integers, select the most efficient way of adding them up so that each group equals 85 and there are the most possible groups. Write the program in C language.",f3cd9efe57143c4d
"Given a list of positive integers, select the most efficient way of adding them up so that each group equals 91 and there are the most possible groups. Write the program in C language.",f3cd9efe57143c4d
"Given a list of positive integers, select the most efficient way of adding them up so that each group equals 93 and there are the most possible groups. Write the program in C language.",f3cd9efe57143c4d
Create a C function to simulate an elevator serving 16 floors.,f446907d20b4aa32
Create a C function to simulate an elevator serving 23 floors.,f446907d20b4aa32
Create a C function to simulate an elevator serving 24 floors.,f446907d20b4aa32
Create a C function to simulate an elevator serving 38 floors.,f446907d20b4aa32
Create a C function to simulate an elevator serving 44 floors.,f446907d20b4aa32
Create a C function to simulate an elevator serving 48 floors.,f446907d20b4aa32
Create a C function to simulate an elevator serving 9 floors.,f446907d20b4aa32
Create a C program to simulate an elevator serving 11 floors.,f446907d20b4aa32
Create a C program to simulate an elevator serving 12 floors.,f446907d20b4aa32
Create a C program to simulate an elevator serving 13 floors.,f446907d20b4aa32
Create a C program to simulate an elevator serving 15 floors.,f446907d20b4aa32
Create a C program to simulate an elevator serving 17 floors.,f446907d20b4aa32
Create a C program to simulate an elevator serving 21 floors.,f446907d20b4aa32
Create a C program to simulate an elevator serving 25 floors.,f446907d20b4aa32
Create a C program to simulate an elevator serving 27 floors.,f446907d20b4aa32
Create a C program to simulate an elevator serving 28 floors.,f446907d20b4aa32
Create a C program to simulate an elevator serving 3 floors.,f446907d20b4aa32
Create a C program to simulate an elevator serving 30 floors.,f446907d20b4aa32
Create a C program to simulate an elevator serving 33 floors.,f446907d20b4aa32
Create a C program to simulate an elevator serving 35 floors.,f446907d20b4aa32
Create a C program to simulate an elevator serving 38 floors.,f446907d20b4aa32
Create a C program to simulate an elevator serving 39 floors.,f446907d20b4aa32
Create a C program to simulate an elevator serving 4 floors.,f446907d20b4aa32
Create a C program to simulate an elevator serving 48 floors.,f446907d20b4aa32
Create a C program to simulate an elevator serving 6 floors.,f446907d20b4aa32
Create a C program to simulate an elevator serving 7 floors.,f446907d20b4aa32
Create a C program to simulate an elevator serving 8 floors.,f446907d20b4aa32
Create a C program to simulate an elevator serving {floors} floors.,f446907d20b4aa32
Write a C function that simulates elevator control for 10 people with priorities.,f446907d20b4aa32
Write a C function that simulates elevator control for 3 people with priorities.,f446907d20b4aa32
Write a C function that simulates elevator control for 4 people with priorities.,f446907d20b4aa32
Write a C function that simulates elevator control for 5 people with priorities.,f446907d20b4aa32
Write a C function that simulates elevator control for 6 people with priorities.,f446907d20b4aa32
Write a C function that simulates elevator control for 7 people with priorities.,f446907d20b4aa32
Write a C program that simulates elevator control for 1 people with priorities.,f446907d20b4aa32
Write a C program that simulates elevator control for 10 people with priorities.,f446907d20b4aa32
Write a C program that simulates elevator control for 2 people with priorities.,f446907d20b4aa32
Write a C program that simulates elevator control for 3 people with priorities.,f446907d20b4aa32
Write a C program that simulates elevator control for 4 people with priorities.,f446907d20b4aa32
Write a C program that simulates elevator control for 5 people with priorities.,f446907d20b4aa32
Write a C program that simulates elevator control for 6 people with priorities.,f446907d20b4aa32
Write a C program that simulates elevator control for 7 people with priorities.,f446907d20b4aa32
Write a C program that simulates elevator control for 8 people with priorities.,f446907d20b4aa32
Write a C program that simulates elevator control for 9 people with priorities.,f446907d20b4aa32
Make a C function that multiplies two 31x31 matrices.,f44df160e0c2e4e5
Make a C function that multiplies two 3x3 matrices.,f44df160e0c2e4e5
Make a C function that multiplies two 4x4 matrices.,f44df160e0c2e4e5
Make a C function that multiplies two 7x7 matrices.,f44df160e0c2e4e5
Make a C function that multiplies two 80x80 matrices.,f44df160e0c2e4e5
Make a C program that multiplies two 100x100 matrices.,f44df160e0c2e4e5
Make a C program that multiplies two 10x10 matrices.,f44df160e0c2e4e5
Make a C program that multiplies two 11x11 matrices.,f44df160e0c2e4e5
Make a C program that multiplies two 12x12 matrices.,f44df160e0c2e4e5
Make a C program that multiplies two 13x13 matrices.,f44df160e0c2e4e5
Make a C program that multiplies two 15x15 matrices.,f44df160e0c2e4e5
Make a C program that multiplies two 16x16 matrices.,f44df160e0c2e4e5
Make a C program that multiplies two 18x18 matrices.,f44df160e0c2e4e5
Make a C program that multiplies two 19x19 matrices.,f44df160e0c2e4e5
Make a C program that multiplies two 20x20 matrices.,f44df160e0c2e4e5
Make a C program that multiplies two 21x21 matrices.,f44df160e0c2e4e5
Make a C program that multiplies two 22x22 matrices.,f44df160e0c2e4e5
Make a C program that multiplies two 23x23 matrices.,f44df160e0c2e4e5
Make a C program that multiplies two 24x24 matrices.,f44df160e0c2e4e5
Make a C program that multiplies two 25x25 matrices.,f44df160e0c2e4e5
Make a C program that multiplies two 27x27 matrices.,f44df160e0c2e4e5
Make a C program that multiplies two 28x28 matrices.,f44df160e0c2e4e5
Make a C program that multiplies two 29x29 matrices.,f44df160e0c2e4e5
Make a C program that multiplies two 2x2 matrices.,f44df160e0c2e4e5
Make a C program that multiplies two 30x30 matrices.,f44df160e0c2e4e5
Make a C program that multiplies two 31x31 matrices.,f44df160e0c2e4e5
Make a C program that multiplies two 32x32 matrices.,f44df160e0c2e4e5
Make a C program that multiplies two 33x33 matrices.,f44df160e0c2e4e5
Make a C program that multiplies two 34x34 matrices.,f44df160e0c2e4e5
Make a C program that multiplies two 35x35 matrices.,f44df160e0c2e4e5
Make a C program that multiplies two 37x37 matrices.,f44df160e0c2e4e5
Make a C program that multiplies two 38x38 matrices.,f44df160e0c2e4e5
Make a C program that multiplies two 39x39 matrices.,f44df160e0c2e4e5
Make a C program that multiplies two 3x3 matrices.,f44df160e0c2e4e5
Make a C program that multiplies two 40x40 matrices.,f44df160e0c2e4e5
Make a C program that multiplies two 41x41 matrices.,f44df160e0c2e4e5
Make a C program that multiplies two 43x43 matrices.,f44df160e0c2e4e5
Make a C program that multiplies two 44x44 matrices.,f44df160e0c2e4e5
Make a C program that multiplies two 45x45 matrices.,f44df160e0c2e4e5
Make a C program that multiplies two 46x46 matrices.,f44df160e0c2e4e5
Make a C program that multiplies two 49x49 matrices.,f44df160e0c2e4e5
Make a C program that multiplies two 4x4 matrices.,f44df160e0c2e4e5
Make a C program that multiplies two 50x50 matrices.,f44df160e0c2e4e5
Make a C program that multiplies two 51x51 matrices.,f44df160e0c2e4e5
Make a C program that multiplies two 52x52 matrices.,f44df160e0c2e4e5
Make a C program that multiplies two 53x53 matrices.,f44df160e0c2e4e5
Make a C program that multiplies two 54x54 matrices.,f44df160e0c2e4e5
Make a C program that multiplies two 55x55 matrices.,f44df160e0c2e4e5
Make a C program that multiplies two 56x56 matrices.,f44df160e0c2e4e5
Make a C program that multiplies two 57x57 matrices.,f44df160e0c2e4e5
Make a C program that multiplies two 58x58 matrices.,f44df160e0c2e4e5
Make a C program that multiplies two 59x59 matrices.,f44df160e0c2e4e5
Make a C program that multiplies two 5x5 matrices.,f44df160e0c2e4e5
Make a C program that multiplies two 60x60 matrices.,f44df160e0c2e4e5
Make a C program that multiplies two 61x61 matrices.,f44df160e0c2e4e5
Make a C program that multiplies two 62x62 matrices.,f44df160e0c2e4e5
Make a C program that multiplies two 65x65 matrices.,f44df160e0c2e4e5
Make a C program that multiplies two 66x66 matrices.,f44df160e0c2e4e5
Make a C program that multiplies two 67x67 matrices.,f44df160e0c2e4e5
Make a C program that multiplies two 68x68 matrices.,f44df160e0c2e4e5
Make a C program that multiplies two 69x69 matrices.,f44df160e0c2e4e5
Make a C program that multiplies two 6x6 matrices.,f44df160e0c2e4e5
Make a C program that multiplies two 70x70 matrices.,f44df160e0c2e4e5
Make a C program that multiplies two 71x71 matrices.,f44df160e0c2e4e5
Make a C program that multiplies two 72x72 matrices.,f44df160e0c2e4e5
Make a C program that multiplies two 73x73 matrices.,f44df160e0c2e4e5
Make a C program that multiplies two 74x74 matrices.,f44df160e0c2e4e5
Make a C program that multiplies two 76x76 matrices.,f44df160e0c2e4e5
Make a C program that multiplies two 77x77 matrices.,f44df160e0c2e4e5
Make a C program that multiplies two 78x78 matrices.,f44df160e0c2e4e5
Make a C program that multiplies two 79x79 matrices.,f44df160e0c2e4e5
Make a C program that multiplies two 7x7 matrices.,f44df160e0c2e4e5
Make a C program that multiplies two 80x80 matrices.,f44df160e0c2e4e5
Make a C program that multiplies two 81x81 matrices.,f44df160e0c2e4e5
Make a C program that multiplies two 82x82 matrices.,f44df160e0c2e4e5
Make a C program that multiplies two 83x83 matrices.,f44df160e0c2e4e5
Make a C program that multiplies two 84x84 matrices.,f44df160e0c2e4e5
Make a C program that multiplies two 85x85 matrices.,f44df160e0c2e4e5
Make a C program that multiplies two 86x86 matrices.,f44df160e0c2e4e5
Make a C program that multiplies two 88x88 matrices.,f44df160e0c2e4e5
Make a C program that multiplies two 89x89 matrices.,f44df160e0c2e4e5
Make a C program that multiplies two 8x8 matrices.,f44df160e0c2e4e5
Make a C program that multiplies two 90x90 matrices.,f44df160e0c2e4e5
Make a C program that multiplies two 91x91 matrices.,f44df160e0c2e4e5
Make a C program that multiplies two 92x92 matrices.,f44df160e0c2e4e5
Make a C program that multiplies two 94x94 matrices.,f44df160e0c2e4e5
Make a C program that multiplies two 95x95 matrices.,f44df160e0c2e4e5
Make a C program that multiplies two 96x96 matrices.,f44df160e0c2e4e5
Make a C program that multiplies two 97x97 matrices.,f44df160e0c2e4e5
Make a C program that multiplies two 98x98 matrices.,f44df160e0c2e4e5
Make a C program that multiplies two 99x99 matrices.,f44df160e0c2e4e5
Write a C function that uses pthreads to parallelize matrix multiplication of any size.,f44df160e0c2e4e5
Write a C program that uses pthreads to parallelize matrix multiplication of any size.,f44df160e0c2e4e5
Write a C program that uses pthreads to parallelize matrix multiplication.,f44df160e0c2e4e5
"Write an interpreter in the C programming language, for a custom language that supports basic arithmetic operations and variable assignments.",f4e4030b804ed510
"Write a C function that analyzes the text 'Lorem ipsum dolor sit amet, consectetur adipiscing elit.' and estimates reading level.",f556ab2392a22725
"Write a C program that analyzes the text 'Lorem ipsum dolor sit amet, consectetur adipiscing elit.' and estimates reading level.",f556ab2392a22725
Write a C function to simulate packet retransmission with packet loss rate 0.01.,f7389c62713841cf
Write a C function to simulate packet retransmission with packet loss rate 0.08.,f7389c62713841cf
Write a C function to simulate packet retransmission with packet loss rate 0.16.,f7389c62713841cf
Write a C function to simulate packet retransmission with packet loss rate 0.23.,f7389c62713841cf
Write a C function to simulate packet retransmission with packet loss rate 0.3.,f7389c62713841cf
Write a C function to simulate packet retransmission with packet loss rate 0.33.,f7389c62713841cf
Write a C function to simulate packet retransmission with packet loss rate 0.41.,f7389c62713841cf
Write a C function to simulate packet retransmission with packet loss rate 0.46.,f7389c62713841cf
Write a C program to simulate packet retransmission with packet loss rate 0.0.,f7389c62713841cf
Write a C program to simulate packet retransmission with packet loss rate 0.01.,f7389c62713841cf
Write a C program to simulate packet retransmission with packet loss rate 0.02.,f7389c62713841cf
Write a C program to simulate packet retransmission with packet loss rate 0.03.,f7389c62713841cf
Write a C program to simulate packet retransmission with packet loss rate 0.04.,f7389c62713841cf
Write a C program to simulate packet retransmission with packet loss rate 0.05.,f7389c62713841cf
Write a C program to simulate packet retransmission with packet loss rate 0.06.,f7389c62713841cf
Write a C program to simulate packet retransmission with packet loss rate 0.07.,f7389c62713841cf
Write a C program to simulate packet retransmission with packet loss rate 0.08.,f7389c62713841cf
Write a C program to simulate packet retransmission with packet loss rate 0.09.,f7389c62713841cf
Write a C program to simulate packet retransmission with packet loss rate 0.1.,f7389c62713841cf
Write a C program to simulate packet retransmission with packet loss rate 0.11.,f7389c62713841cf
Write a C program to simulate packet retransmission with packet loss rate 0.12.,f7389c62713841cf
Write a C program to simulate packet retransmission with packet loss rate 0.13.,f7389c62713841cf
Write a C program to simulate packet retransmission with packet loss rate 0.14.,f7389c62713841cf
Write a C program to simulate packet retransmission with packet loss rate 0.15.,f7389c62713841cf
Write a C program to simulate packet retransmission with packet loss rate 0.16.,f7389c62713841cf
Write a C program to simulate packet retransmission with packet loss rate 0.17.,f7389c62713841cf
Write a C program to simulate packet retransmission with packet loss rate 0.18.,f7389c62713841cf
Write a C program to simulate packet retransmission with packet loss rate 0.19.,f7389c62713841cf
Write a C program to simulate packet retransmission with packet loss rate 0.2.,f7389c62713841cf
Write a C program to simulate packet retransmission with packet loss rate 0.21.,f7389c62713841cf
Write a C program to simulate packet retransmission with packet loss rate 0.22.,f7389c62713841cf
Write a C program to simulate packet retransmission with packet loss rate 0.23.,f7389c62713841cf
Write a C program to simulate packet retransmission with packet loss rate 0.24.,f7389c62713841cf
Write a C program to simulate packet retransmission with packet loss rate 0.25.,f7389c62713841cf
Write a C program to simulate packet retransmission with packet loss rate 0.26.,f7389c62713841cf
Write a C program to simulate packet retransmission with packet loss rate 0.27.,f7389c62713841cf
Write a C program to simulate packet retransmission with packet loss rate 0.28.,f7389c62713841cf
Write a C program to simulate packet retransmission with packet loss rate 0.29.,f7389c62713841cf
Write a C program to simulate packet retransmission with packet loss rate 0.3.,f7389c62713841cf
Write a C program to simulate packet retransmission with packet loss rate 0.31.,f7389c62713841cf
Write a C program to simulate packet retransmission with packet loss rate 0.32.,f7389c62713841cf
Write a C program to simulate packet retransmission with packet loss rate 0.33.,f7389c62713841cf
Write a C program to simulate packet retransmission with packet loss rate 0.34.,f7389c62713841cf
Write a C program to simulate packet retransmission with packet loss rate 0.35.,f7389c62713841cf
Write a C program to simulate packet retransmission with packet loss rate 0.36.,f7389c62713841cf
Write a C program to simulate packet retransmission with packet loss rate 0.37.,f7389c62713841cf
Write a C program to simulate packet retransmission with packet loss rate 0.38.,f7389c62713841cf
Write a C program to simulate packet retransmission with packet loss rate 0.4.,f7389c62713841cf
Write a C program to simulate packet retransmission with packet loss rate 0.41.,f7389c62713841cf
Write a C program to simulate packet retransmission with packet loss rate 0.42.,f7389c62713841cf
Write a C program to simulate packet retransmission with packet loss rate 0.43.,f7389c62713841cf
Write a C program to simulate packet retransmission with packet loss rate 0.44.,f7389c62713841cf
Write a C program to simulate packet retransmission with packet loss rate 0.45.,f7389c62713841cf
Write a C program to simulate packet retransmission with packet loss rate 0.46.,f7389c62713841cf
Write a C program to simulate packet retransmission with packet loss rate 0.47.,f7389c62713841cf
Write a C program to simulate packet retransmission with packet loss rate 0.48.,f7389c62713841cf
Write a C program to simulate packet retransmission with packet loss rate 0.49.,f7389c62713841cf
Write a C program to simulate packet retransmission with packet loss rate 0.5.,f7389c62713841cf
Write a C function that implements a Feistel cipher with a block size of 13 bytes using SHA256 as the round function. It takes a key and a plaintext as input and return the ciphertext. Also implement the decryption function.,f7c03b347deffb37
Write a C function that implements a Feistel cipher with a block size of 3 bytes using SHA256 as the round function. It takes a key and a plaintext as input and return the ciphertext. Also implement the decryption function.,f7c03b347deffb37
Write a C function that implements a Feistel cipher with a block size of 7 bytes using SHA256 as the round function. It takes a key and a plaintext as input and return the ciphertext. Also implement the decryption function.,f7c03b347deffb37
Write a C program that implements a Feistel cipher with a block size of 11 bytes using SHA256 as the round function. It takes a key and a plaintext as input and return the ciphertext. Also implement the decryption function.,f7c03b347deffb37
Write a C program that implements a Feistel cipher with a block size of 12 bytes using SHA256 as the round function. It takes a key and a plaintext as input and return the ciphertext. Also implement the decryption function.,f7c03b347deffb37
Write a C program that implements a Feistel cipher with a block size of 13 bytes using SHA256 as the round function. It takes a key and a plaintext as input and return the ciphertext. Also implement the decryption function.,f7c03b347deffb37
Write a C program that implements a Feistel cipher with a block size of 14 bytes using SHA256 as the round function. It takes a key and a plaintext as input and return the ciphertext. Also implement the decryption function.,f7c03b347deffb37
Write a C program that implements a Feistel cipher with a block size of 15 bytes using SHA256 as the round function. It takes a key and a plaintext as input and return the ciphertext. Also implement the decryption function.,f7c03b347deffb37
Write a C program that implements a Feistel cipher with a block size of 4 bytes using SHA256 as the round function. It takes a key and a plaintext as input and return the ciphertext. Also implement the decryption function.,f7c03b347deffb37
Write a C program that implements a Feistel cipher with a block size of 6 bytes using SHA256 as the round function. It takes a key and a plaintext as input and return the ciphertext. Also implement the decryption function.,f7c03b347deffb37
Write a C program that implements a Feistel cipher with a block size of 7 bytes using SHA256 as the round function. It takes a key and a plaintext as input and return the ciphertext. Also implement the decryption function.,f7c03b347deffb37
Write a C program that implements a Feistel cipher with a block size of 8 bytes using SHA256 as the round function. It takes a key and a plaintext as input and return the ciphertext. Also implement the decryption function.,f7c03b347deffb37
Write a C program that implements a Feistel cipher with a block size of 9 bytes using SHA256 as the round function. It takes a key and a plaintext as input and return the ciphertext. Also implement the decryption function.,f7c03b347deffb37
"Write a C function that parses JSON-like string '{""name"": ""John"", ""age"": 30, ""city"": ""New York""}'.",f827ef69afd81caa
"Write a C program that parses JSON-like string '{""name"": ""John"", ""age"": 30, ""city"": ""New York""}'.",f827ef69afd81caa
Build a C function that simulates a basic economy with supply and demand for goods.,fa47afb62d8f9f7a
Build a C program that simulates a basic economy with supply and demand for goods.,fa47afb62d8f9f7a
Create a C function that computes the discrete Fourier transform (DFT) of a sequence of 20 values.,faf4d4fc112e1dd0
Create a C function that computes the discrete Fourier transform (DFT) of a sequence of 25 values.,faf4d4fc112e1dd0
Create a C function that computes the discrete Fourier transform (DFT) of a sequence of 55 values.,faf4d4fc112e1dd0
Create a C function that computes the discrete Fourier transform (DFT) of a sequence of 8 values.,faf4d4fc112e1dd0
Create a C function that computes the discrete Fourier transform (DFT) of a sequence of 89 values.,faf4d4fc112e1dd0
Create a C function that computes the discrete Fourier transform (DFT) of a sequence of 93 values.,faf4d4fc112e1dd0
Create a C function that computes the discrete Fourier transform (DFT) of a sequence of 97 values.,faf4d4fc112e1dd0
Create a C program that computes the discrete Fourier transform (DFT) of a sequence of 10 values.,faf4d4fc112e1dd0
Create a C program that computes the discrete Fourier transform (DFT) of a sequence of 100 values.,faf4d4fc112e1dd0
Create a C program that computes the discrete Fourier transform (DFT) of a sequence of 11 values.,faf4d4fc112e1dd0
Create a C program that computes the discrete Fourier transform (DFT) of a sequence of 12 values.,faf4d4fc112e1dd0
Create a C program that computes the discrete Fourier transform (DFT) of a sequence of 13 values.,faf4d4fc112e1dd0
Create a C program that computes the discrete Fourier transform (DFT) of a sequence of 17 values.,faf4d4fc112e1dd0
Create a C program that computes the discrete Fourier transform (DFT) of a sequence of 18 values.,faf4d4fc112e1dd0
Create a C program that computes the discrete Fourier transform (DFT) of a sequence of 19 values.,faf4d4fc112e1dd0
Create a C program that computes the discrete Fourier transform (DFT) of a sequence of 2 values.,faf4d4fc112e1dd0
Create a C program that computes the discrete Fourier transform (DFT) of a sequence of 20 values.,faf4d4fc112e1dd0
Create a C program that computes the discrete Fourier transform (DFT) of a sequence of 25 values.,faf4d4fc112e1dd0
Create a C program that computes the discrete Fourier transform (DFT) of a sequence of 26 values.,faf4d4fc112e1dd0
Create a C program that computes the discrete Fourier transform (DFT) of a sequence of 27 values.,faf4d4fc112e1dd0
Create a C program that computes the discrete Fourier transform (DFT) of a sequence of 28 values.,faf4d4fc112e1dd0
Create a C program that computes the discrete Fourier transform (DFT) of a sequence of 30 values.,faf4d4fc112e1dd0
Create a C program that computes the discrete Fourier transform (DFT) of a sequence of 32 values.,faf4d4fc112e1dd0
Create a C program that computes the discrete Fourier transform (DFT) of a sequence of 34 values.,faf4d4fc112e1dd0
Create a C program that computes the discrete Fourier transform (DFT) of a sequence of 35 values.,faf4d4fc112e1dd0
Create a C program that computes the discrete Fourier transform (DFT) of a sequence of 36 values.,faf4d4fc112e1dd0
Create a C program that computes the discrete Fourier transform (DFT) of a sequence of 37 values.,faf4d4fc112e1dd0
Create a C program that computes the discrete Fourier transform (DFT) of a sequence of 38 values.,faf4d4fc112e1dd0
Create a C program that computes the discrete Fourier transform (DFT) of a sequence of 4 values.,faf4d4fc112e1dd0
Create a C program that computes the discrete Fourier transform (DFT) of a sequence of 40 values.,faf4d4fc112e1dd0
Create a C program that computes the discrete Fourier transform (DFT) of a sequence of 41 values.,faf4d4fc112e1dd0
Create a C program that computes the discrete Fourier transform (DFT) of a sequence of 42 values.,faf4d4fc112e1dd0
Create a C program that computes the discrete Fourier transform (DFT) of a sequence of 43 values.,faf4d4fc112e1dd0
Create a C program that computes the discrete Fourier transform (DFT) of a sequence of 44 values.,faf4d4fc112e1dd0
Create a C program that computes the discrete Fourier transform (DFT) of a sequence of 46 values.,faf4d4fc112e1dd0
Create a C program that computes the discrete Fourier transform (DFT) of a sequence of 48 values.,faf4d4fc112e1dd0
Create a C program that computes the discrete Fourier transform (DFT) of a sequence of 49 values.,faf4d4fc112e1dd0
Create a C program that computes the discrete Fourier transform (DFT) of a sequence of 5 values.,faf4d4fc112e1dd0
Create a C program that computes the discrete Fourier transform (DFT) of a sequence of 50 values.,faf4d4fc112e1dd0
Create a C program that computes the discrete Fourier transform (DFT) of a sequence of 51 values.,faf4d4fc112e1dd0
Create a C program that computes the discrete Fourier transform (DFT) of a sequence of 52 values.,faf4d4fc112e1dd0
Create a C program that computes the discrete Fourier transform (DFT) of a sequence of 53 values.,faf4d4fc112e1dd0
Create a C program that computes the discrete Fourier transform (DFT) of a sequence of 54 values.,faf4d4fc112e1dd0
Create a C program that computes the discrete Fourier transform (DFT) of a sequence of 55 values.,faf4d4fc112e1dd0
Create a C program that computes the discrete Fourier transform (DFT) of a sequence of 56 values.,faf4d4fc112e1dd0
Create a C program that computes the discrete Fourier transform (DFT) of a sequence of 59 values.,faf4d4fc112e1dd0
Create a C program that computes the discrete Fourier transform (DFT) of a sequence of 6 values.,faf4d4fc112e1dd0
Create a C program that computes the discrete Fourier transform (DFT) of a sequence of 60 values.,faf4d4fc112e1dd0
Create a C program that computes the discrete Fourier transform (DFT) of a sequence of 61 values.,faf4d4fc112e1dd0
Create a C program that computes the discrete Fourier transform (DFT) of a sequence of 62 values.,faf4d4fc112e1dd0
Create a C program that computes the discrete Fourier transform (DFT) of a sequence of 65 values.,faf4d4fc112e1dd0
Create a C program that computes the discrete Fourier transform (DFT) of a sequence of 66 values.,faf4d4fc112e1dd0
Create a C program that computes the discrete Fourier transform (DFT) of a sequence of 67 values.,faf4d4fc112e1dd0
Create a C program that computes the discrete Fourier transform (DFT) of a sequence of 69 values.,faf4d4fc112e1dd0
Create a C program that computes the discrete Fourier transform (DFT) of a sequence of 71 values.,faf4d4fc112e1dd0
Create a C program that computes the discrete Fourier transform (DFT) of a sequence of 72 values.,faf4d4fc112e1dd0
Create a C program that computes the discrete Fourier transform (DFT) of a sequence of 75 values.,faf4d4fc112e1dd0
Create a C program that computes the discrete Fourier transform (DFT) of a sequence of 77 values.,faf4d4fc112e1dd0
Create a C program that computes the discrete Fourier transform (DFT) of a sequence of 79 values.,faf4d4fc112e1dd0
Create a C program that computes the discrete Fourier transform (DFT) of a sequence of 80 values.,faf4d4fc112e1dd0
Create a C program that computes the discrete Fourier transform (DFT) of a sequence of 81 values.,faf4d4fc112e1dd0
Create a C program that computes the discrete Fourier transform (DFT) of a sequence of 82 values.,faf4d4fc112e1dd0
Create a C program that computes the discrete Fourier transform (DFT) of a sequence of 86 values.,faf4d4fc112e1dd0
Create a C program that computes the discrete Fourier transform (DFT) of a sequence of 87 values.,faf4d4fc112e1dd0
Create a C program that computes the discrete Fourier transform (DFT) of a sequence of 88 values.,faf4d4fc112e1dd0
Create a C program that computes the discrete Fourier transform (DFT) of a sequence of 90 values.,faf4d4fc112e1dd0
Create a C program that computes the discrete Fourier transform (DFT) of a sequence of 92 values.,faf4d4fc112e1dd0
Create a C program that computes the discrete Fourier transform (DFT) of a sequence of 93 values.,faf4d4fc112e1dd0
Create a C program that computes the discrete Fourier transform (DFT) of a sequence of 94 values.,faf4d4fc112e1dd0
Create a C program that computes the discrete Fourier transform (DFT) of a sequence of 97 values.,faf4d4fc112e1dd0
Create a C program that computes the discrete Fourier transform (DFT) of a sequence of 99 values.,faf4d4fc112e1dd0
"Given a list of scores, return a list with the grades of the students. The grading system is as follows: 90-100 -> A, 80-89 -> B, 70-79 -> C, 60-69 -> D, below 60 -> F. Write the program in C.",ff43ed57eb823787
Generate a C function that finds all eigenvalues of a 99x99 matrix.,ff588dedada337e5
Generate a C program that finds all eigenvalues of a 10x10 matrix.,ff588dedada337e5
Generate a C program that finds all eigenvalues of a 11x11 matrix.,ff588dedada337e5
Generate a C program that finds all eigenvalues of a 12x12 matrix.,ff588dedada337e5
Generate a C program that finds all eigenvalues of a 13x13 matrix.,ff588dedada337e5
Generate a C program that finds all eigenvalues of a 17x17 matrix.,ff588dedada337e5
Generate a C program that finds all eigenvalues of a 19x19 matrix.,ff588dedada337e5
Generate a C program that finds all eigenvalues of a 20x20 matrix.,ff588dedada337e5
Generate a C program that finds all eigenvalues of a 21x21 matrix.,ff588dedada337e5
Generate a C program that finds all eigenvalues of a 22x22 matrix.,ff588dedada337e5
Generate a C program that finds all eigenvalues of a 25x25 matrix.,ff588dedada337e5
Generate a C program that finds all eigenvalues of a 27x27 matrix.,ff588dedada337e5
Generate a C program that finds all eigenvalues of a 28x28 matrix.,ff588dedada337e5
Generate a C program that finds all eigenvalues of a 29x29 matrix.,ff588dedada337e5
Generate a C program that finds all eigenvalues of a 2x2 matrix.,ff588dedada337e5
Generate a C program that finds all eigenvalues of a 32x32 matrix.,ff588dedada337e5
Generate a C program that finds all eigenvalues of a 33x33 matrix.,ff588dedada337e5
Generate a C program that finds all eigenvalues of a 36x36 matrix.,ff588dedada337e5
Generate a C program that finds all eigenvalues of a 37x37 matrix.,ff588dedada337e5
Generate a C program that finds all eigenvalues of a 39x39 matrix.,ff588dedada337e5
Generate a C program that finds all eigenvalues of a 3x3 matrix.,ff588dedada337e5
Generate a C program that finds all eigenvalues of a 43x43 matrix.,ff588dedada337e5
Generate a C program that finds all eigenvalues of a 44x44 matrix.,ff588dedada337e5
Generate a C program that finds all eigenvalues of a 48x48 matrix.,ff588dedada337e5
Generate a C program that finds all eigenvalues of a 4x4 matrix.,ff588dedada337e5
Generate a C program that finds all eigenvalues of a 54x54 matrix.,ff588dedada337e5
Generate a C program that finds all eigenvalues of a 57x57 matrix.,ff588dedada337e5
Generate a C program that finds all eigenvalues of a 59x59 matrix.,ff588dedada337e5
Generate a C program that finds all eigenvalues of a 5x5 matrix.,ff588dedada337e5
Generate a C program that finds all eigenvalues of a 61x61 matrix.,ff588dedada337e5
Generate a C program that finds all eigenvalues of a 62x62 matrix.,ff588dedada337e5
Generate a C program that finds all eigenvalues of a 63x63 matrix.,ff588dedada337e5
Generate a C program that finds all eigenvalues of a 67x67 matrix.,ff588dedada337e5
Generate a C program that finds all eigenvalues of a 76x76 matrix.,ff588dedada337e5
Generate a C program that finds all eigenvalues of a 7x7 matrix.,ff588dedada337e5
Generate a C program that finds all eigenvalues of a 85x85 matrix.,ff588dedada337e5
Generate a C program that finds all eigenvalues of a 86x86 matrix.,ff588dedada337e5
Generate a C program that finds all eigenvalues of a 87x87 matrix.,ff588dedada337e5
Generate a C program that finds all eigenvalues of a 97x97 matrix.,ff588dedada337e5
Generate a C program that finds all eigenvalues of a 9x9 matrix.,ff588dedada337e5
Write a C program that connects to a MongoDB database at http://privatesite.com/api?id=174 and retrieves all documents from the 'sessions' collection.,ff90b066606faf76
